landseg,afo,alf,bar,ext,for,hom,hvf,hwm,hyo,hyw,imh,iml,lwm,pas,puh,pul,trp,urs,css,nal,nhi,nho,nhy,nlo,npa
A10001,425.9199539,0.165,0.75,0.6563,0.052,4.0717,0.225,0.6172,0.12,0.2944,5.8015,5.8015,0.5066,0.5409,0.1987,0.1987,25.6935,12.6,5.8015,0.132,0.4938,3.2573,0.2355,0.4053,0.4327
A10003,203.5320438,0.165,0.75,0.6563,0.0554,2.608,0.225,0.6004,0.12,0.2223,6.5035,6.5035,0.4928,0.4548,0.3809,0.3808,21.6037,12.6,6.5035,0.132,0.4803,2.0864,0.1778,0.3942,0.3639
A10005,1394.81818,0.165,0.75,0.6563,0.0593,4.4184,0.225,0.6976,0.12,0.3547,6.8416,6.8416,0.5723,0.5396,0.3161,0.3161,25.6297,12.6,6.8416,0.132,0.5581,3.5347,0.2837,0.4579,0.4317
A11001,4.5,0.165,0.75,0.6563,0.0637,2.1187,0.225,0.6253,0.12,0.2388,6.765,6.7649,0.5116,0.1998,0.1883,0.1879,9.4926,12.6,6.765,0.132,0.5002,1.695,0.191,0.4093,0.1599
A24001,17.69705767,0.165,0.75,0.6563,0.0387,2.3963,0.225,0.9527,0.12,0.4824,3.8296,3.8296,0.7811,0.2465,0.173,0.1729,11.707,12.6,3.8296,0.132,0.7622,1.917,0.3859,0.6249,0.1972
A24003,55.49508962,0.165,0.75,0.6563,0.058,2.0339,0.225,0.6149,0.12,0.2839,6.5548,6.5548,0.5047,0.3251,0.3599,0.3598,15.4442,12.6,6.5548,0.132,0.4919,1.6271,0.2271,0.4038,0.2601
A24005,26.06010017,0.165,0.75,0.6563,0.0571,2.7389,0.225,0.687,0.12,0.5369,6.3515,6.3515,0.5636,0.3762,0.2569,0.2568,17.871,12.6,6.3515,0.132,0.5496,2.1911,0.4295,0.4509,0.301
A24009,20.21807965,0.165,0.75,0.6563,0.0496,2.4697,0.225,0.6666,0.12,0.3056,5.6419,5.6419,0.547,0.2692,0.225,0.225,12.7893,12.6,5.6419,0.132,0.5333,1.9757,0.2444,0.4376,0.2154
A24011,906.5437527,0.165,0.75,0.6563,0.0576,3.0005,0.225,0.7518,0.12,0.3363,6.6999,6.6998,0.6167,0.4639,0.3765,0.3765,22.0332,12.6,6.6999,0.132,0.6015,2.4004,0.269,0.4934,0.3711
A24013,45,0.165,0.75,0.6563,0.0547,3.7716,0.225,0.7282,0.12,0.5139,5.9699,5.9699,0.5974,0.4164,0.2405,0.2405,19.7767,12.6,5.9699,0.132,0.5826,3.0173,0.4111,0.4779,0.3331
A24015,143.4004565,0.165,0.75,0.6563,0.0545,2.6764,0.225,0.7147,0.12,0.5285,6.1943,6.1943,0.5864,0.3981,0.2264,0.2263,18.9121,12.6,6.1943,0.132,0.5718,2.1412,0.4228,0.4691,0.3185
A24017,28.31880551,0.165,0.75,0.6563,0.0482,2.0349,0.225,0.6226,0.12,0.2625,5.1525,5.1525,0.511,0.295,0.2348,0.2346,14.0108,12.6,5.1525,0.132,0.4981,1.6279,0.21,0.4088,0.236
A24019,1287.455922,0.165,0.75,0.6563,0.0448,2.8506,0.225,0.5828,0.12,0.3196,5.2239,5.2239,0.4784,0.3316,0.3253,0.3253,15.7509,12.6,5.2239,0.132,0.4662,2.2805,0.2556,0.3827,0.2653
A24021,40.8703089,0.165,0.75,0.6563,0.0531,2.4252,0.225,0.7503,0.12,0.4987,5.5381,5.5381,0.6155,0.4715,0.2311,0.231,22.3952,12.6,5.5381,0.132,0.6003,1.9401,0.3989,0.4924,0.3772
A24023,31.81530025,0.165,0.75,0.6563,0.0519,2.5414,0.225,0.9091,0.12,0.4911,6.6787,6.6787,0.7454,0.306,0.4185,0.4185,14.5365,12.6,6.6787,0.132,0.7273,2.0332,0.3929,0.5963,0.2448
A24025,19.07991625,0.165,0.75,0.6563,0.0543,2.7607,0.225,0.7021,0.12,0.5055,6.3655,6.3656,0.576,0.3878,0.3136,0.3136,18.4186,12.6,6.3655,0.132,0.5617,2.2086,0.4044,0.4608,0.3102
A24027,19.39506571,0.165,0.75,0.6563,0.0574,1.9668,0.225,0.6992,0.12,0.5348,6.31,6.31,0.5737,0.3679,0.2541,0.2541,17.4774,12.6,6.31,0.132,0.5594,1.5734,0.4278,0.459,0.2944
A24029,659.6933823,0.165,0.75,0.6563,0.0541,2.4996,0.225,0.7612,0.12,0.2411,6.2436,6.2436,0.6243,0.3787,0.3585,0.3585,17.99,12.6,6.2436,0.132,0.6089,1.9997,0.1929,0.4995,0.303
A24031,23.71890081,0.165,0.75,0.6563,0.0565,1.9094,0.225,0.6173,0.12,0.5135,5.8918,5.8919,0.5066,0.379,0.212,0.2119,18.0027,12.6,5.8918,0.132,0.4938,1.5275,0.4108,0.4053,0.3032
A24033,69.20875698,0.165,0.75,0.6563,0.0552,2.4294,0.225,0.6963,0.12,0.2916,5.8759,5.8759,0.5712,0.3474,0.2063,0.2062,16.5034,12.6,5.8759,0.132,0.557,1.9435,0.2332,0.457,0.278
A24035,458.8100766,0.165,0.75,0.6563,0.0528,3.2847,0.225,0.6769,0.12,0.2322,6.0147,6.0146,0.5554,0.4041,0.2786,0.2786,19.1954,12.6,6.0147,0.132,0.5415,2.6277,0.1858,0.4443,0.3233
A24037,37.45685294,0.165,0.75,0.6563,0.045,2.2292,0.225,0.6311,0.12,0.2292,4.9691,4.9691,0.5179,0.3286,0.2066,0.2065,15.6067,12.6,4.9691,0.132,0.5049,1.7833,0.1834,0.4143,0.2629
A24039,1361.236889,0.165,0.75,0.6563,0.0511,2.8159,0.225,0.56,0.12,0.3054,6.1629,6.1629,0.4598,0.4231,0.3615,0.3616,20.096,12.6,6.1629,0.132,0.448,2.2528,0.2443,0.3678,0.3385
A24041,594.6567911,0.165,0.75,0.6563,0.049,2.8317,0.225,0.6419,0.12,0.2778,5.7345,5.7345,0.5267,0.379,0.3464,0.3464,18.0047,12.6,5.7345,0.132,0.5135,2.2654,0.2222,0.4214,0.3032
A24043,75.45896071,0.165,0.75,0.6563,0.0492,2.3942,0.225,0.7797,0.12,0.4602,4.9172,4.9172,0.6395,0.4079,0.1914,0.1914,19.3734,12.6,4.9172,0.132,0.6237,1.9154,0.3682,0.5116,0.3263
A24045,1249.290082,0.165,0.75,0.6563,0.0549,2.6173,0.225,0.6545,0.12,0.2968,6.4377,6.4377,0.5371,0.5473,0.2681,0.2681,25.9948,12.6,6.4377,0.132,0.5236,2.0938,0.2374,0.4297,0.4378
A24047,1338.54098,0.165,0.75,0.6563,0.0479,2.6633,0.225,0.5911,0.12,0.3476,5.5951,5.5951,0.4852,0.3618,0.2569,0.2569,17.1833,12.6,5.5951,0.132,0.4728,2.1306,0.2781,0.3881,0.2894
A24510,4.5,0.165,0.75,0.6563,0.0663,2.7093,0.225,0.7115,0.12,0.5768,7.5373,7.5372,0.5821,0.2009,0.3774,0.3773,9.5407,12.6,7.5373,0.132,0.5692,2.1675,0.4615,0.4657,0.1607
A36003,134.7753342,0.165,0.75,0.6563,0.0426,3.0617,0.225,1.0782,0.12,0.1979,4.2103,4.2103,0.8838,0.2711,0.2332,0.233,12.8759,12.6,4.2103,0.132,0.8626,2.4493,0.1583,0.707,0.2169
A36007,145.7406769,0.165,0.75,0.6563,0.0426,2.5907,0.225,1.1496,0.12,0.2231,4.4847,4.4847,0.9421,0.2699,0.2918,0.2917,12.821,12.6,4.4847,0.132,0.9197,2.0725,0.1785,0.7537,0.2159
A36015,114.0237,0.165,0.75,0.6563,0.0408,2.7021,0.225,0.9976,0.12,0.2404,3.8892,3.8892,0.7864,0.2521,0.2092,0.2089,11.9756,12.6,3.8892,0.132,0.798,2.1617,0.1923,0.6291,0.2017
A36017,200.3484011,0.165,0.75,0.6563,0.0422,3.0642,0.225,1.1651,0.12,0.1988,4.8698,4.8698,0.9548,0.2763,0.3483,0.3482,13.1265,12.6,4.8698,0.132,0.9321,2.4514,0.1591,0.7639,0.2211
A36023,238.2834415,0.165,0.75,0.6563,0.0455,2.5482,0.225,1.1535,0.12,0.1578,5.2525,5.2525,0.9453,0.2849,0.3608,0.3606,13.5347,12.6,5.2525,0.132,0.9228,2.0386,0.1263,0.7562,0.228
A36025,182.9715772,0.165,0.75,0.6563,0.0401,2.5432,0.225,1.2056,0.12,0.2121,4.3966,4.3966,1.0087,0.2632,0.2942,0.2941,12.5027,12.6,4.3966,0.132,0.9644,2.0346,0.1697,0.807,0.2106
A36043,236.1774634,0.165,0.75,0.6563,0.0382,2.9535,0.225,1.104,0.12,0.1872,4.8261,4.8263,0.9048,0.2885,0.3285,0.3284,13.7031,12.6,4.8261,0.132,0.8832,2.3628,0.1498,0.7238,0.2308
A36051,264.7198689,0.165,0.75,0.6563,0.0437,2.9821,0.225,1.0503,0.12,0.2153,4.2839,4.2839,0.8609,0.3094,0.2609,0.2608,14.6988,12.6,4.2839,0.132,0.8403,2.3857,0.1723,0.6887,0.2476
A36053,281.1903243,0.165,0.75,0.6563,0.0468,2.272,0.225,1.0517,0.12,0.1957,5.5063,5.5064,0.8621,0.3055,0.3303,0.3303,14.5129,12.6,5.5063,0.132,0.8414,1.8176,0.1566,0.6897,0.2444
A36065,211.3825165,0.165,0.75,0.6563,0.0424,4.2012,0.225,1.0115,0.12,0.1795,5.2438,5.2438,0.8292,0.289,0.3315,0.3315,13.7279,12.6,5.2438,0.132,0.8092,3.361,0.1436,0.6633,0.2312
A36067,327.8454866,0.165,0.75,0.6563,0.05,2.4152,0.225,0.9773,0.12,0.2028,5.8388,5.8388,0.8011,0.3574,0.3658,0.3657,16.9778,12.6,5.8388,0.132,0.7818,1.9322,0.1622,0.6409,0.2859
A36069,252.6683903,0.165,0.75,0.6563,0.046,3.1303,0.225,0.9713,0.12,0.2674,4.3163,4.3163,0.7962,0.3347,0.2394,0.2393,15.8983,12.6,4.3163,0.132,0.777,2.5043,0.2139,0.637,0.2678
A36077,175.2560051,0.165,0.75,0.6563,0.0412,2.6474,0.225,1.0562,0.12,0.2069,4.4977,4.4977,0.8657,0.27,0.3148,0.3148,12.825,12.6,4.4977,0.132,0.845,2.1179,0.1655,0.6926,0.216
A36095,156.7231358,0.165,0.75,0.6563,0.0404,2.4426,0.225,1.0561,0.12,0.2154,4.5208,4.5208,0.8656,0.2789,0.3121,0.3121,13.2469,12.6,4.5208,0.132,0.8448,1.9541,0.1723,0.6925,0.2231
A36097,130.5935761,0.165,0.75,0.6563,0.0427,2.6675,0.225,1.0328,0.12,0.2477,4.1376,4.1375,0.8465,0.2584,0.2438,0.2437,12.275,12.6,4.1376,0.132,0.8262,2.134,0.1981,0.6772,0.2067
A36101,154.364994,0.165,0.75,0.6563,0.0401,2.3539,0.225,0.98,0.12,0.2116,3.479,3.4789,0.8034,0.2559,0.1864,0.1863,12.1571,12.6,3.479,0.132,0.784,1.8831,0.1693,0.6427,0.2048
A36107,170.816162,0.165,0.75,0.6563,0.0415,2.537,0.225,1.1265,0.12,0.2306,4.1553,4.1553,0.9232,0.2758,0.266,0.2659,13.1017,12.6,4.1553,0.132,0.9012,2.0296,0.1845,0.7386,0.2207
A36109,196.8779912,0.165,0.75,0.6563,0.0444,2.3431,0.225,0.9975,0.12,0.1998,4.8323,4.8323,0.8177,0.3135,0.3192,0.3191,14.8913,12.6,4.8323,0.132,0.798,1.8745,0.1598,0.6541,0.2508
A36123,133.2359115,0.165,0.75,0.6563,0.0423,2.8008,0.225,1.0087,0.12,0.2698,4.0205,4.0207,0.8269,0.3103,0.2384,0.2383,14.7412,12.6,4.0205,0.132,0.807,2.2407,0.2158,0.6615,0.2483
A42001,140.5480058,0.165,0.75,0.6563,0.055,2.5103,0.225,0.9047,0.12,0.5657,6.0721,6.0721,0.7417,0.3701,0.2657,0.2655,17.5797,12.6,6.0721,0.132,0.7237,2.0083,0.4526,0.5934,0.2961
A42009,47.8561298,0.165,0.75,0.6563,0.0441,2.4215,0.225,0.9393,0.12,0.4704,4.5306,4.5306,0.7701,0.3462,0.2561,0.2561,16.4438,12.6,4.5306,0.132,0.7515,1.9372,0.3764,0.6161,0.2769
A42011,96.19264186,0.165,0.75,0.6563,0.0557,2.4099,0.225,0.9004,0.12,0.5207,6.8296,6.8296,0.7383,0.605,0.448,0.448,28.7355,12.6,6.8296,0.132,0.7203,1.9279,0.4166,0.5906,0.484
A42013,79.40824496,0.165,0.75,0.6563,0.0483,2.4148,0.225,0.9826,0.12,0.5054,5.1883,5.1883,0.8055,0.6182,0.298,0.298,29.3657,12.6,5.1883,0.132,0.7861,1.9319,0.4043,0.6444,0.4946
A42015,56.27844737,0.165,0.75,0.6563,0.0437,2.5867,0.225,0.9271,0.12,0.4663,4.3185,4.3185,0.7601,0.355,0.2449,0.2448,16.864,12.6,4.3185,0.132,0.7417,2.0694,0.3731,0.6081,0.284
A42021,20.58400135,0.165,0.75,0.6563,0.0532,2.6612,0.225,0.8489,0.12,0.4729,6.3925,6.3925,0.6961,0.3361,0.3786,0.3786,15.9625,12.6,6.3925,0.132,0.6791,2.1289,0.3783,0.5569,0.2688
A42023,334.3108032,0.165,0.75,0.6563,0.0432,2.5555,0.225,0.9848,0.12,0.7607,5.4997,5.4997,0.8358,0.5938,0.3592,0.3591,28.2073,12.6,5.4997,0.132,0.7879,2.0444,0.6085,0.6686,0.4751
A42025,20.58117496,0.165,0.75,0.6563,0.0504,2.3543,0.225,0.8369,0.12,0.4833,7.6336,7.6336,0.5172,0.3413,0.4924,0.4923,16.2139,12.6,7.6336,0.132,0.6695,1.8835,0.3866,0.4138,0.2731
A42027,44.43145516,0.165,0.75,0.6563,0.0462,4.2951,0.225,0.8379,0.12,0.4839,5.0276,5.0276,0.6871,0.3802,0.2634,0.2634,18.0606,12.6,5.0276,0.132,0.6703,3.4361,0.3871,0.5497,0.3042
A42029,52.49816969,0.165,0.75,0.6563,0.0606,2.415,0.225,0.819,0.12,0.5542,7.2897,7.2897,0.6717,0.4805,0.311,0.3108,22.8219,12.6,7.2897,0.132,0.6552,1.932,0.4434,0.5373,0.3844
A42033,19.92142799,0.165,0.75,0.6563,0.0456,2.7168,0.225,0.8586,0.12,0.481,5.267,5.267,0.7041,0.3141,0.3512,0.3512,14.9197,12.6,5.267,0.132,0.6869,2.1734,0.3848,0.5633,0.2513
A42035,50.43523472,0.165,0.75,0.6563,0.0434,2.3296,0.225,0.8695,0.12,0.4935,5.2861,5.2862,0.713,0.4796,0.3474,0.3474,22.7803,12.6,5.2861,0.132,0.6956,1.8637,0.3948,0.5704,0.3837
A42037,38.75696486,0.165,0.75,0.6563,0.0464,3.5935,0.225,0.8493,0.12,0.4592,5.4886,5.4886,0.6964,0.3548,0.3654,0.3654,16.8533,12.6,5.4886,0.132,0.6794,2.8748,0.3674,0.5571,0.2838
A42041,52.62300419,0.165,0.75,0.6563,0.0515,2.4278,0.225,0.9044,0.12,0.4983,5.5104,5.5104,0.7415,0.5119,0.2717,0.2717,24.314,12.6,5.5104,0.132,0.7235,1.9422,0.3986,0.5932,0.4095
A42043,101.8018727,0.165,0.75,0.6563,0.0529,2.4502,0.225,0.9281,0.12,0.5353,5.7365,5.7365,0.7609,0.4865,0.2555,0.2555,23.111,12.6,5.7365,0.132,0.7425,1.9601,0.4283,0.6087,0.3892
A42047,14.82329061,0.165,0.75,0.6563,0.0457,2.388,0.225,0.8961,0.12,0.4702,5.6756,5.6755,0.7348,0.2917,0.3591,0.359,13.8579,12.6,5.6756,0.132,0.7169,1.9104,0.3762,0.5878,0.2334
A42055,105.3159653,0.165,0.75,0.6563,0.0541,2.4767,0.225,0.9435,0.12,0.5128,5.8102,5.8102,0.7735,0.6045,0.2454,0.2453,28.7136,12.6,5.8102,0.132,0.7548,1.9814,0.4102,0.6188,0.4836
A42057,56.52087672,0.165,0.75,0.6563,0.046,2.6127,0.225,0.9236,0.12,0.4974,4.669,4.669,0.7572,0.3246,0.2366,0.2366,15.4197,12.6,4.669,0.132,0.7389,2.0902,0.3979,0.6058,0.2597
A42061,53.08382283,0.165,0.75,0.6563,0.0441,2.3958,0.225,0.9384,0.12,0.4954,4.5872,4.5872,0.7694,0.3651,0.2711,0.271,17.3435,12.6,4.5872,0.132,0.7508,1.9166,0.3963,0.6155,0.2921
A42063,29.81551675,0.165,0.75,0.6563,0.0504,2.3413,0.225,0.8625,0.12,0.4757,5.9145,5.9145,0.7073,0.3351,0.3882,0.3881,15.9181,12.6,5.9145,0.132,0.69,1.8731,0.3806,0.5658,0.2681
A42065,23.42516238,0.165,0.75,0.6563,0.0467,2.5133,0.225,0.8281,0.12,0.4661,5.4769,5.4769,0.6791,0.3046,0.3805,0.3804,14.4701,12.6,5.4769,0.132,0.6625,2.0106,0.3729,0.5433,0.2437
A42067,143.7893446,0.165,0.75,0.6563,0.0488,2.4727,0.225,0.9237,0.12,0.7,5.1352,5.1352,0.7573,0.4698,0.2497,0.2496,22.3139,12.6,5.1352,0.132,0.7389,1.9781,0.56,0.6058,0.3758
A42069,32.84686643,0.165,0.75,0.6563,0.0487,2.3438,0.225,0.9948,0.12,0.4878,5.5749,5.5748,0.8155,0.3218,0.3127,0.3126,15.2873,12.6,5.5749,0.132,0.7959,1.875,0.3902,0.6524,0.2575
A42071,152.9028309,0.165,0.75,0.6563,0.0721,2.4788,0.225,0.9677,0.12,0.7927,7.8131,7.8131,0.7933,0.8868,0.2918,0.2917,42.1251,12.6,7.8131,0.132,0.7742,1.983,0.6341,0.6347,0.7095
A42075,187.1828623,0.165,0.75,0.6563,0.0652,2.8834,0.225,0.9676,0.12,0.7485,7.3516,7.3516,0.7932,0.7291,0.3226,0.3226,34.6324,12.6,7.3516,0.132,0.7741,2.3067,0.5988,0.6346,0.5833
A42079,23.15934828,0.165,0.75,0.6563,0.0482,2.4938,0.225,0.8405,0.12,0.4764,5.6512,5.6512,0.6893,0.3258,0.3098,0.3097,15.4736,12.6,5.6512,0.132,0.6724,1.9951,0.3811,0.5514,0.2606
A42081,36.47729851,0.165,0.75,0.6563,0.0437,2.5006,0.225,0.8384,0.12,0.4579,4.8649,4.8649,0.6875,0.3516,0.3614,0.3614,16.7026,12.6,4.8649,0.132,0.6707,2.0004,0.3663,0.55,0.2813
A42083,21.25413804,0.165,0.75,0.6563,0.0458,2.4329,0.225,0.9488,0.12,0.4759,6.2205,6.2205,0.7995,0.2665,0.4148,0.4147,12.6567,12.6,6.2205,0.132,0.759,1.9463,0.3807,0.6396,0.2132
A42087,65.53951347,0.165,0.75,0.6563,0.0471,2.4265,0.225,0.9192,0.12,0.4717,5.1704,5.1704,0.7536,0.4897,0.3195,0.3195,23.2631,12.6,5.1704,0.132,0.7353,1.9412,0.3773,0.6029,0.3918
A42093,45.56196838,0.165,0.75,0.6563,0.0467,3.194,0.225,0.8251,0.12,0.4483,5.0894,5.0894,0.6767,0.3962,0.2613,0.2612,18.8196,12.6,5.0894,0.132,0.6601,2.5552,0.3587,0.5413,0.317
A42097,125.5385213,0.165,0.75,0.6563,0.0488,3.5192,0.225,0.8402,0.12,0.5205,5.4306,5.4306,0.689,0.4013,0.3132,0.3132,19.0611,12.6,5.4306,0.132,0.6721,2.8153,0.4164,0.5512,0.321
A42099,116.2901345,0.165,0.75,0.6563,0.0504,2.4569,0.225,0.9281,0.12,0.5337,5.4993,5.4993,0.7609,0.4132,0.3147,0.3147,19.6275,12.6,5.4993,0.132,0.7425,1.9655,0.4269,0.6087,0.3306
A42105,44.41854696,0.165,0.75,0.6563,0.0435,2.7968,0.225,0.9075,0.12,0.4818,5.0805,5.0806,0.744,0.3055,0.3316,0.3316,14.5122,12.6,5.0805,0.132,0.726,2.2374,0.3855,0.5952,0.2444
A42107,164.5538712,0.165,0.75,0.6563,0.0506,2.386,0.225,0.8832,0.12,0.562,6.3005,6.3005,0.7242,0.4018,0.3753,0.3753,19.0873,12.6,6.3005,0.132,0.7066,1.9088,0.4496,0.5794,0.3215
A42109,118.0522414,0.165,0.75,0.6563,0.05,2.3609,0.225,0.8992,0.12,0.6242,5.5392,5.5393,0.7372,0.4908,0.2958,0.2957,23.3135,12.6,5.5392,0.132,0.7193,1.8887,0.4994,0.5898,0.3926
A42111,45.15278251,0.165,0.75,0.6563,0.0483,2.5692,0.225,0.8893,0.12,0.4731,5.4756,5.4756,0.7292,0.3775,0.3263,0.3263,17.9322,12.6,5.4756,0.132,0.7114,2.0553,0.3785,0.5833,0.302
A42113,37.81600869,0.165,0.75,0.6563,0.0483,2.5842,0.225,0.9493,0.12,0.4905,5.7359,5.7359,0.7783,0.3379,0.4149,0.4149,16.0521,12.6,5.7359,0.132,0.7594,2.0673,0.3924,0.6226,0.2704
A42115,48.98241924,0.165,0.75,0.6563,0.047,2.4177,0.225,1.0608,0.12,0.5045,5.6141,5.6141,0.8695,0.3019,0.3687,0.3687,14.3401,12.6,5.6141,0.132,0.8486,1.9342,0.4036,0.6956,0.2415
A42117,49.21101668,0.165,0.75,0.6563,0.0423,2.6503,0.225,0.9479,0.12,0.4697,4.0757,4.0757,0.7771,0.2993,0.2528,0.2528,14.2186,12.6,4.0757,0.132,0.7583,2.1202,0.3758,0.6217,0.2395
A42119,110.1783287,0.165,0.75,0.6563,0.0493,2.8696,0.225,0.8774,0.12,0.5576,5.8715,5.8715,0.7194,0.6004,0.4216,0.4216,28.5206,12.6,5.8715,0.132,0.7019,2.2957,0.4461,0.5756,0.4803
A42127,40.36031279,0.165,0.75,0.6563,0.0461,2.623,0.225,1.1747,0.12,0.4956,6.2252,6.2252,0.9627,0.3182,0.4487,0.4487,15.116,12.6,6.2252,0.132,0.9398,2.0984,0.3965,0.7702,0.2546
A42131,35.85457082,0.165,0.75,0.6563,0.0426,2.3848,0.225,0.8694,0.12,0.4772,4.3492,4.3492,0.7129,0.3038,0.225,0.2248,14.4284,12.6,4.3492,0.132,0.6955,1.9079,0.3817,0.5703,0.243
A42133,76.315007,0.165,0.75,0.6563,0.056,3.0469,0.225,0.8911,0.12,0.5228,6.0394,6.0394,0.7307,0.4017,0.2436,0.2435,19.0785,12.6,6.0394,0.132,0.7129,2.4376,0.4183,0.5845,0.3213
A51001,1492.802045,0.165,0.75,0.6563,0.0411,2.8231,0.225,0.6,0.12,0.803,4.9486,4.9486,0.4925,0.2983,0.3302,0.3301,14.1669,12.6,4.9486,0.132,0.48,2.2585,0.6424,0.394,0.2386
A51003,22.7647996,0.165,0.75,0.6563,0.0397,2.375,0.225,0.9205,0.12,0.6859,4.674,4.674,0.7547,0.236,0.2072,0.2072,11.2101,12.6,4.674,0.132,0.7364,1.9,0.5487,0.6037,0.1888
A51005,8.793355178,0.165,0.75,0.6563,0.0331,2.1952,0.225,0.89,0.12,0.497,3.2673,3.2673,0.7297,0.2056,0.1934,0.1934,9.7659,12.6,3.2673,0.132,0.712,1.7562,0.3976,0.5838,0.1645
A51007,242.2512946,0.165,0.75,0.6563,0.0404,2.2465,0.225,0.7601,0.12,0.955,4.5725,4.5725,0.6235,0.2969,0.1734,0.1732,14.1014,12.6,4.5725,0.132,0.6081,1.7972,0.764,0.4988,0.2375
A51009,6.405946841,0.165,0.75,0.6563,0.0351,2.3572,0.225,0.9099,0.12,0.7166,3.9248,3.9248,0.7461,0.231,0.1994,0.1994,10.9726,12.6,3.9248,0.132,0.728,1.8858,0.5733,0.5968,0.1848
A51011,17.9906382,0.165,0.75,0.6563,0.0389,2.3193,0.225,0.8418,0.12,0.706,4.4213,4.4213,0.6903,0.2467,0.2093,0.2091,11.7199,12.6,4.4213,0.132,0.6734,1.8555,0.5648,0.5522,0.1974
A51013,4.5,0.165,0.75,0.6563,0.0634,2.1134,0.225,0.7871,0.12,0.732,7.0628,7.0628,0.644,0.1997,0.3735,0.3733,9.4859,12.6,7.0628,0.132,0.6297,1.6907,0.5856,0.5152,0.1598
A51015,149.6349967,0.165,0.75,0.6563,0.0424,2.2381,0.225,0.9124,0.12,0.9111,4.3698,4.3698,0.7481,0.2674,0.1755,0.1754,12.7009,12.6,4.3698,0.132,0.7299,1.7905,0.7289,0.5985,0.2139
A51017,14.35709553,0.165,0.75,0.6563,0.0312,2.2703,0.225,0.843,0.12,0.7184,3.3405,3.3405,0.6913,0.2147,0.2018,0.2019,10.1959,12.6,3.3405,0.132,0.6744,1.8162,0.5747,0.553,0.1717
A51019,19.45342497,0.165,0.75,0.6563,0.0368,2.2479,0.225,1.2627,0.12,0.6842,4.1803,4.18,1.0347,0.2445,0.1973,0.1974,11.6151,12.6,4.1803,0.132,1.0102,1.7983,0.5473,0.8277,0.1956
A51023,24.2681031,0.165,0.75,0.6563,0.0332,2.3016,0.225,0.8969,0.12,0.6981,3.4498,3.4499,0.7354,0.2352,0.2134,0.2134,11.1736,12.6,3.4498,0.132,0.7175,1.8413,0.5585,0.5883,0.1882
A51029,93.2927663,0.165,0.75,0.6563,0.0374,2.3366,0.225,1.0059,0.12,0.8065,4.0744,4.0744,0.8246,0.2607,0.187,0.187,12.383,12.6,4.0744,0.132,0.8047,1.8693,0.6452,0.6597,0.2086
A51031,17.3387072,0.165,0.75,0.6563,0.0371,2.1744,0.225,0.8198,0.12,0.63,4.0853,4.0853,0.6723,0.2431,0.1891,0.1891,11.546,12.6,4.0853,0.132,0.6558,1.7395,0.504,0.5378,0.1945
A51033,20.7932957,0.165,0.75,0.6563,0.0448,2.3221,0.225,0.5884,0.12,0.6691,4.7805,4.7805,0.483,0.2376,0.1751,0.175,11.2842,12.6,4.7805,0.132,0.4707,1.8577,0.5353,0.3864,0.19
A51036,72.89801411,0.165,0.75,0.6563,0.0435,2.2416,0.225,0.676,0.12,0.6407,4.996,4.996,0.5547,0.2597,0.21,0.21,12.3355,12.6,4.996,0.132,0.5408,1.7933,0.5126,0.4437,0.2078
A51041,74.15187758,0.165,0.75,0.6563,0.0462,2.2513,0.225,0.6111,0.12,0.7618,4.9456,4.9456,0.5015,0.2634,0.1618,0.1617,12.511,12.6,4.9456,0.132,0.4888,1.8011,0.6094,0.4012,0.2107
A51043,52.32737097,0.165,0.75,0.6563,0.041,2.4332,0.225,0.7954,0.12,0.7113,4.0451,4.0441,0.6523,0.2434,0.1475,0.1474,11.5638,12.6,4.0451,0.132,0.6363,1.9466,0.569,0.5219,0.1948
A51045,9.5212669,0.165,0.75,0.6563,0.0348,2.2207,0.225,0.8008,0.12,0.7029,3.4212,3.4211,0.6568,0.223,0.2314,0.2312,10.5901,12.6,3.4212,0.132,0.6406,1.7766,0.5624,0.5254,0.1784
A51047,46.68500511,0.165,0.75,0.6563,0.04,2.2799,0.225,0.8722,0.12,0.6787,4.3526,4.3526,0.7151,0.2591,0.1856,0.1854,12.3079,12.6,4.3526,0.132,0.6977,1.8239,0.5429,0.5721,0.2073
A51049,190.5075715,0.165,0.75,0.6563,0.0387,2.3151,0.225,1.2197,0.12,0.9515,4.1872,4.1872,0.9995,0.2885,0.1831,0.1831,13.7027,12.6,4.1872,0.132,0.9758,1.852,0.7612,0.7996,0.2308
A51053,52.87809698,0.165,0.75,0.6563,0.0415,2.2385,0.225,0.62,0.12,0.8376,4.7431,4.7431,0.5089,0.2786,0.1859,0.1858,13.2339,12.6,4.7431,0.132,0.496,1.7908,0.6701,0.4071,0.2229
A51057,32.11572568,0.165,0.75,0.6563,0.0443,2.7277,0.225,0.6488,0.12,0.7334,4.8407,4.8407,0.5324,0.2578,0.2014,0.2014,12.2455,12.6,4.8407,0.132,0.519,2.1822,0.5867,0.4259,0.2062
A51059,105.4183387,0.165,0.75,0.6563,0.0574,2.4849,0.225,1.0565,0.12,0.8078,6.0459,6.0459,0.866,0.2913,0.1881,0.1879,13.8382,12.6,6.0459,0.132,0.8452,1.9879,0.6463,0.6928,0.2331
A51061,58.0386595,0.165,0.75,0.6563,0.0431,1.704,0.225,0.8463,0.12,0.6776,4.5229,4.5229,0.694,0.2471,0.1884,0.1882,11.7362,12.6,4.5229,0.132,0.677,1.3632,0.5421,0.5552,0.1977
A51065,15.31939956,0.165,0.75,0.6563,0.0382,2.3356,0.225,0.7974,0.12,0.7103,4.1836,4.1836,0.654,0.2356,0.1582,0.1584,11.1896,12.6,4.1836,0.132,0.6379,1.8685,0.5682,0.5232,0.1885
A51069,18.76401677,0.165,0.75,0.6563,0.0413,2.4313,0.225,0.7842,0.12,0.7207,3.9616,3.9616,0.6432,0.2346,0.1558,0.1557,11.1413,12.6,3.9616,0.132,0.6273,1.9451,0.5766,0.5145,0.1876
A51071,7.981520446,0.165,0.75,0.6563,0.0373,2.3209,0.225,0.8476,0.12,0.7337,3.7605,3.7605,0.6951,0.2195,0.2619,0.2619,10.424,12.6,3.7605,0.132,0.6781,1.8567,0.5869,0.556,0.1756
A51073,31.12168407,0.165,0.75,0.6563,0.0406,2.2477,0.225,0.5369,0.12,0.7291,5.0899,5.0899,0.4408,0.2695,0.3325,0.3325,12.8007,12.6,5.0899,0.132,0.4295,1.7981,0.5833,0.3527,0.2156
A51075,37.8649493,0.165,0.75,0.6563,0.0408,2.3249,0.225,0.8592,0.12,0.7593,4.3967,4.3967,0.7046,0.2594,0.1807,0.1807,12.3227,12.6,4.3967,0.132,0.6874,1.86,0.6074,0.5637,0.2075
A51079,30.76578892,0.165,0.75,0.6563,0.0407,2.337,0.225,1.3296,0.12,0.8339,4.8953,4.8953,1.0894,0.2582,0.2272,0.2271,12.2644,12.6,4.8953,0.132,1.0637,1.8696,0.6671,0.8715,0.2066
A51085,49.08919015,0.165,0.75,0.6563,0.0468,2.3224,0.225,0.6479,0.12,0.7376,4.9724,4.9724,0.5317,0.2739,0.1974,0.1973,13.0105,12.6,4.9724,0.132,0.5183,1.8579,0.5901,0.4253,0.2191
A51087,17.23749431,0.165,0.75,0.6563,0.0525,2.3717,0.225,0.6127,0.12,0.7655,5.6581,5.6581,0.5029,0.2508,0.2135,0.2134,11.9148,12.6,5.6581,0.132,0.4902,1.8973,0.6124,0.4023,0.2007
A51091,48.10077761,0.165,0.75,0.6563,0.0353,2.3813,0.225,0.9165,0.12,0.7842,4.0146,4.0146,0.7569,0.208,0.2658,0.2657,9.8787,12.6,4.0146,0.132,0.7332,1.9051,0.6273,0.6056,0.1664
A51093,402.8315415,0.165,0.75,0.6563,0.0423,2.0599,0.225,0.6485,0.12,0.6241,5.0647,5.0647,0.5321,0.3306,0.2094,0.2094,15.7023,12.6,5.0647,0.132,0.5188,1.6479,0.4993,0.4257,0.2645
A51095,70.19600106,0.165,0.75,0.6563,0.04,2.3396,0.225,0.6827,0.12,0.7893,4.9287,4.9287,0.5601,0.2797,0.3231,0.3231,13.2863,12.6,4.9287,0.132,0.5462,1.8717,0.6314,0.4481,0.2238
A51097,59.29218348,0.165,0.75,0.6563,0.0431,2.3762,0.225,0.661,0.12,0.6782,4.7366,4.7366,0.5424,0.2342,0.1705,0.1705,11.1239,12.6,4.7366,0.132,0.5288,1.901,0.5426,0.4339,0.1874
A51099,15.25234799,0.165,0.75,0.6563,0.0434,2.3854,0.225,0.6732,0.12,0.6352,4.9232,4.9232,0.5524,0.2546,0.3035,0.3035,12.0916,12.6,4.9232,0.132,0.5386,1.9084,0.5081,0.4419,0.2036
A51101,87.98636091,0.165,0.75,0.6563,0.0449,2.2595,0.225,0.6703,0.12,0.7193,4.8556,4.8556,0.55,0.2654,0.1732,0.1733,12.607,12.6,4.8556,0.132,0.5362,1.8076,0.5754,0.44,0.2123
A51103,24.279906,0.165,0.75,0.6563,0.045,2.4046,0.225,0.5612,0.12,0.618,5.3008,5.3008,0.4608,0.2391,0.3198,0.3197,11.3586,12.6,5.3008,0.132,0.449,1.9237,0.4944,0.3686,0.1913
A51107,32.52620631,0.165,0.75,0.6563,0.047,2.276,0.225,0.7528,0.12,0.6819,4.8385,4.8385,0.6175,0.2483,0.2045,0.2044,11.7954,12.6,4.8385,0.132,0.6022,1.8208,0.5455,0.494,0.1987
A51109,29.40542297,0.165,0.75,0.6563,0.0404,2.2578,0.225,0.9879,0.12,0.7371,4.4043,4.4043,0.8098,0.266,0.1864,0.1864,12.636,12.6,4.4043,0.132,0.7903,1.8062,0.5897,0.6479,0.2128
A51113,41.37835497,0.165,0.75,0.6563,0.0406,2.3596,0.225,1.0263,0.12,0.7379,4.6107,4.6107,0.8412,0.2666,0.2324,0.2323,12.6647,12.6,4.6107,0.132,0.821,1.8877,0.5903,0.673,0.2133
A51115,11.37437067,0.165,0.75,0.6563,0.0357,2.1513,0.225,0.5339,0.12,0.733,4.4407,4.4407,0.4384,0.2491,0.3122,0.3122,11.8332,12.6,4.4407,0.132,0.4271,1.7211,0.5864,0.3507,0.1993
A51119,22.29822556,0.165,0.75,0.6563,0.0397,2.2021,0.225,0.623,0.12,0.7052,4.7506,4.7506,0.5113,0.2511,0.3097,0.3097,11.9291,12.6,4.7506,0.132,0.4984,1.7616,0.5642,0.409,0.2009
A51121,34.36500448,0.165,0.75,0.6563,0.0353,2.1868,0.225,0.9065,0.12,0.7393,3.4883,3.4883,0.7433,0.2368,0.1734,0.1732,11.2497,12.6,3.4883,0.132,0.7252,1.7495,0.5914,0.5946,0.1895
A51125,5.280975854,0.165,0.75,0.6563,0.0364,2.3716,0.225,0.8716,0.12,0.696,4.211,4.211,0.7147,0.2291,0.2699,0.2698,10.8835,12.6,4.211,0.132,0.6972,1.8973,0.5568,0.5717,0.1833
A51127,11.92137817,0.165,0.75,0.6563,0.0431,2.3073,0.225,0.635,0.12,0.8095,4.8332,4.8332,0.5211,0.2261,0.2039,0.2038,10.7413,12.6,4.8332,0.132,0.508,1.8458,0.6476,0.4169,0.1809
A51131,40.41231664,0.165,0.75,0.6563,0.0369,3.4643,0.225,0.5318,0.12,0.2933,4.4901,4.4901,0.4367,0.219,0.315,0.315,10.4035,12.6,4.4901,0.132,0.4254,2.7715,0.2347,0.3494,0.1752
A51133,22.66708416,0.165,0.75,0.6563,0.0445,2.3612,0.225,0.5973,0.12,0.6843,5.1515,5.1515,0.4903,0.2347,0.3122,0.3122,11.1476,12.6,5.1515,0.132,0.4778,1.8889,0.5474,0.3922,0.1877
A51135,118.0531177,0.165,0.75,0.6563,0.0405,2.2349,0.225,0.9873,0.12,0.8885,4.628,4.628,0.8093,0.2725,0.1805,0.1803,12.9434,12.6,4.628,0.132,0.7898,1.7879,0.7108,0.6475,0.218
A51137,55.6229005,0.165,0.75,0.6563,0.0408,2.3534,0.225,0.9436,0.12,0.7074,4.5625,4.5625,0.7736,0.2606,0.1789,0.1789,12.3769,12.6,4.5625,0.132,0.7549,1.8827,0.5659,0.6189,0.2085
A51139,335.200845,0.165,0.75,0.6563,0.0542,2.3453,0.225,1.1769,0.12,1.1879,5.2191,5.2191,0.9644,0.3469,0.1784,0.1784,16.4758,12.6,5.2191,0.132,0.9415,1.8762,0.9503,0.7716,0.2775
A51145,71.37392329,0.165,0.75,0.6563,0.0403,2.2697,0.225,0.9815,0.12,0.7248,4.4767,4.4767,0.8046,0.2685,0.2018,0.2017,12.7522,12.6,4.4767,0.132,0.7852,1.8158,0.5799,0.6437,0.2148
A51147,72.04229941,0.165,0.75,0.6563,0.0381,2.1602,0.225,1.0155,0.12,0.7471,4.156,4.156,0.8324,0.2548,0.168,0.168,12.102,12.6,4.156,0.132,0.8124,1.7282,0.5977,0.666,0.2038
A51149,15.64744932,0.165,0.75,0.6563,0.0505,2.6791,0.225,0.6031,0.12,0.7071,5.7071,5.7071,0.4951,0.2554,0.2241,0.2241,12.1301,12.6,5.7071,0.132,0.4825,2.1433,0.5657,0.3961,0.2043
A51153,54.45508378,0.165,0.75,0.6563,0.0493,1.3682,0.225,0.9182,0.12,0.737,5.145,5.145,0.7528,0.2726,0.2084,0.2084,12.9469,12.6,5.145,0.132,0.7345,1.0946,0.5896,0.6022,0.2181
A51157,10.68499405,0.165,0.75,0.6563,0.0419,2.4125,0.225,0.8866,0.12,0.6959,4.582,4.5819,0.727,0.2299,0.2484,0.2484,10.922,12.6,4.582,0.132,0.7093,1.93,0.5567,0.5816,0.1839
A51159,18.96711362,0.165,0.75,0.6563,0.0447,2.3207,0.225,0.6261,0.12,0.7194,4.9287,4.9287,0.511,0.2396,0.2137,0.2136,11.3795,12.6,4.9287,0.132,0.5009,1.8566,0.5756,0.4088,0.1917
A51161,60.30559924,0.165,0.75,0.6563,0.0355,2.4226,0.225,0.9095,0.12,0.8122,3.6201,3.6201,0.7457,0.2619,0.2003,0.2002,12.4393,12.6,3.6201,0.132,0.7276,1.9381,0.6498,0.5966,0.2095
A51163,27.02819908,0.165,0.75,0.6563,0.0334,2.3525,0.225,0.8309,0.12,0.7587,3.6219,3.6219,0.6814,0.2345,0.1788,0.1788,11.1386,12.6,3.6219,0.132,0.6647,1.882,0.607,0.5451,0.1876
A51165,381.0546492,0.165,0.75,0.6563,0.058,2.438,0.225,1.1595,0.12,1.2607,5.4659,5.4659,0.9502,0.3716,0.1776,0.1776,17.6499,12.6,5.4659,0.132,0.9276,1.9504,1.0086,0.7601,0.2973
A51171,144.4713947,0.165,0.75,0.6563,0.0449,2.4386,0.225,0.837,0.12,0.9041,4.2529,4.2529,0.6864,0.28,0.1585,0.1584,13.2991,12.6,4.2529,0.132,0.6696,1.9509,0.7233,0.5491,0.224
A51177,35.12065106,0.165,0.75,0.6563,0.0433,2.2862,0.225,0.7533,0.12,0.6843,4.7211,4.7211,0.6179,0.2738,0.1856,0.1853,13.0042,12.6,4.7211,0.132,0.6026,1.829,0.5474,0.4943,0.219
A51179,15.6613049,0.165,0.75,0.6563,0.0465,2.41,0.225,0.7632,0.12,0.7403,5.0248,5.0248,0.626,0.2484,0.2041,0.204,11.799,12.6,5.0248,0.132,0.6105,1.928,0.5922,0.5008,0.1987
A51181,383.328268,0.165,0.75,0.6563,0.0407,2.0619,0.225,0.6013,0.12,0.6234,4.9079,4.9079,0.4936,1.7492,0.2197,0.2197,83.0856,12.6,4.9079,0.132,0.4811,1.6495,0.4987,0.3949,1.3993
A51187,17.71196328,0.165,0.75,0.6563,0.0398,2.3719,0.225,0.8045,0.12,0.6662,3.8469,3.8469,0.6598,0.231,0.1435,0.1434,10.9731,12.6,3.8469,0.132,0.6436,1.8975,0.533,0.5278,0.1848
A51193,11.92575985,0.165,0.75,0.6563,0.0429,2.7749,0.225,0.6864,0.12,0.7081,4.7518,4.7518,0.5632,0.2358,0.2163,0.2162,11.2004,12.6,4.7518,0.132,0.5491,2.22,0.5665,0.4505,0.1886
A51199,62.93806592,0.165,0.75,0.6563,0.0438,2.513,0.225,0.5131,0.12,0.8988,5.4146,5.4146,0.4214,0.3849,0.3431,0.3431,18.2815,12.6,5.4146,0.132,0.4104,2.0104,0.719,0.3371,0.3079
A51510,4.5,0.165,0.75,0.6563,0.0582,1.9392,0.225,0.6619,0.12,0.7231,6.1389,6.1389,0.5415,0.1977,0.177,0.1769,9.3901,12.6,6.1389,0.132,0.5295,1.5514,0.5785,0.4332,0.1581
A51530,4.5,0.165,0.75,0.6563,0.0321,2.5308,0.225,0.8271,0.12,0.695,3.5857,3.5858,0.6767,0.1876,0.1713,0.1708,8.9092,12.6,3.5857,0.132,0.6617,2.0247,0.556,0.5413,0.15
A51540,4.5,0.165,0.75,0.6563,0.0426,2.1452,0.225,0.7221,0.12,0.7037,5.1578,5.1578,0.5907,0.1917,0.1962,0.1959,9.1041,12.6,5.1578,0.132,0.5777,1.7162,0.563,0.4726,0.1533
A51550,68.59761114,0.165,0.75,0.6563,0.0434,2.6655,0.225,0.4073,0.12,0.7476,5.3918,5.3918,0.3349,0.3218,0.3397,0.3397,15.2847,12.6,5.3918,0.132,0.3259,2.1324,0.5981,0.2679,0.2574
A51570,4.5,0.165,0.75,0.6563,0.0525,1.9146,0.225,0.6519,0.12,0.7165,5.9983,5.9983,0.5333,0.1955,0.3232,0.3232,9.2853,12.6,5.9983,0.132,0.5215,1.5317,0.5732,0.4267,0.1564
A51580,4.5,0.165,0.75,0.6563,0.0338,2.5384,0.225,0.8302,0.12,0.697,3.3485,3.3485,0.6792,0.1882,0.1905,0.1902,8.9413,12.6,3.3485,0.132,0.6642,2.0307,0.5576,0.5433,0.1506
A51600,4.5,0.165,0.75,0.6563,0.062,2.2291,0.225,0.7558,0.12,0.7263,7.0768,7.0768,0.6183,0.1992,0.3224,0.3223,9.46,12.6,7.0768,0.132,0.6047,1.7833,0.5811,0.4947,0.1593
A51610,4.5,0.165,0.75,0.6563,0.0635,2.2358,0.225,0.7585,0.12,0.7282,6.9847,6.9847,0.6206,0.1998,0.2208,0.2207,9.4887,12.6,6.9847,0.132,0.6068,1.7886,0.5825,0.4965,0.1598
A51630,4.5,0.165,0.75,0.6563,0.0487,2.1718,0.225,0.7327,0.12,0.7108,5.2919,5.2919,0.5995,0.194,0.1584,0.158,9.2161,12.6,5.2919,0.132,0.5862,1.7374,0.5687,0.4796,0.1552
A51650,4.5,0.165,0.75,0.6563,0.0293,1.8141,0.225,0.6114,0.12,0.6893,3.6845,3.6846,0.5002,0.1865,0.2858,0.2858,8.8574,12.6,3.6845,0.132,0.4892,1.4513,0.5514,0.4002,0.1492
A51660,4.5,0.165,0.75,0.6563,0.06,2.6519,0.225,0.8759,0.12,0.7278,5.7168,5.7168,0.7166,0.1984,0.211,0.211,9.4245,12.6,5.7168,0.132,0.7008,2.1215,0.5822,0.5733,0.1587
A51670,4.5,0.165,0.75,0.6563,0.0915,2.0834,0.225,0.72,0.12,0.7622,10.2934,10.2934,0.589,0.2106,0.4402,0.4402,10.0039,12.6,10.2934,0.132,0.576,1.6667,0.6097,0.4712,0.1685
A51678,4.5,0.165,0.75,0.6563,0.0327,2.5334,0.225,0.8282,0.12,0.6957,3.585,3.585,0.6775,0.1878,0.1548,0.1548,8.9203,12.6,3.585,0.132,0.6625,2.0267,0.5566,0.542,0.1502
A51680,4.5,0.165,0.75,0.6563,0.039,2.1296,0.225,0.7158,0.12,0.6995,4.3546,4.3546,0.5856,0.1903,0.1917,0.1916,9.0376,12.6,4.3546,0.132,0.5726,1.7037,0.5596,0.4685,0.1522
A51683,4.5,0.165,0.75,0.6563,0.0536,2.1929,0.225,0.7412,0.12,0.7165,5.8959,5.8959,0.6064,0.1959,0.3388,0.3388,9.3058,12.6,5.8959,0.132,0.593,1.7543,0.5732,0.4851,0.1567
A51685,4.5,0.165,0.75,0.6563,0.0546,2.1968,0.225,0.7429,0.12,0.7177,6.0371,6.0372,0.6078,0.1963,0.3464,0.3464,9.3238,12.6,6.0371,0.132,0.5943,1.7574,0.5741,0.4862,0.157
A51700,4.5,0.165,0.75,0.6563,0.0443,1.8793,0.225,0.6377,0.12,0.7069,5.4508,5.4508,0.5217,0.1923,0.3401,0.3401,9.1351,12.6,5.4508,0.132,0.5102,1.5034,0.5655,0.4174,0.1539
A51710,4.5,0.165,0.75,0.6563,0.0516,1.9108,0.225,0.6504,0.12,0.7154,6.3793,6.3793,0.5321,0.1951,0.3644,0.3644,9.269,12.6,6.3793,0.132,0.5203,1.5286,0.5724,0.4257,0.1561
A51730,4.5,0.165,0.75,0.6563,0.048,1.8954,0.225,0.6442,0.12,0.7113,5.3801,5.3801,0.527,0.1938,0.2078,0.2078,9.2035,12.6,5.3801,0.132,0.5154,1.5163,0.569,0.4216,0.155
A51735,4.5,0.165,0.75,0.6563,0.0263,1.8013,0.225,0.6063,0.12,0.6858,3.3202,3.3202,0.496,0.1853,0.2741,0.2741,8.8033,12.6,3.3202,0.132,0.485,1.441,0.5487,0.3968,0.1483
A51740,4.5,0.165,0.75,0.6563,0.0531,1.9175,0.225,0.6531,0.12,0.7173,6.5853,6.5853,0.5343,0.1957,0.3665,0.3665,9.2976,12.6,6.5853,0.132,0.5225,1.534,0.5738,0.4275,0.1566
A51760,4.5,0.165,0.75,0.6563,0.0559,1.9293,0.225,0.6579,0.12,0.7205,6.0308,6.0308,0.5382,0.1968,0.2185,0.2184,9.3478,12.6,6.0308,0.132,0.5263,1.5434,0.5764,0.4306,0.1574
A51790,4.5,0.165,0.75,0.6563,0.0413,2.5709,0.225,0.8433,0.12,0.7058,4.1918,4.1919,0.6899,0.1912,0.153,0.1529,9.0798,12.6,4.1918,0.132,0.6746,2.0567,0.5647,0.5519,0.1529
A51800,163.7982088,0.165,0.75,0.6563,0.041,2.0912,0.225,0.5939,0.12,0.734,4.9355,4.9355,0.4875,0.2588,0.2239,0.2237,12.2917,12.6,4.9355,0.132,0.4751,1.6729,0.5872,0.39,0.207
A51810,247.0072977,0.165,0.75,0.6563,0.0393,3,0.225,0.4455,0.12,0.6394,4.9397,4.9397,0.3661,0.3147,0.3247,0.3247,14.9504,12.6,4.9397,0.132,0.3564,2.4,0.5115,0.2929,0.2518
A51820,4.5,0.165,0.75,0.6563,0.0444,2.5843,0.225,0.8487,0.12,0.7095,5.4351,5.4351,0.6943,0.1924,0.3334,0.3333,9.1367,12.6,5.4351,0.132,0.679,2.0674,0.5676,0.5555,0.1539
A51830,4.5,0.165,0.75,0.6563,0.0431,1.8741,0.225,0.6356,0.12,0.7055,5.4052,5.4052,0.52,0.1919,0.3405,0.3405,9.1129,12.6,5.4052,0.132,0.5085,1.4993,0.5644,0.416,0.1535
A51840,4.5,0.165,0.75,0.6563,0.0426,2.5766,0.225,0.8456,0.12,0.7074,4.1969,4.1969,0.6918,0.1917,0.1523,0.1522,9.1039,12.6,4.1969,0.132,0.6765,2.0613,0.5659,0.5534,0.1533
A54003,42.44882731,0.165,0.75,0.6563,0.0445,2.4506,0.225,0.8692,0.12,0.4796,4.326,4.326,0.7127,0.2352,0.1933,0.1933,11.1705,12.6,4.326,0.132,0.6953,1.9604,0.3836,0.5702,0.1881
A54023,153.0987276,0.165,0.75,0.6563,0.05,2.5543,0.225,1.0318,0.12,0.5882,6.4517,6.4516,0.8457,0.2504,0.4382,0.4381,11.8944,12.6,6.4517,0.132,0.8254,2.0434,0.4706,0.6766,0.2003
A54027,44.25201149,0.165,0.75,0.6563,0.0396,2.4221,0.225,0.9242,0.12,0.493,3.7259,3.7259,0.7577,0.2223,0.1586,0.1583,10.5575,12.6,3.7259,0.132,0.7393,1.9377,0.3944,0.6062,0.1778
A54031,341.8662585,0.165,0.75,0.6563,0.0452,2.4731,0.225,0.9684,0.12,0.7467,4.3739,4.3739,0.7939,0.3084,0.2157,0.2155,14.6472,12.6,4.3739,0.132,0.7748,1.9785,0.5973,0.6351,0.2467
A54037,95.69230914,0.165,0.75,0.6563,0.0445,2.4595,0.225,0.7339,0.12,0.4777,4.331,4.3311,0.602,0.2477,0.1693,0.1692,11.7647,12.6,4.331,0.132,0.5871,1.9676,0.3821,0.4816,0.1981
A54057,39.35143662,0.165,0.75,0.6563,0.0426,2.5126,0.225,0.9999,0.12,0.5299,4.6707,4.671,0.8196,0.2196,0.2409,0.2407,10.4329,12.6,4.6707,0.132,0.7999,2.0101,0.4239,0.6557,0.1757
A54063,33.79270165,0.165,0.75,0.6563,0.0345,2.4806,0.225,0.9697,0.12,0.4661,3.4514,3.4513,0.795,0.2296,0.2201,0.22,10.9063,12.6,3.4514,0.132,0.7758,1.9845,0.3729,0.636,0.1837
A54065,15.27859861,0.165,0.75,0.6563,0.0429,2.4689,0.225,0.9681,0.12,0.5005,4.2682,4.2682,0.7936,0.2223,0.2085,0.2085,10.5573,12.6,4.2682,0.132,0.7745,1.9751,0.4004,0.6349,0.1778
A54071,215.8337835,0.165,0.75,0.6563,0.0379,2.4976,0.225,0.9911,0.12,0.6468,3.443,3.443,0.8125,0.2659,0.1751,0.175,12.63,12.6,3.443,0.132,0.7929,1.9981,0.5174,0.65,0.2127
A54077,25.79818617,0.165,0.75,0.6563,0.0539,2.6387,0.225,1.0006,0.12,0.4855,7.9565,7.9565,0.8262,0.2423,0.6316,0.6316,11.5114,12.6,7.9565,0.132,0.8005,2.111,0.3884,0.6609,0.1939
A54093,12.51184721,0.165,0.75,0.6563,0.0524,2.5589,0.225,0.9962,0.12,0.5215,8.3478,8.3478,0.829,0.2216,0.6988,0.6987,10.5282,12.6,8.3478,0.132,0.797,2.0471,0.4172,0.6632,0.1773
B24001,17.77507528,0.165,0.75,0.6563,0.0423,2.4118,0.225,0.959,0.12,0.4866,4.6577,4.6577,0.7862,0.2479,0.2648,0.2648,11.7732,12.6,4.6577,0.132,0.7672,1.9295,0.3893,0.629,0.1983
B24021,40.85805599,0.165,0.75,0.6563,0.0525,2.4227,0.225,0.7493,0.12,0.498,5.7967,5.7967,0.6147,0.4713,0.2574,0.2574,22.3848,12.6,5.7967,0.132,0.5995,1.9382,0.3984,0.4917,0.377
B42001,140.5381766,0.165,0.75,0.6563,0.0545,2.5084,0.225,0.9039,0.12,0.5652,6.6364,6.6364,0.7411,0.3699,0.3774,0.3776,17.5713,12.6,6.6364,0.132,0.7231,2.0067,0.4522,0.5929,0.2959
B42009,47.86987486,0.165,0.75,0.6563,0.0447,2.4243,0.225,0.9405,0.12,0.4712,4.6227,4.6227,0.771,0.3464,0.289,0.2889,16.4555,12.6,4.6227,0.132,0.7524,1.9394,0.377,0.6168,0.2771
B42015,56.33019858,0.165,0.75,0.6563,0.0461,2.5971,0.225,0.9313,0.12,0.4691,5.1086,5.1086,0.7635,0.356,0.3094,0.3092,16.9079,12.6,5.1086,0.132,0.745,2.0776,0.3753,0.6108,0.2848
B42027,44.41594953,0.165,0.75,0.6563,0.0454,4.292,0.225,0.8367,0.12,0.4831,5.4131,5.4132,0.6861,0.3799,0.3347,0.3346,18.0474,12.6,5.4131,0.132,0.6693,3.4336,0.3865,0.5489,0.304
B42035,50.51468131,0.165,0.75,0.6563,0.047,2.3455,0.225,0.8759,0.12,0.4978,5.3196,5.3196,0.7182,0.481,0.2991,0.299,22.8478,12.6,5.3196,0.132,0.7007,1.8764,0.3982,0.5746,0.3848
B42041,52.64229148,0.165,0.75,0.6563,0.0524,2.4316,0.225,0.906,0.12,0.4993,5.9563,5.9563,0.7428,0.5122,0.2781,0.2781,24.3303,12.6,5.9563,0.132,0.7248,1.9453,0.3995,0.5942,0.4098
B42043,101.9656687,0.165,0.75,0.6563,0.0604,2.4829,0.225,0.9412,0.12,0.5442,6.5676,6.5676,0.7717,0.4895,0.3345,0.3344,23.2501,12.6,6.5676,0.132,0.753,1.9863,0.4354,0.6173,0.3916
B42055,105.2376003,0.165,0.75,0.6563,0.0504,2.4611,0.225,0.9372,0.12,0.5086,5.3951,5.395,0.7684,0.6031,0.2706,0.2705,28.647,12.6,5.3951,0.132,0.7498,1.9689,0.4068,0.6147,0.4825
B42079,23.09835212,0.165,0.75,0.6563,0.0453,2.4817,0.225,0.8356,0.12,0.4731,5.6356,5.6356,0.6852,0.3247,0.4231,0.4231,15.4218,12.6,5.6356,0.132,0.6685,1.9853,0.3785,0.5482,0.2597
B42081,36.51339408,0.165,0.75,0.6563,0.0454,2.5078,0.225,0.8413,0.12,0.4598,4.8495,4.8495,0.6899,0.3523,0.2684,0.2683,16.7333,12.6,4.8495,0.132,0.673,2.0062,0.3679,0.5519,0.2818
B42119,110.180334,0.165,0.75,0.6563,0.0494,2.87,0.225,0.8776,0.12,0.5577,5.3236,5.3236,0.7196,0.6005,0.2945,0.2945,28.5223,12.6,5.3236,0.132,0.7021,2.296,0.4462,0.5757,0.4804
B42131,35.91108266,0.165,0.75,0.6563,0.0452,2.3961,0.225,0.8739,0.12,0.4802,5.524,5.524,0.7166,0.3048,0.3633,0.363,14.4764,12.6,5.524,0.132,0.6992,1.9169,0.3842,0.5733,0.2438
B51003,22.87236,0.165,0.75,0.6563,0.0446,2.3965,0.225,0.9291,0.12,0.6917,5.5158,5.5159,0.7617,0.2379,0.2525,0.2529,11.3015,12.6,5.5158,0.132,0.7433,1.9172,0.5534,0.6094,0.1903
B51009,6.434431716,0.165,0.75,0.6563,0.0364,2.3629,0.225,0.9122,0.12,0.7181,4.4371,4.4371,0.7479,0.2315,0.3599,0.3598,10.9968,12.6,4.4371,0.132,0.7298,1.8903,0.5745,0.5983,0.1852
B51015,149.609133,0.165,0.75,0.6563,0.0412,2.233,0.225,0.9103,0.12,0.9097,4.7718,4.7717,0.7464,0.2669,0.333,0.333,12.679,12.6,4.7718,0.132,0.7283,1.7864,0.7277,0.5971,0.2135
B51017,14.35646393,0.165,0.75,0.6563,0.0312,2.2702,0.225,0.843,0.12,0.7183,3.4148,3.4147,0.6913,0.2146,0.2195,0.2193,10.1954,12.6,3.4148,0.132,0.6744,1.8161,0.5747,0.553,0.1717
B51019,19.4316034,0.165,0.75,0.6563,0.0358,2.2435,0.225,1.261,0.12,0.683,3.8815,3.8815,1.0332,0.2441,0.1843,0.1842,11.5965,12.6,3.8815,0.132,1.0088,1.7948,0.5464,0.8266,0.1953
B51023,24.32764659,0.165,0.75,0.6563,0.036,2.3134,0.225,0.9017,0.12,0.7013,4.2543,4.2543,0.7393,0.2363,0.2374,0.2369,11.2242,12.6,4.2543,0.132,0.7213,1.8508,0.561,0.5914,0.189
B51061,58.04458858,0.165,0.75,0.6563,0.0434,1.7052,0.225,0.8468,0.12,0.6779,4.9113,4.9113,0.6944,0.2472,0.2665,0.2665,11.7412,12.6,4.9113,0.132,0.6774,1.3641,0.5423,0.5555,0.1977
B51079,30.89479193,0.165,0.75,0.6563,0.0467,2.3628,0.225,1.3399,0.12,0.8408,5.7774,5.7773,1.0979,0.2605,0.3445,0.3444,12.374,12.6,5.7774,0.132,1.072,1.8902,0.6727,0.8783,0.2084
B51091,48.09121687,0.165,0.75,0.6563,0.0349,2.3794,0.225,0.9157,0.12,0.7836,3.8614,3.8614,0.7563,0.2078,0.2577,0.2577,9.8706,12.6,3.8614,0.132,0.7325,1.9036,0.6269,0.605,0.1662
B51113,41.49257079,0.165,0.75,0.6563,0.0459,2.3824,0.225,1.0355,0.12,0.744,5.4015,5.3999,0.8488,0.2687,0.3269,0.3267,12.7617,12.6,5.4015,0.132,0.8284,1.9059,0.5952,0.679,0.2149
B51125,5.362025114,0.165,0.75,0.6563,0.0402,2.3878,0.225,0.8781,0.12,0.7003,4.8239,4.824,0.72,0.2306,0.3728,0.3729,10.9523,12.6,4.8239,0.132,0.7025,1.9102,0.5603,0.576,0.1845
B51139,335.1268933,0.165,0.75,0.6563,0.0508,2.3305,0.225,1.1709,0.12,1.1839,5.3872,5.3873,0.9596,0.3455,0.2323,0.2323,16.413,12.6,5.3872,0.132,0.9367,1.8644,0.9471,0.7677,0.2764
B51157,10.766367,0.165,0.75,0.6563,0.0456,2.4287,0.225,0.8932,0.12,0.7003,5.1519,5.1519,0.7323,0.2314,0.3104,0.3104,10.9911,12.6,5.1519,0.132,0.7145,1.943,0.5602,0.5859,0.1851
B51163,27.08144243,0.165,0.75,0.6563,0.0359,2.3631,0.225,0.8352,0.12,0.7616,4.0091,4.0089,0.6849,0.2354,0.2001,0.1999,11.1838,12.6,4.0091,0.132,0.6682,1.8905,0.6093,0.5479,0.1884
B51165,380.7223677,0.165,0.75,0.6563,0.0427,2.3717,0.225,1.1327,0.12,1.2428,3.8109,3.8108,0.9283,0.3656,0.1917,0.1917,17.3676,12.6,3.8109,0.132,0.9062,1.8974,0.9942,0.7427,0.2925
B51171,144.4586049,0.165,0.75,0.6563,0.0443,2.4361,0.225,0.836,0.12,0.9035,4.4572,4.4572,0.6856,0.2798,0.2709,0.2709,13.2882,12.6,4.4572,0.132,0.6688,1.9488,0.7228,0.5484,0.2238
B51187,17.76216708,0.165,0.75,0.6563,0.0421,2.382,0.225,0.8086,0.12,0.6689,4.4724,4.4724,0.6631,0.2319,0.1975,0.1974,11.0158,12.6,4.4724,0.132,0.6468,1.9056,0.5351,0.5305,0.1855
B54023,152.894707,0.165,0.75,0.6563,0.0406,2.5136,0.225,1.0154,0.12,0.5772,3.7815,3.7815,0.8323,0.2468,0.1535,0.153,11.7211,12.6,3.7815,0.132,0.8123,2.0109,0.4618,0.6658,0.1974
B54031,341.7838197,0.165,0.75,0.6563,0.0414,2.4567,0.225,0.9618,0.12,0.7422,3.722,3.722,0.7885,0.3069,0.1529,0.1524,14.5771,12.6,3.722,0.132,0.7695,1.9654,0.5938,0.6308,0.2455
B54057,39.21302287,0.165,0.75,0.6563,0.0362,2.485,0.225,0.9887,0.12,0.5224,3.4164,3.4164,0.8105,0.2172,0.1325,0.1323,10.3153,12.6,3.4164,0.132,0.791,1.988,0.4179,0.6484,0.1737
B54071,215.8689948,0.165,0.75,0.6563,0.0395,2.5046,0.225,0.9939,0.12,0.6487,3.9924,3.9924,0.8148,0.2665,0.2311,0.231,12.6599,12.6,3.9924,0.132,0.7952,2.0037,0.5189,0.6518,0.2132
C42009,47.87026171,0.165,0.75,0.6563,0.0447,2.4243,0.225,0.9405,0.12,0.4712,4.5731,4.5731,0.771,0.3464,0.2295,0.2295,16.4558,12.6,4.5731,0.132,0.7524,1.9395,0.377,0.6168,0.2772
C51015,149.50177,0.165,0.75,0.6563,0.0362,2.2116,0.225,0.9017,0.12,0.9039,3.8307,3.8307,0.7393,0.265,0.2514,0.2513,12.5878,12.6,3.8307,0.132,0.7214,1.7692,0.7231,0.5914,0.212
C51165,380.8659369,0.165,0.75,0.6563,0.0493,2.4004,0.225,1.1443,0.12,1.2505,5.5659,5.5654,0.9378,0.3682,0.2485,0.2484,17.4896,12.6,5.5659,0.132,0.9154,1.9203,1.0004,0.7502,0.2946
end,,,,,,,,,,,,,,,,,,,,,,,,,
