TABLE->,PWT-PARM1,PWT-PARM1,PWT-PARM1,PWT-PARM1,PWT-PARM2,PWT-PARM2,PWT-PARM2,PWT-PARM2,PWT-PARM2,MON-IFWDOX,MON-IFWDOX,MON-IFWDOX,MON-IFWDOX,MON-IFWDOX,MON-IFWDOX,MON-IFWDOX,MON-IFWDOX,MON-IFWDOX,MON-IFWDOX,MON-IFWDOX,MON-IFWDOX,MON-GRNDDOX,MON-GRNDDOX,MON-GRNDDOX,MON-GRNDDOX,MON-GRNDDOX,MON-GRNDDOX,MON-GRNDDOX,MON-GRNDDOX,MON-GRNDDOX,MON-GRNDDOX,MON-GRNDDOX,MON-GRNDDOX,PWT-TEMPS,PWT-TEMPS,PWT-TEMPS,PWT-GASES,PWT-GASES,PWT-GASES,PWT-GASES,PWT-GASES,PWT-GASES
VARS->,IDV,ICV,GDV,GCV,ELEV,IDOXP,ICO2P,ADOXP,ACO2P,JAN,FEB,MAR,APR,MAY,JUN,JUL,AUG,SEP,OCT,NOV,DEC,JAN,FEB,MAR,APR,MAY,JUN,JUL,AUG,SEP,OCT,NOV,DEC,SOTMP,IOTMP,AOTMP,SODOX,SOCO2,IODOX,IOCO2,AODOX,AOCO2
A10001,1,0,1,0,40.9,0,0,0,0,12.7,12.7,11.2,9.7,7.4,6.6,6.2,6.2,7.5,8.4,9.4,11.6,10,10,10,10,7.5,5.5,5,5,6.5,7.5,9,10,33,40,55,14.5,0,12.7,0,10,0
A10003,1,0,1,0,85,0,0,0,0,12.7,12.7,11.2,9.7,7.4,6.6,6.2,6.2,7.5,8.4,9.4,11.6,10,10,10,10,7.5,5.5,5,5,6.5,7.5,9,10,33,40,55,14.5,0,12.7,0,10,0
A10005,1,0,1,0,30.6,0,0,0,0,12.7,12.7,11.2,9.7,7.4,6.6,6.2,6.2,7.5,8.4,9.4,11.6,10,10,10,10,7.5,5.5,5,5,6.5,7.5,9,10,33,40,55,14.5,0,12.7,0,10,0
A11001,1,0,1,0,115.25,0,0,0,0,12.7,12.7,11.2,9.7,7.4,6.6,6.2,6.2,7.5,8.4,9.4,11.6,10,10,10,10,7.5,5.5,5,5,6.5,7.5,9,10,33,40,55,14.5,0,12.7,0,10,0
A24001,1,0,1,0,847.27,0,0,0,0,12.7,12.7,11.2,9.7,7.4,6.6,6.2,6.2,7.5,8.4,9.4,11.6,10,10,10,10,7.5,5.5,5,5,6.5,7.5,9,10,33,40,55,14.5,0,12.7,0,10,0
A24003,1,0,1,0,99.57,0,0,0,0,12.7,12.7,11.2,9.7,7.4,6.6,6.2,6.2,7.5,8.4,9.4,11.6,10,10,10,10,7.5,5.5,5,5,6.5,7.5,9,10,33,40,55,14.5,0,12.7,0,10,0
A24005,1,0,1,0,283.36,0,0,0,0,12.7,12.7,11.2,9.7,7.4,6.6,6.2,6.2,7.5,8.4,9.4,11.6,10,10,10,10,7.5,5.5,5,5,6.5,7.5,9,10,33,40,55,14.5,0,12.7,0,10,0
A24009,1,0,1,0,94.47,0,0,0,0,12.7,12.7,11.2,9.7,7.4,6.6,6.2,6.2,7.5,8.4,9.4,11.6,10,10,10,10,7.5,5.5,5,5,6.5,7.5,9,10,33,40,55,14.5,0,12.7,0,10,0
A24011,1,0,1,0,44.95,0,0,0,0,12.7,12.7,11.2,9.7,7.4,6.6,6.2,6.2,7.5,8.4,9.4,11.6,10,10,10,10,7.5,5.5,5,5,6.5,7.5,9,10,33,40,55,14.5,0,12.7,0,10,0
A24013,1,0,1,0,687.17,0,0,0,0,12.7,12.7,11.2,9.7,7.4,6.6,6.2,6.2,7.5,8.4,9.4,11.6,10,10,10,10,7.5,5.5,5,5,6.5,7.5,9,10,33,40,55,14.5,0,12.7,0,10,0
A24015,1,0,1,0,184.85,0,0,0,0,12.7,12.7,11.2,9.7,7.4,6.6,6.2,6.2,7.5,8.4,9.4,11.6,10,10,10,10,7.5,5.5,5,5,6.5,7.5,9,10,33,40,55,14.5,0,12.7,0,10,0
A24017,1,0,1,0,143.58,0,0,0,0,12.7,12.7,11.2,9.7,7.4,6.6,6.2,6.2,7.5,8.4,9.4,11.6,10,10,10,10,7.5,5.5,5,5,6.5,7.5,9,10,33,40,55,14.5,0,12.7,0,10,0
A24019,1,0,1,0,20.43,0,0,0,0,12.7,12.7,11.2,9.7,7.4,6.6,6.2,6.2,7.5,8.4,9.4,11.6,10,10,10,10,7.5,5.5,5,5,6.5,7.5,9,10,33,40,55,14.5,0,12.7,0,10,0
A24021,1,0,1,0,404.29,0,0,0,0,12.7,12.7,11.2,9.7,7.4,6.6,6.2,6.2,7.5,8.4,9.4,11.6,10,10,10,10,7.5,5.5,5,5,6.5,7.5,9,10,33,40,55,14.5,0,12.7,0,10,0
A24023,1,0,1,0,2453.84,0,0,0,0,12.7,12.7,11.2,9.7,7.4,6.6,6.2,6.2,7.5,8.4,9.4,11.6,10,10,10,10,7.5,5.5,5,5,6.5,7.5,9,10,33,40,55,14.5,0,12.7,0,10,0
A24025,1,0,1,0,247.97,0,0,0,0,12.7,12.7,11.2,9.7,7.4,6.6,6.2,6.2,7.5,8.4,9.4,11.6,10,10,10,10,7.5,5.5,5,5,6.5,7.5,9,10,33,40,55,14.5,0,12.7,0,10,0
A24027,1,0,1,0,376.49,0,0,0,0,12.7,12.7,11.2,9.7,7.4,6.6,6.2,6.2,7.5,8.4,9.4,11.6,10,10,10,10,7.5,5.5,5,5,6.5,7.5,9,10,33,40,55,14.5,0,12.7,0,10,0
A24029,1,0,1,0,48.73,0,0,0,0,12.7,12.7,11.2,9.7,7.4,6.6,6.2,6.2,7.5,8.4,9.4,11.6,10,10,10,10,7.5,5.5,5,5,6.5,7.5,9,10,33,40,55,14.5,0,12.7,0,10,0
A24031,1,0,1,0,415.91,0,0,0,0,12.7,12.7,11.2,9.7,7.4,6.6,6.2,6.2,7.5,8.4,9.4,11.6,10,10,10,10,7.5,5.5,5,5,6.5,7.5,9,10,33,40,55,14.5,0,12.7,0,10,0
A24033,1,0,1,0,165.37,0,0,0,0,12.7,12.7,11.2,9.7,7.4,6.6,6.2,6.2,7.5,8.4,9.4,11.6,10,10,10,10,7.5,5.5,5,5,6.5,7.5,9,10,33,40,55,14.5,0,12.7,0,10,0
A24035,1,0,1,0,44.84,0,0,0,0,12.7,12.7,11.2,9.7,7.4,6.6,6.2,6.2,7.5,8.4,9.4,11.6,10,10,10,10,7.5,5.5,5,5,6.5,7.5,9,10,33,40,55,14.5,0,12.7,0,10,0
A24037,1,0,1,0,75.67,0,0,0,0,12.7,12.7,11.2,9.7,7.4,6.6,6.2,6.2,7.5,8.4,9.4,11.6,10,10,10,10,7.5,5.5,5,5,6.5,7.5,9,10,33,40,55,14.5,0,12.7,0,10,0
A24039,1,0,1,0,11.95,0,0,0,0,12.7,12.7,11.2,9.7,7.4,6.6,6.2,6.2,7.5,8.4,9.4,11.6,10,10,10,10,7.5,5.5,5,5,6.5,7.5,9,10,33,40,55,14.5,0,12.7,0,10,0
A24041,1,0,1,0,31.47,0,0,0,0,12.7,12.7,11.2,9.7,7.4,6.6,6.2,6.2,7.5,8.4,9.4,11.6,10,10,10,10,7.5,5.5,5,5,6.5,7.5,9,10,33,40,55,14.5,0,12.7,0,10,0
A24043,1,0,1,0,580.59,0,0,0,0,12.7,12.7,11.2,9.7,7.4,6.6,6.2,6.2,7.5,8.4,9.4,11.6,10,10,10,10,7.5,5.5,5,5,6.5,7.5,9,10,33,40,55,14.5,0,12.7,0,10,0
A24045,1,0,1,0,35.28,0,0,0,0,12.7,12.7,11.2,9.7,7.4,6.6,6.2,6.2,7.5,8.4,9.4,11.6,10,10,10,10,7.5,5.5,5,5,6.5,7.5,9,10,33,40,55,14.5,0,12.7,0,10,0
A24047,1,0,1,0,20.38,0,0,0,0,12.7,12.7,11.2,9.7,7.4,6.6,6.2,6.2,7.5,8.4,9.4,11.6,10,10,10,10,7.5,5.5,5,5,6.5,7.5,9,10,33,40,55,14.5,0,12.7,0,10,0
A24510,1,0,1,0,136.76,0,0,0,0,12.7,12.7,11.2,9.7,7.4,6.6,6.2,6.2,7.5,8.4,9.4,11.6,10,10,10,10,7.5,5.5,5,5,6.5,7.5,9,10,33,40,55,14.5,0,12.7,0,10,0
A36003,1,0,1,0,1658.89,0,0,0,0,12.7,12.7,11.2,9.7,7.4,6.6,6.2,6.2,7.5,8.4,9.4,11.6,10,10,10,10,7.5,5.5,5,5,6.5,7.5,9,10,33,40,55,14.5,0,12.7,0,10,0
A36007,1,0,1,0,1037.88,0,0,0,0,12.7,12.7,11.2,9.7,7.4,6.6,6.2,6.2,7.5,8.4,9.4,11.6,10,10,10,10,7.5,5.5,5,5,6.5,7.5,9,10,33,40,55,14.5,0,12.7,0,10,0
A36015,1,0,1,0,966.4,0,0,0,0,12.7,12.7,11.2,9.7,7.4,6.6,6.2,6.2,7.5,8.4,9.4,11.6,10,10,10,10,7.5,5.5,5,5,6.5,7.5,9,10,33,40,55,14.5,0,12.7,0,10,0
A36017,1,0,1,0,1255.58,0,0,0,0,12.7,12.7,11.2,9.7,7.4,6.6,6.2,6.2,7.5,8.4,9.4,11.6,10,10,10,10,7.5,5.5,5,5,6.5,7.5,9,10,33,40,55,14.5,0,12.7,0,10,0
A36023,1,0,1,0,1256.78,0,0,0,0,12.7,12.7,11.2,9.7,7.4,6.6,6.2,6.2,7.5,8.4,9.4,11.6,10,10,10,10,7.5,5.5,5,5,6.5,7.5,9,10,33,40,55,14.5,0,12.7,0,10,0
A36025,1,0,1,0,1467.35,0,0,0,0,12.7,12.7,11.2,9.7,7.4,6.6,6.2,6.2,7.5,8.4,9.4,11.6,10,10,10,10,7.5,5.5,5,5,6.5,7.5,9,10,33,40,55,14.5,0,12.7,0,10,0
A36043,1,0,1,0,1000,0,0,0,0,12.7,12.7,11.2,9.7,7.4,6.6,6.2,6.2,7.5,8.4,9.4,11.6,10,10,10,10,7.5,5.5,5,5,6.5,7.5,9,10,33,40,55,14.5,0,12.7,0,10,0
A36051,1,0,1,0,891.31,0,0,0,0,12.7,12.7,11.2,9.7,7.4,6.6,6.2,6.2,7.5,8.4,9.4,11.6,10,10,10,10,7.5,5.5,5,5,6.5,7.5,9,10,33,40,55,14.5,0,12.7,0,10,0
A36053,1,0,1,0,1049.29,0,0,0,0,12.7,12.7,11.2,9.7,7.4,6.6,6.2,6.2,7.5,8.4,9.4,11.6,10,10,10,10,7.5,5.5,5,5,6.5,7.5,9,10,33,40,55,14.5,0,12.7,0,10,0
A36065,1,0,1,0,718.43,0,0,0,0,12.7,12.7,11.2,9.7,7.4,6.6,6.2,6.2,7.5,8.4,9.4,11.6,10,10,10,10,7.5,5.5,5,5,6.5,7.5,9,10,33,40,55,14.5,0,12.7,0,10,0
A36067,1,0,1,0,557,0,0,0,0,12.7,12.7,11.2,9.7,7.4,6.6,6.2,6.2,7.5,8.4,9.4,11.6,10,10,10,10,7.5,5.5,5,5,6.5,7.5,9,10,33,40,55,14.5,0,12.7,0,10,0
A36069,1,0,1,0,784.79,0,0,0,0,12.7,12.7,11.2,9.7,7.4,6.6,6.2,6.2,7.5,8.4,9.4,11.6,10,10,10,10,7.5,5.5,5,5,6.5,7.5,9,10,33,40,55,14.5,0,12.7,0,10,0
A36077,1,0,1,0,1347.87,0,0,0,0,12.7,12.7,11.2,9.7,7.4,6.6,6.2,6.2,7.5,8.4,9.4,11.6,10,10,10,10,7.5,5.5,5,5,6.5,7.5,9,10,33,40,55,14.5,0,12.7,0,10,0
A36095,1,0,1,0,1190.7,0,0,0,0,12.7,12.7,11.2,9.7,7.4,6.6,6.2,6.2,7.5,8.4,9.4,11.6,10,10,10,10,7.5,5.5,5,5,6.5,7.5,9,10,33,40,55,14.5,0,12.7,0,10,0
A36097,1,0,1,0,1127.2,0,0,0,0,12.7,12.7,11.2,9.7,7.4,6.6,6.2,6.2,7.5,8.4,9.4,11.6,10,10,10,10,7.5,5.5,5,5,6.5,7.5,9,10,33,40,55,14.5,0,12.7,0,10,0
A36101,1,0,1,0,1376,0,0,0,0,12.7,12.7,11.2,9.7,7.4,6.6,6.2,6.2,7.5,8.4,9.4,11.6,10,10,10,10,7.5,5.5,5,5,6.5,7.5,9,10,33,40,55,14.5,0,12.7,0,10,0
A36107,1,0,1,0,1002.15,0,0,0,0,12.7,12.7,11.2,9.7,7.4,6.6,6.2,6.2,7.5,8.4,9.4,11.6,10,10,10,10,7.5,5.5,5,5,6.5,7.5,9,10,33,40,55,14.5,0,12.7,0,10,0
A36109,1,0,1,0,937.28,0,0,0,0,12.7,12.7,11.2,9.7,7.4,6.6,6.2,6.2,7.5,8.4,9.4,11.6,10,10,10,10,7.5,5.5,5,5,6.5,7.5,9,10,33,40,55,14.5,0,12.7,0,10,0
A36123,1,0,1,0,958.34,0,0,0,0,12.7,12.7,11.2,9.7,7.4,6.6,6.2,6.2,7.5,8.4,9.4,11.6,10,10,10,10,7.5,5.5,5,5,6.5,7.5,9,10,33,40,55,14.5,0,12.7,0,10,0
A37001,1,0,1,0,726.90376,0,0,0,0,12.7,12.7,11.2,9.7,7.4,6.6,6.2,6.2,7.5,8.4,9.4,11.6,10,10,10,10,7.5,5.5,5,5,6.5,7.5,9,10,33,40,55,14.5,0,12.7,0,10,0
A37005,1,0,1,0,3231.59048,0,0,0,0,12.7,12.7,11.2,9.7,7.4,6.6,6.2,6.2,7.5,8.4,9.4,11.6,10,10,10,10,7.5,5.5,5,5,6.5,7.5,9,10,33,40,55,14.5,0,12.7,0,10,0
A37009,1,0,1,0,3392.0448,0,0,0,0,12.7,12.7,11.2,9.7,7.4,6.6,6.2,6.2,7.5,8.4,9.4,11.6,10,10,10,10,7.5,5.5,5,5,6.5,7.5,9,10,33,40,55,14.5,0,12.7,0,10,0
A37033,1,0,1,0,577.55552,0,0,0,0,12.7,12.7,11.2,9.7,7.4,6.6,6.2,6.2,7.5,8.4,9.4,11.6,10,10,10,10,7.5,5.5,5,5,6.5,7.5,9,10,33,40,55,14.5,0,12.7,0,10,0
A37067,1,0,1,0,854.27272,0,0,0,0,12.7,12.7,11.2,9.7,7.4,6.6,6.2,6.2,7.5,8.4,9.4,11.6,10,10,10,10,7.5,5.5,5,5,6.5,7.5,9,10,33,40,55,14.5,0,12.7,0,10,0
A37077,1,0,1,0,439.23136,0,0,0,0,12.7,12.7,11.2,9.7,7.4,6.6,6.2,6.2,7.5,8.4,9.4,11.6,10,10,10,10,7.5,5.5,5,5,6.5,7.5,9,10,33,40,55,14.5,0,12.7,0,10,0
A37081,1,0,1,0,877.21304,0,0,0,0,12.7,12.7,11.2,9.7,7.4,6.6,6.2,6.2,7.5,8.4,9.4,11.6,10,10,10,10,7.5,5.5,5,5,6.5,7.5,9,10,33,40,55,14.5,0,12.7,0,10,0
A37131,1,0,1,0,150.068528,0,0,0,0,12.7,12.7,11.2,9.7,7.4,6.6,6.2,6.2,7.5,8.4,9.4,11.6,10,10,10,10,7.5,5.5,5,5,6.5,7.5,9,10,33,40,55,14.5,0,12.7,0,10,0
A37135,1,0,1,0,690.13168,0,0,0,0,12.7,12.7,11.2,9.7,7.4,6.6,6.2,6.2,7.5,8.4,9.4,11.6,10,10,10,10,7.5,5.5,5,5,6.5,7.5,9,10,33,40,55,14.5,0,12.7,0,10,0
A37145,1,0,1,0,537.3296,0,0,0,0,12.7,12.7,11.2,9.7,7.4,6.6,6.2,6.2,7.5,8.4,9.4,11.6,10,10,10,10,7.5,5.5,5,5,6.5,7.5,9,10,33,40,55,14.5,0,12.7,0,10,0
A37157,1,0,1,0,714.86616,0,0,0,0,12.7,12.7,11.2,9.7,7.4,6.6,6.2,6.2,7.5,8.4,9.4,11.6,10,10,10,10,7.5,5.5,5,5,6.5,7.5,9,10,33,40,55,14.5,0,12.7,0,10,0
A37169,1,0,1,0,959.63944,0,0,0,0,12.7,12.7,11.2,9.7,7.4,6.6,6.2,6.2,7.5,8.4,9.4,11.6,10,10,10,10,7.5,5.5,5,5,6.5,7.5,9,10,33,40,55,14.5,0,12.7,0,10,0
A37171,1,0,1,0,1429.16488,0,0,0,0,12.7,12.7,11.2,9.7,7.4,6.6,6.2,6.2,7.5,8.4,9.4,11.6,10,10,10,10,7.5,5.5,5,5,6.5,7.5,9,10,33,40,55,14.5,0,12.7,0,10,0
A37181,1,0,1,0,382.21184,0,0,0,0,12.7,12.7,11.2,9.7,7.4,6.6,6.2,6.2,7.5,8.4,9.4,11.6,10,10,10,10,7.5,5.5,5,5,6.5,7.5,9,10,33,40,55,14.5,0,12.7,0,10,0
A37185,1,0,1,0,343.41928,0,0,0,0,12.7,12.7,11.2,9.7,7.4,6.6,6.2,6.2,7.5,8.4,9.4,11.6,10,10,10,10,7.5,5.5,5,5,6.5,7.5,9,10,33,40,55,14.5,0,12.7,0,10,0
A37189,1,0,1,0,3587.4344,0,0,0,0,12.7,12.7,11.2,9.7,7.4,6.6,6.2,6.2,7.5,8.4,9.4,11.6,10,10,10,10,7.5,5.5,5,5,6.5,7.5,9,10,33,40,55,14.5,0,12.7,0,10,0
A42001,1,0,1,0,565.92,0,0,0,0,12.7,12.7,11.2,9.7,7.4,6.6,6.2,6.2,7.5,8.4,9.4,11.6,10,10,10,10,7.5,5.5,5,5,6.5,7.5,9,10,33,40,55,14.5,0,12.7,0,10,0
A42009,1,0,1,0,1239.05,0,0,0,0,12.7,12.7,11.2,9.7,7.4,6.6,6.2,6.2,7.5,8.4,9.4,11.6,10,10,10,10,7.5,5.5,5,5,6.5,7.5,9,10,33,40,55,14.5,0,12.7,0,10,0
A42011,1,0,1,0,436.04,0,0,0,0,12.7,12.7,11.2,9.7,7.4,6.6,6.2,6.2,7.5,8.4,9.4,11.6,10,10,10,10,7.5,5.5,5,5,6.5,7.5,9,10,33,40,55,14.5,0,12.7,0,10,0
A42013,1,0,1,0,1210.99,0,0,0,0,12.7,12.7,11.2,9.7,7.4,6.6,6.2,6.2,7.5,8.4,9.4,11.6,10,10,10,10,7.5,5.5,5,5,6.5,7.5,9,10,33,40,55,14.5,0,12.7,0,10,0
A42015,1,0,1,0,1108.05,0,0,0,0,12.7,12.7,11.2,9.7,7.4,6.6,6.2,6.2,7.5,8.4,9.4,11.6,10,10,10,10,7.5,5.5,5,5,6.5,7.5,9,10,33,40,55,14.5,0,12.7,0,10,0
A42021,1,0,1,0,1838.72,0,0,0,0,12.7,12.7,11.2,9.7,7.4,6.6,6.2,6.2,7.5,8.4,9.4,11.6,10,10,10,10,7.5,5.5,5,5,6.5,7.5,9,10,33,40,55,14.5,0,12.7,0,10,0
A42023,1,0,1,0,1088.23,0,0,0,0,12.7,12.7,11.2,9.7,7.4,6.6,6.2,6.2,7.5,8.4,9.4,11.6,10,10,10,10,7.5,5.5,5,5,6.5,7.5,9,10,33,40,55,14.5,0,12.7,0,10,0
A42025,1,0,1,0,1022.08,0,0,0,0,12.7,12.7,11.2,9.7,7.4,6.6,6.2,6.2,7.5,8.4,9.4,11.6,10,10,10,10,7.5,5.5,5,5,6.5,7.5,9,10,33,40,55,14.5,0,12.7,0,10,0
A42027,1,0,1,0,1102.85,0,0,0,0,12.7,12.7,11.2,9.7,7.4,6.6,6.2,6.2,7.5,8.4,9.4,11.6,10,10,10,10,7.5,5.5,5,5,6.5,7.5,9,10,33,40,55,14.5,0,12.7,0,10,0
A42029,1,0,1,0,413.31,0,0,0,0,12.7,12.7,11.2,9.7,7.4,6.6,6.2,6.2,7.5,8.4,9.4,11.6,10,10,10,10,7.5,5.5,5,5,6.5,7.5,9,10,33,40,55,14.5,0,12.7,0,10,0
A42033,1,0,1,0,1510.83,0,0,0,0,12.7,12.7,11.2,9.7,7.4,6.6,6.2,6.2,7.5,8.4,9.4,11.6,10,10,10,10,7.5,5.5,5,5,6.5,7.5,9,10,33,40,55,14.5,0,12.7,0,10,0
A42035,1,0,1,0,1182.2,0,0,0,0,12.7,12.7,11.2,9.7,7.4,6.6,6.2,6.2,7.5,8.4,9.4,11.6,10,10,10,10,7.5,5.5,5,5,6.5,7.5,9,10,33,40,55,14.5,0,12.7,0,10,0
A42037,1,0,1,0,771.02,0,0,0,0,12.7,12.7,11.2,9.7,7.4,6.6,6.2,6.2,7.5,8.4,9.4,11.6,10,10,10,10,7.5,5.5,5,5,6.5,7.5,9,10,33,40,55,14.5,0,12.7,0,10,0
A42041,1,0,1,0,505.29,0,0,0,0,12.7,12.7,11.2,9.7,7.4,6.6,6.2,6.2,7.5,8.4,9.4,11.6,10,10,10,10,7.5,5.5,5,5,6.5,7.5,9,10,33,40,55,14.5,0,12.7,0,10,0
A42043,1,0,1,0,588.45,0,0,0,0,12.7,12.7,11.2,9.7,7.4,6.6,6.2,6.2,7.5,8.4,9.4,11.6,10,10,10,10,7.5,5.5,5,5,6.5,7.5,9,10,33,40,55,14.5,0,12.7,0,10,0
A42047,1,0,1,0,1676.39,0,0,0,0,12.7,12.7,11.2,9.7,7.4,6.6,6.2,6.2,7.5,8.4,9.4,11.6,10,10,10,10,7.5,5.5,5,5,6.5,7.5,9,10,33,40,55,14.5,0,12.7,0,10,0
A42055,1,0,1,0,696.41,0,0,0,0,12.7,12.7,11.2,9.7,7.4,6.6,6.2,6.2,7.5,8.4,9.4,11.6,10,10,10,10,7.5,5.5,5,5,6.5,7.5,9,10,33,40,55,14.5,0,12.7,0,10,0
A42057,1,0,1,0,1018.88,0,0,0,0,12.7,12.7,11.2,9.7,7.4,6.6,6.2,6.2,7.5,8.4,9.4,11.6,10,10,10,10,7.5,5.5,5,5,6.5,7.5,9,10,33,40,55,14.5,0,12.7,0,10,0
A42061,1,0,1,0,916.13,0,0,0,0,12.7,12.7,11.2,9.7,7.4,6.6,6.2,6.2,7.5,8.4,9.4,11.6,10,10,10,10,7.5,5.5,5,5,6.5,7.5,9,10,33,40,55,14.5,0,12.7,0,10,0
A42063,1,0,1,0,1332.11,0,0,0,0,12.7,12.7,11.2,9.7,7.4,6.6,6.2,6.2,7.5,8.4,9.4,11.6,10,10,10,10,7.5,5.5,5,5,6.5,7.5,9,10,33,40,55,14.5,0,12.7,0,10,0
A42065,1,0,1,0,1520.36,0,0,0,0,12.7,12.7,11.2,9.7,7.4,6.6,6.2,6.2,7.5,8.4,9.4,11.6,10,10,10,10,7.5,5.5,5,5,6.5,7.5,9,10,33,40,55,14.5,0,12.7,0,10,0
A42067,1,0,1,0,643.66,0,0,0,0,12.7,12.7,11.2,9.7,7.4,6.6,6.2,6.2,7.5,8.4,9.4,11.6,10,10,10,10,7.5,5.5,5,5,6.5,7.5,9,10,33,40,55,14.5,0,12.7,0,10,0
A42069,1,0,1,0,1074.86,0,0,0,0,12.7,12.7,11.2,9.7,7.4,6.6,6.2,6.2,7.5,8.4,9.4,11.6,10,10,10,10,7.5,5.5,5,5,6.5,7.5,9,10,33,40,55,14.5,0,12.7,0,10,0
A42071,1,0,1,0,434.51,0,0,0,0,12.7,12.7,11.2,9.7,7.4,6.6,6.2,6.2,7.5,8.4,9.4,11.6,10,10,10,10,7.5,5.5,5,5,6.5,7.5,9,10,33,40,55,14.5,0,12.7,0,10,0
A42075,1,0,1,0,513.74,0,0,0,0,12.7,12.7,11.2,9.7,7.4,6.6,6.2,6.2,7.5,8.4,9.4,11.6,10,10,10,10,7.5,5.5,5,5,6.5,7.5,9,10,33,40,55,14.5,0,12.7,0,10,0
A42079,1,0,1,0,950.46,0,0,0,0,12.7,12.7,11.2,9.7,7.4,6.6,6.2,6.2,7.5,8.4,9.4,11.6,10,10,10,10,7.5,5.5,5,5,6.5,7.5,9,10,33,40,55,14.5,0,12.7,0,10,0
A42081,1,0,1,0,1190.46,0,0,0,0,12.7,12.7,11.2,9.7,7.4,6.6,6.2,6.2,7.5,8.4,9.4,11.6,10,10,10,10,7.5,5.5,5,5,6.5,7.5,9,10,33,40,55,14.5,0,12.7,0,10,0
A42083,1,0,1,0,1743.62,0,0,0,0,12.7,12.7,11.2,9.7,7.4,6.6,6.2,6.2,7.5,8.4,9.4,11.6,10,10,10,10,7.5,5.5,5,5,6.5,7.5,9,10,33,40,55,14.5,0,12.7,0,10,0
A42087,1,0,1,0,715.19,0,0,0,0,12.7,12.7,11.2,9.7,7.4,6.6,6.2,6.2,7.5,8.4,9.4,11.6,10,10,10,10,7.5,5.5,5,5,6.5,7.5,9,10,33,40,55,14.5,0,12.7,0,10,0
A42093,1,0,1,0,601.45,0,0,0,0,12.7,12.7,11.2,9.7,7.4,6.6,6.2,6.2,7.5,8.4,9.4,11.6,10,10,10,10,7.5,5.5,5,5,6.5,7.5,9,10,33,40,55,14.5,0,12.7,0,10,0
A42097,1,0,1,0,687.32,0,0,0,0,12.7,12.7,11.2,9.7,7.4,6.6,6.2,6.2,7.5,8.4,9.4,11.6,10,10,10,10,7.5,5.5,5,5,6.5,7.5,9,10,33,40,55,14.5,0,12.7,0,10,0
A42099,1,0,1,0,605.94,0,0,0,0,12.7,12.7,11.2,9.7,7.4,6.6,6.2,6.2,7.5,8.4,9.4,11.6,10,10,10,10,7.5,5.5,5,5,6.5,7.5,9,10,33,40,55,14.5,0,12.7,0,10,0
A42105,1,0,1,0,1827.64,0,0,0,0,12.7,12.7,11.2,9.7,7.4,6.6,6.2,6.2,7.5,8.4,9.4,11.6,10,10,10,10,7.5,5.5,5,5,6.5,7.5,9,10,33,40,55,14.5,0,12.7,0,10,0
A42107,1,0,1,0,968.34,0,0,0,0,12.7,12.7,11.2,9.7,7.4,6.6,6.2,6.2,7.5,8.4,9.4,11.6,10,10,10,10,7.5,5.5,5,5,6.5,7.5,9,10,33,40,55,14.5,0,12.7,0,10,0
A42109,1,0,1,0,618.5,0,0,0,0,12.7,12.7,11.2,9.7,7.4,6.6,6.2,6.2,7.5,8.4,9.4,11.6,10,10,10,10,7.5,5.5,5,5,6.5,7.5,9,10,33,40,55,14.5,0,12.7,0,10,0
A42111,1,0,1,0,2114.02,0,0,0,0,12.7,12.7,11.2,9.7,7.4,6.6,6.2,6.2,7.5,8.4,9.4,11.6,10,10,10,10,7.5,5.5,5,5,6.5,7.5,9,10,33,40,55,14.5,0,12.7,0,10,0
A42113,1,0,1,0,1591.59,0,0,0,0,12.7,12.7,11.2,9.7,7.4,6.6,6.2,6.2,7.5,8.4,9.4,11.6,10,10,10,10,7.5,5.5,5,5,6.5,7.5,9,10,33,40,55,14.5,0,12.7,0,10,0
A42115,1,0,1,0,1309.98,0,0,0,0,12.7,12.7,11.2,9.7,7.4,6.6,6.2,6.2,7.5,8.4,9.4,11.6,10,10,10,10,7.5,5.5,5,5,6.5,7.5,9,10,33,40,55,14.5,0,12.7,0,10,0
A42117,1,0,1,0,1493.82,0,0,0,0,12.7,12.7,11.2,9.7,7.4,6.6,6.2,6.2,7.5,8.4,9.4,11.6,10,10,10,10,7.5,5.5,5,5,6.5,7.5,9,10,33,40,55,14.5,0,12.7,0,10,0
A42119,1,0,1,0,871.77,0,0,0,0,12.7,12.7,11.2,9.7,7.4,6.6,6.2,6.2,7.5,8.4,9.4,11.6,10,10,10,10,7.5,5.5,5,5,6.5,7.5,9,10,33,40,55,14.5,0,12.7,0,10,0
A42127,1,0,1,0,1402.44,0,0,0,0,12.7,12.7,11.2,9.7,7.4,6.6,6.2,6.2,7.5,8.4,9.4,11.6,10,10,10,10,7.5,5.5,5,5,6.5,7.5,9,10,33,40,55,14.5,0,12.7,0,10,0
A42131,1,0,1,0,901.7,0,0,0,0,12.7,12.7,11.2,9.7,7.4,6.6,6.2,6.2,7.5,8.4,9.4,11.6,10,10,10,10,7.5,5.5,5,5,6.5,7.5,9,10,33,40,55,14.5,0,12.7,0,10,0
A42133,1,0,1,0,572.07,0,0,0,0,12.7,12.7,11.2,9.7,7.4,6.6,6.2,6.2,7.5,8.4,9.4,11.6,10,10,10,10,7.5,5.5,5,5,6.5,7.5,9,10,33,40,55,14.5,0,12.7,0,10,0
A47091,1,0,1,0,3120.13608,0,0,0,0,12.7,12.7,11.2,9.7,7.4,6.6,6.2,6.2,7.5,8.4,9.4,11.6,10,10,10,10,7.5,5.5,5,5,6.5,7.5,9,10,33,40,55,14.5,0,12.7,0,10,0
A47163,1,0,1,0,2972.61808,0,0,0,0,12.7,12.7,11.2,9.7,7.4,6.6,6.2,6.2,7.5,8.4,9.4,11.6,10,10,10,10,7.5,5.5,5,5,6.5,7.5,9,10,33,40,55,14.5,0,12.7,0,10,0
A51001,1,0,1,0,26.93,0,0,0,0,12.7,12.7,11.2,9.7,7.4,6.6,6.2,6.2,7.5,8.4,9.4,11.6,10,10,10,10,7.5,5.5,5,5,6.5,7.5,9,10,33,40,55,14.5,0,12.7,0,10,0
A51003,1,0,1,0,550.05,0,0,0,0,12.7,12.7,11.2,9.7,7.4,6.6,6.2,6.2,7.5,8.4,9.4,11.6,10,10,10,10,7.5,5.5,5,5,6.5,7.5,9,10,33,40,55,14.5,0,12.7,0,10,0
A51005,1,0,1,0,1527.44,0,0,0,0,12.7,12.7,11.2,9.7,7.4,6.6,6.2,6.2,7.5,8.4,9.4,11.6,10,10,10,10,7.5,5.5,5,5,6.5,7.5,9,10,33,40,55,14.5,0,12.7,0,10,0
A51007,1,0,1,0,342.57,0,0,0,0,12.7,12.7,11.2,9.7,7.4,6.6,6.2,6.2,7.5,8.4,9.4,11.6,10,10,10,10,7.5,5.5,5,5,6.5,7.5,9,10,33,40,55,14.5,0,12.7,0,10,0
A51009,1,0,1,0,778.54,0,0,0,0,12.7,12.7,11.2,9.7,7.4,6.6,6.2,6.2,7.5,8.4,9.4,11.6,10,10,10,10,7.5,5.5,5,5,6.5,7.5,9,10,33,40,55,14.5,0,12.7,0,10,0
A51011,1,0,1,0,742.32,0,0,0,0,12.7,12.7,11.2,9.7,7.4,6.6,6.2,6.2,7.5,8.4,9.4,11.6,10,10,10,10,7.5,5.5,5,5,6.5,7.5,9,10,33,40,55,14.5,0,12.7,0,10,0
A51013,1,0,1,0,149.82,0,0,0,0,12.7,12.7,11.2,9.7,7.4,6.6,6.2,6.2,7.5,8.4,9.4,11.6,10,10,10,10,7.5,5.5,5,5,6.5,7.5,9,10,33,40,55,14.5,0,12.7,0,10,0
A51015,1,0,1,0,1469.45,0,0,0,0,12.7,12.7,11.2,9.7,7.4,6.6,6.2,6.2,7.5,8.4,9.4,11.6,10,10,10,10,7.5,5.5,5,5,6.5,7.5,9,10,33,40,55,14.5,0,12.7,0,10,0
A51017,1,0,1,0,2403.86,0,0,0,0,12.7,12.7,11.2,9.7,7.4,6.6,6.2,6.2,7.5,8.4,9.4,11.6,10,10,10,10,7.5,5.5,5,5,6.5,7.5,9,10,33,40,55,14.5,0,12.7,0,10,0
A51019,1,0,1,0,1596.4,0,0,0,0,12.7,12.7,11.2,9.7,7.4,6.6,6.2,6.2,7.5,8.4,9.4,11.6,10,10,10,10,7.5,5.5,5,5,6.5,7.5,9,10,33,40,55,14.5,0,12.7,0,10,0
A51021,1,0,1,0,2426.45,0,0,0,0,12.7,12.7,11.2,9.7,7.4,6.6,6.2,6.2,7.5,8.4,9.4,11.6,10,10,10,10,7.5,5.5,5,5,6.5,7.5,9,10,33,40,55,14.5,0,12.7,0,10,0
A51023,1,0,1,0,1187.66,0,0,0,0,12.7,12.7,11.2,9.7,7.4,6.6,6.2,6.2,7.5,8.4,9.4,11.6,10,10,10,10,7.5,5.5,5,5,6.5,7.5,9,10,33,40,55,14.5,0,12.7,0,10,0
A51025,1,0,1,0,312.67,0,0,0,0,12.7,12.7,11.2,9.7,7.4,6.6,6.2,6.2,7.5,8.4,9.4,11.6,10,10,10,10,7.5,5.5,5,5,6.5,7.5,9,10,33,40,55,14.5,0,12.7,0,10,0
A51027,1,0,1,0,1904.38768,0,0,0,0,12.7,12.7,11.2,9.7,7.4,6.6,6.2,6.2,7.5,8.4,9.4,11.6,10,10,10,10,7.5,5.5,5,5,6.5,7.5,9,10,33,40,55,14.5,0,12.7,0,10,0
A51029,1,0,1,0,527.08,0,0,0,0,12.7,12.7,11.2,9.7,7.4,6.6,6.2,6.2,7.5,8.4,9.4,11.6,10,10,10,10,7.5,5.5,5,5,6.5,7.5,9,10,33,40,55,14.5,0,12.7,0,10,0
A51031,1,0,1,0,759.99,0,0,0,0,12.7,12.7,11.2,9.7,7.4,6.6,6.2,6.2,7.5,8.4,9.4,11.6,10,10,10,10,7.5,5.5,5,5,6.5,7.5,9,10,33,40,55,14.5,0,12.7,0,10,0
A51033,1,0,1,0,192.98,0,0,0,0,12.7,12.7,11.2,9.7,7.4,6.6,6.2,6.2,7.5,8.4,9.4,11.6,10,10,10,10,7.5,5.5,5,5,6.5,7.5,9,10,33,40,55,14.5,0,12.7,0,10,0
A51035,1,0,1,0,2542.50184,0,0,0,0,12.7,12.7,11.2,9.7,7.4,6.6,6.2,6.2,7.5,8.4,9.4,11.6,10,10,10,10,7.5,5.5,5,5,6.5,7.5,9,10,33,40,55,14.5,0,12.7,0,10,0
A51036,1,0,1,0,68.29,0,0,0,0,12.7,12.7,11.2,9.7,7.4,6.6,6.2,6.2,7.5,8.4,9.4,11.6,10,10,10,10,7.5,5.5,5,5,6.5,7.5,9,10,33,40,55,14.5,0,12.7,0,10,0
A51037,1,0,1,0,545.85,0,0,0,0,12.7,12.7,11.2,9.7,7.4,6.6,6.2,6.2,7.5,8.4,9.4,11.6,10,10,10,10,7.5,5.5,5,5,6.5,7.5,9,10,33,40,55,14.5,0,12.7,0,10,0
A51041,1,0,1,0,200.48,0,0,0,0,12.7,12.7,11.2,9.7,7.4,6.6,6.2,6.2,7.5,8.4,9.4,11.6,10,10,10,10,7.5,5.5,5,5,6.5,7.5,9,10,33,40,55,14.5,0,12.7,0,10,0
A51043,1,0,1,0,637.42,0,0,0,0,12.7,12.7,11.2,9.7,7.4,6.6,6.2,6.2,7.5,8.4,9.4,11.6,10,10,10,10,7.5,5.5,5,5,6.5,7.5,9,10,33,40,55,14.5,0,12.7,0,10,0
A51045,1,0,1,0,1872.66,0,0,0,0,12.7,12.7,11.2,9.7,7.4,6.6,6.2,6.2,7.5,8.4,9.4,11.6,10,10,10,10,7.5,5.5,5,5,6.5,7.5,9,10,33,40,55,14.5,0,12.7,0,10,0
A51047,1,0,1,0,409.68,0,0,0,0,12.7,12.7,11.2,9.7,7.4,6.6,6.2,6.2,7.5,8.4,9.4,11.6,10,10,10,10,7.5,5.5,5,5,6.5,7.5,9,10,33,40,55,14.5,0,12.7,0,10,0
A51049,1,0,1,0,399.16,0,0,0,0,12.7,12.7,11.2,9.7,7.4,6.6,6.2,6.2,7.5,8.4,9.4,11.6,10,10,10,10,7.5,5.5,5,5,6.5,7.5,9,10,33,40,55,14.5,0,12.7,0,10,0
A51051,1,0,1,0,1942.2028,0,0,0,0,12.7,12.7,11.2,9.7,7.4,6.6,6.2,6.2,7.5,8.4,9.4,11.6,10,10,10,10,7.5,5.5,5,5,6.5,7.5,9,10,33,40,55,14.5,0,12.7,0,10,0
A51053,1,0,1,0,240.22,0,0,0,0,12.7,12.7,11.2,9.7,7.4,6.6,6.2,6.2,7.5,8.4,9.4,11.6,10,10,10,10,7.5,5.5,5,5,6.5,7.5,9,10,33,40,55,14.5,0,12.7,0,10,0
A51057,1,0,1,0,96.27,0,0,0,0,12.7,12.7,11.2,9.7,7.4,6.6,6.2,6.2,7.5,8.4,9.4,11.6,10,10,10,10,7.5,5.5,5,5,6.5,7.5,9,10,33,40,55,14.5,0,12.7,0,10,0
A51059,1,0,1,0,289.9,0,0,0,0,12.7,12.7,11.2,9.7,7.4,6.6,6.2,6.2,7.5,8.4,9.4,11.6,10,10,10,10,7.5,5.5,5,5,6.5,7.5,9,10,33,40,55,14.5,0,12.7,0,10,0
A51061,1,0,1,0,468.47,0,0,0,0,12.7,12.7,11.2,9.7,7.4,6.6,6.2,6.2,7.5,8.4,9.4,11.6,10,10,10,10,7.5,5.5,5,5,6.5,7.5,9,10,33,40,55,14.5,0,12.7,0,10,0
A51063,1,0,1,0,2566.7,0,0,0,0,12.7,12.7,11.2,9.7,7.4,6.6,6.2,6.2,7.5,8.4,9.4,11.6,10,10,10,10,7.5,5.5,5,5,6.5,7.5,9,10,33,40,55,14.5,0,12.7,0,10,0
A51065,1,0,1,0,413.48,0,0,0,0,12.7,12.7,11.2,9.7,7.4,6.6,6.2,6.2,7.5,8.4,9.4,11.6,10,10,10,10,7.5,5.5,5,5,6.5,7.5,9,10,33,40,55,14.5,0,12.7,0,10,0
A51067,1,0,1,0,1107.62,0,0,0,0,12.7,12.7,11.2,9.7,7.4,6.6,6.2,6.2,7.5,8.4,9.4,11.6,10,10,10,10,7.5,5.5,5,5,6.5,7.5,9,10,33,40,55,14.5,0,12.7,0,10,0
A51069,1,0,1,0,787.27,0,0,0,0,12.7,12.7,11.2,9.7,7.4,6.6,6.2,6.2,7.5,8.4,9.4,11.6,10,10,10,10,7.5,5.5,5,5,6.5,7.5,9,10,33,40,55,14.5,0,12.7,0,10,0
A51071,1,0,1,0,2091.1,0,0,0,0,12.7,12.7,11.2,9.7,7.4,6.6,6.2,6.2,7.5,8.4,9.4,11.6,10,10,10,10,7.5,5.5,5,5,6.5,7.5,9,10,33,40,55,14.5,0,12.7,0,10,0
A51073,1,0,1,0,53.96,0,0,0,0,12.7,12.7,11.2,9.7,7.4,6.6,6.2,6.2,7.5,8.4,9.4,11.6,10,10,10,10,7.5,5.5,5,5,6.5,7.5,9,10,33,40,55,14.5,0,12.7,0,10,0
A51075,1,0,1,0,295.58,0,0,0,0,12.7,12.7,11.2,9.7,7.4,6.6,6.2,6.2,7.5,8.4,9.4,11.6,10,10,10,10,7.5,5.5,5,5,6.5,7.5,9,10,33,40,55,14.5,0,12.7,0,10,0
A51077,1,0,1,0,2626.99136,0,0,0,0,12.7,12.7,11.2,9.7,7.4,6.6,6.2,6.2,7.5,8.4,9.4,11.6,10,10,10,10,7.5,5.5,5,5,6.5,7.5,9,10,33,40,55,14.5,0,12.7,0,10,0
A51079,1,0,1,0,620.34,0,0,0,0,12.7,12.7,11.2,9.7,7.4,6.6,6.2,6.2,7.5,8.4,9.4,11.6,10,10,10,10,7.5,5.5,5,5,6.5,7.5,9,10,33,40,55,14.5,0,12.7,0,10,0
A51081,1,0,1,0,155.94,0,0,0,0,12.7,12.7,11.2,9.7,7.4,6.6,6.2,6.2,7.5,8.4,9.4,11.6,10,10,10,10,7.5,5.5,5,5,6.5,7.5,9,10,33,40,55,14.5,0,12.7,0,10,0
A51083,1,0,1,0,499.3,0,0,0,0,12.7,12.7,11.2,9.7,7.4,6.6,6.2,6.2,7.5,8.4,9.4,11.6,10,10,10,10,7.5,5.5,5,5,6.5,7.5,9,10,33,40,55,14.5,0,12.7,0,10,0
A51085,1,0,1,0,191.12,0,0,0,0,12.7,12.7,11.2,9.7,7.4,6.6,6.2,6.2,7.5,8.4,9.4,11.6,10,10,10,10,7.5,5.5,5,5,6.5,7.5,9,10,33,40,55,14.5,0,12.7,0,10,0
A51087,1,0,1,0,191.95,0,0,0,0,12.7,12.7,11.2,9.7,7.4,6.6,6.2,6.2,7.5,8.4,9.4,11.6,10,10,10,10,7.5,5.5,5,5,6.5,7.5,9,10,33,40,55,14.5,0,12.7,0,10,0
A51089,1,0,1,0,873.7,0,0,0,0,12.7,12.7,11.2,9.7,7.4,6.6,6.2,6.2,7.5,8.4,9.4,11.6,10,10,10,10,7.5,5.5,5,5,6.5,7.5,9,10,33,40,55,14.5,0,12.7,0,10,0
A51091,1,0,1,0,2801.63,0,0,0,0,12.7,12.7,11.2,9.7,7.4,6.6,6.2,6.2,7.5,8.4,9.4,11.6,10,10,10,10,7.5,5.5,5,5,6.5,7.5,9,10,33,40,55,14.5,0,12.7,0,10,0
A51093,1,0,1,0,56.27,0,0,0,0,12.7,12.7,11.2,9.7,7.4,6.6,6.2,6.2,7.5,8.4,9.4,11.6,10,10,10,10,7.5,5.5,5,5,6.5,7.5,9,10,33,40,55,14.5,0,12.7,0,10,0
A51095,1,0,1,0,81.54,0,0,0,0,12.7,12.7,11.2,9.7,7.4,6.6,6.2,6.2,7.5,8.4,9.4,11.6,10,10,10,10,7.5,5.5,5,5,6.5,7.5,9,10,33,40,55,14.5,0,12.7,0,10,0
A51097,1,0,1,0,116.06,0,0,0,0,12.7,12.7,11.2,9.7,7.4,6.6,6.2,6.2,7.5,8.4,9.4,11.6,10,10,10,10,7.5,5.5,5,5,6.5,7.5,9,10,33,40,55,14.5,0,12.7,0,10,0
A51099,1,0,1,0,103.04,0,0,0,0,12.7,12.7,11.2,9.7,7.4,6.6,6.2,6.2,7.5,8.4,9.4,11.6,10,10,10,10,7.5,5.5,5,5,6.5,7.5,9,10,33,40,55,14.5,0,12.7,0,10,0
A51101,1,0,1,0,105.71,0,0,0,0,12.7,12.7,11.2,9.7,7.4,6.6,6.2,6.2,7.5,8.4,9.4,11.6,10,10,10,10,7.5,5.5,5,5,6.5,7.5,9,10,33,40,55,14.5,0,12.7,0,10,0
A51103,1,0,1,0,54.93,0,0,0,0,12.7,12.7,11.2,9.7,7.4,6.6,6.2,6.2,7.5,8.4,9.4,11.6,10,10,10,10,7.5,5.5,5,5,6.5,7.5,9,10,33,40,55,14.5,0,12.7,0,10,0
A51105,1,0,1,0,1667.41752,0,0,0,0,12.7,12.7,11.2,9.7,7.4,6.6,6.2,6.2,7.5,8.4,9.4,11.6,10,10,10,10,7.5,5.5,5,5,6.5,7.5,9,10,33,40,55,14.5,0,12.7,0,10,0
A51107,1,0,1,0,364.9,0,0,0,0,12.7,12.7,11.2,9.7,7.4,6.6,6.2,6.2,7.5,8.4,9.4,11.6,10,10,10,10,7.5,5.5,5,5,6.5,7.5,9,10,33,40,55,14.5,0,12.7,0,10,0
A51109,1,0,1,0,413.07,0,0,0,0,12.7,12.7,11.2,9.7,7.4,6.6,6.2,6.2,7.5,8.4,9.4,11.6,10,10,10,10,7.5,5.5,5,5,6.5,7.5,9,10,33,40,55,14.5,0,12.7,0,10,0
A51111,1,0,1,0,473.86,0,0,0,0,12.7,12.7,11.2,9.7,7.4,6.6,6.2,6.2,7.5,8.4,9.4,11.6,10,10,10,10,7.5,5.5,5,5,6.5,7.5,9,10,33,40,55,14.5,0,12.7,0,10,0
A51113,1,0,1,0,550.77,0,0,0,0,12.7,12.7,11.2,9.7,7.4,6.6,6.2,6.2,7.5,8.4,9.4,11.6,10,10,10,10,7.5,5.5,5,5,6.5,7.5,9,10,33,40,55,14.5,0,12.7,0,10,0
A51115,1,0,1,0,13.34,0,0,0,0,12.7,12.7,11.2,9.7,7.4,6.6,6.2,6.2,7.5,8.4,9.4,11.6,10,10,10,10,7.5,5.5,5,5,6.5,7.5,9,10,33,40,55,14.5,0,12.7,0,10,0
A51117,1,0,1,0,390.22,0,0,0,0,12.7,12.7,11.2,9.7,7.4,6.6,6.2,6.2,7.5,8.4,9.4,11.6,10,10,10,10,7.5,5.5,5,5,6.5,7.5,9,10,33,40,55,14.5,0,12.7,0,10,0
A51119,1,0,1,0,66.38,0,0,0,0,12.7,12.7,11.2,9.7,7.4,6.6,6.2,6.2,7.5,8.4,9.4,11.6,10,10,10,10,7.5,5.5,5,5,6.5,7.5,9,10,33,40,55,14.5,0,12.7,0,10,0
A51121,1,0,1,0,1952.91,0,0,0,0,12.7,12.7,11.2,9.7,7.4,6.6,6.2,6.2,7.5,8.4,9.4,11.6,10,10,10,10,7.5,5.5,5,5,6.5,7.5,9,10,33,40,55,14.5,0,12.7,0,10,0
A51125,1,0,1,0,711.94,0,0,0,0,12.7,12.7,11.2,9.7,7.4,6.6,6.2,6.2,7.5,8.4,9.4,11.6,10,10,10,10,7.5,5.5,5,5,6.5,7.5,9,10,33,40,55,14.5,0,12.7,0,10,0
A51127,1,0,1,0,85.43,0,0,0,0,12.7,12.7,11.2,9.7,7.4,6.6,6.2,6.2,7.5,8.4,9.4,11.6,10,10,10,10,7.5,5.5,5,5,6.5,7.5,9,10,33,40,55,14.5,0,12.7,0,10,0
A51131,1,0,1,0,24.09,0,0,0,0,12.7,12.7,11.2,9.7,7.4,6.6,6.2,6.2,7.5,8.4,9.4,11.6,10,10,10,10,7.5,5.5,5,5,6.5,7.5,9,10,33,40,55,14.5,0,12.7,0,10,0
A51133,1,0,1,0,58.48,0,0,0,0,12.7,12.7,11.2,9.7,7.4,6.6,6.2,6.2,7.5,8.4,9.4,11.6,10,10,10,10,7.5,5.5,5,5,6.5,7.5,9,10,33,40,55,14.5,0,12.7,0,10,0
A51135,1,0,1,0,423.51,0,0,0,0,12.7,12.7,11.2,9.7,7.4,6.6,6.2,6.2,7.5,8.4,9.4,11.6,10,10,10,10,7.5,5.5,5,5,6.5,7.5,9,10,33,40,55,14.5,0,12.7,0,10,0
A51137,1,0,1,0,449.54,0,0,0,0,12.7,12.7,11.2,9.7,7.4,6.6,6.2,6.2,7.5,8.4,9.4,11.6,10,10,10,10,7.5,5.5,5,5,6.5,7.5,9,10,33,40,55,14.5,0,12.7,0,10,0
A51139,1,0,1,0,935.08,0,0,0,0,12.7,12.7,11.2,9.7,7.4,6.6,6.2,6.2,7.5,8.4,9.4,11.6,10,10,10,10,7.5,5.5,5,5,6.5,7.5,9,10,33,40,55,14.5,0,12.7,0,10,0
A51141,1,0,1,0,1293.32,0,0,0,0,12.7,12.7,11.2,9.7,7.4,6.6,6.2,6.2,7.5,8.4,9.4,11.6,10,10,10,10,7.5,5.5,5,5,6.5,7.5,9,10,33,40,55,14.5,0,12.7,0,10,0
A51143,1,0,1,0,745.13,0,0,0,0,12.7,12.7,11.2,9.7,7.4,6.6,6.2,6.2,7.5,8.4,9.4,11.6,10,10,10,10,7.5,5.5,5,5,6.5,7.5,9,10,33,40,55,14.5,0,12.7,0,10,0
A51145,1,0,1,0,326.29,0,0,0,0,12.7,12.7,11.2,9.7,7.4,6.6,6.2,6.2,7.5,8.4,9.4,11.6,10,10,10,10,7.5,5.5,5,5,6.5,7.5,9,10,33,40,55,14.5,0,12.7,0,10,0
A51147,1,0,1,0,491.05,0,0,0,0,12.7,12.7,11.2,9.7,7.4,6.6,6.2,6.2,7.5,8.4,9.4,11.6,10,10,10,10,7.5,5.5,5,5,6.5,7.5,9,10,33,40,55,14.5,0,12.7,0,10,0
A51149,1,0,1,0,112.19,0,0,0,0,12.7,12.7,11.2,9.7,7.4,6.6,6.2,6.2,7.5,8.4,9.4,11.6,10,10,10,10,7.5,5.5,5,5,6.5,7.5,9,10,33,40,55,14.5,0,12.7,0,10,0
A51153,1,0,1,0,232.46,0,0,0,0,12.7,12.7,11.2,9.7,7.4,6.6,6.2,6.2,7.5,8.4,9.4,11.6,10,10,10,10,7.5,5.5,5,5,6.5,7.5,9,10,33,40,55,14.5,0,12.7,0,10,0
A51155,1,0,1,0,2026.77,0,0,0,0,12.7,12.7,11.2,9.7,7.4,6.6,6.2,6.2,7.5,8.4,9.4,11.6,10,10,10,10,7.5,5.5,5,5,6.5,7.5,9,10,33,40,55,14.5,0,12.7,0,10,0
A51157,1,0,1,0,624.57,0,0,0,0,12.7,12.7,11.2,9.7,7.4,6.6,6.2,6.2,7.5,8.4,9.4,11.6,10,10,10,10,7.5,5.5,5,5,6.5,7.5,9,10,33,40,55,14.5,0,12.7,0,10,0
A51159,1,0,1,0,116.22,0,0,0,0,12.7,12.7,11.2,9.7,7.4,6.6,6.2,6.2,7.5,8.4,9.4,11.6,10,10,10,10,7.5,5.5,5,5,6.5,7.5,9,10,33,40,55,14.5,0,12.7,0,10,0
A51161,1,0,1,0,1209.12,0,0,0,0,12.7,12.7,11.2,9.7,7.4,6.6,6.2,6.2,7.5,8.4,9.4,11.6,10,10,10,10,7.5,5.5,5,5,6.5,7.5,9,10,33,40,55,14.5,0,12.7,0,10,0
A51163,1,0,1,0,1318.26,0,0,0,0,12.7,12.7,11.2,9.7,7.4,6.6,6.2,6.2,7.5,8.4,9.4,11.6,10,10,10,10,7.5,5.5,5,5,6.5,7.5,9,10,33,40,55,14.5,0,12.7,0,10,0
A51165,1,0,1,0,1230.5,0,0,0,0,12.7,12.7,11.2,9.7,7.4,6.6,6.2,6.2,7.5,8.4,9.4,11.6,10,10,10,10,7.5,5.5,5,5,6.5,7.5,9,10,33,40,55,14.5,0,12.7,0,10,0
A51167,1,0,1,0,2250.45392,0,0,0,0,12.7,12.7,11.2,9.7,7.4,6.6,6.2,6.2,7.5,8.4,9.4,11.6,10,10,10,10,7.5,5.5,5,5,6.5,7.5,9,10,33,40,55,14.5,0,12.7,0,10,0
A51169,1,0,1,0,1688.28816,0,0,0,0,12.7,12.7,11.2,9.7,7.4,6.6,6.2,6.2,7.5,8.4,9.4,11.6,10,10,10,10,7.5,5.5,5,5,6.5,7.5,9,10,33,40,55,14.5,0,12.7,0,10,0
A51171,1,0,1,0,918.73,0,0,0,0,12.7,12.7,11.2,9.7,7.4,6.6,6.2,6.2,7.5,8.4,9.4,11.6,10,10,10,10,7.5,5.5,5,5,6.5,7.5,9,10,33,40,55,14.5,0,12.7,0,10,0
A51173,1,0,1,0,2554.9396,0,0,0,0,12.7,12.7,11.2,9.7,7.4,6.6,6.2,6.2,7.5,8.4,9.4,11.6,10,10,10,10,7.5,5.5,5,5,6.5,7.5,9,10,33,40,55,14.5,0,12.7,0,10,0
A51175,1,0,1,0,70.08,0,0,0,0,12.7,12.7,11.2,9.7,7.4,6.6,6.2,6.2,7.5,8.4,9.4,11.6,10,10,10,10,7.5,5.5,5,5,6.5,7.5,9,10,33,40,55,14.5,0,12.7,0,10,0
A51177,1,0,1,0,273.84,0,0,0,0,12.7,12.7,11.2,9.7,7.4,6.6,6.2,6.2,7.5,8.4,9.4,11.6,10,10,10,10,7.5,5.5,5,5,6.5,7.5,9,10,33,40,55,14.5,0,12.7,0,10,0
A51179,1,0,1,0,203.31,0,0,0,0,12.7,12.7,11.2,9.7,7.4,6.6,6.2,6.2,7.5,8.4,9.4,11.6,10,10,10,10,7.5,5.5,5,5,6.5,7.5,9,10,33,40,55,14.5,0,12.7,0,10,0
A51181,1,0,1,0,90.46,0,0,0,0,12.7,12.7,11.2,9.7,7.4,6.6,6.2,6.2,7.5,8.4,9.4,11.6,10,10,10,10,7.5,5.5,5,5,6.5,7.5,9,10,33,40,55,14.5,0,12.7,0,10,0
A51183,1,0,1,0,109.15,0,0,0,0,12.7,12.7,11.2,9.7,7.4,6.6,6.2,6.2,7.5,8.4,9.4,11.6,10,10,10,10,7.5,5.5,5,5,6.5,7.5,9,10,33,40,55,14.5,0,12.7,0,10,0
A51185,1,0,1,0,2766.44056,0,0,0,0,12.7,12.7,11.2,9.7,7.4,6.6,6.2,6.2,7.5,8.4,9.4,11.6,10,10,10,10,7.5,5.5,5,5,6.5,7.5,9,10,33,40,55,14.5,0,12.7,0,10,0
A51187,1,0,1,0,603.59,0,0,0,0,12.7,12.7,11.2,9.7,7.4,6.6,6.2,6.2,7.5,8.4,9.4,11.6,10,10,10,10,7.5,5.5,5,5,6.5,7.5,9,10,33,40,55,14.5,0,12.7,0,10,0
A51191,1,0,1,0,2092.49568,0,0,0,0,12.7,12.7,11.2,9.7,7.4,6.6,6.2,6.2,7.5,8.4,9.4,11.6,10,10,10,10,7.5,5.5,5,5,6.5,7.5,9,10,33,40,55,14.5,0,12.7,0,10,0
A51193,1,0,1,0,87.51,0,0,0,0,12.7,12.7,11.2,9.7,7.4,6.6,6.2,6.2,7.5,8.4,9.4,11.6,10,10,10,10,7.5,5.5,5,5,6.5,7.5,9,10,33,40,55,14.5,0,12.7,0,10,0
A51195,1,0,1,0,2220.56656,0,0,0,0,12.7,12.7,11.2,9.7,7.4,6.6,6.2,6.2,7.5,8.4,9.4,11.6,10,10,10,10,7.5,5.5,5,5,6.5,7.5,9,10,33,40,55,14.5,0,12.7,0,10,0
A51197,1,0,1,0,2297.48,0,0,0,0,12.7,12.7,11.2,9.7,7.4,6.6,6.2,6.2,7.5,8.4,9.4,11.6,10,10,10,10,7.5,5.5,5,5,6.5,7.5,9,10,33,40,55,14.5,0,12.7,0,10,0
A51199,1,0,1,0,56.72,0,0,0,0,12.7,12.7,11.2,9.7,7.4,6.6,6.2,6.2,7.5,8.4,9.4,11.6,10,10,10,10,7.5,5.5,5,5,6.5,7.5,9,10,33,40,55,14.5,0,12.7,0,10,0
A51510,1,0,1,0,93.07,0,0,0,0,12.7,12.7,11.2,9.7,7.4,6.6,6.2,6.2,7.5,8.4,9.4,11.6,10,10,10,10,7.5,5.5,5,5,6.5,7.5,9,10,33,40,55,14.5,0,12.7,0,10,0
A51515,1,0,1,0,956.93,0,0,0,0,12.7,12.7,11.2,9.7,7.4,6.6,6.2,6.2,7.5,8.4,9.4,11.6,10,10,10,10,7.5,5.5,5,5,6.5,7.5,9,10,33,40,55,14.5,0,12.7,0,10,0
A51520,1,0,1,0,1809.44808,0,0,0,0,12.7,12.7,11.2,9.7,7.4,6.6,6.2,6.2,7.5,8.4,9.4,11.6,10,10,10,10,7.5,5.5,5,5,6.5,7.5,9,10,33,40,55,14.5,0,12.7,0,10,0
A51530,1,0,1,0,881.68,0,0,0,0,12.7,12.7,11.2,9.7,7.4,6.6,6.2,6.2,7.5,8.4,9.4,11.6,10,10,10,10,7.5,5.5,5,5,6.5,7.5,9,10,33,40,55,14.5,0,12.7,0,10,0
A51540,1,0,1,0,468.1,0,0,0,0,12.7,12.7,11.2,9.7,7.4,6.6,6.2,6.2,7.5,8.4,9.4,11.6,10,10,10,10,7.5,5.5,5,5,6.5,7.5,9,10,33,40,55,14.5,0,12.7,0,10,0
A51550,1,0,1,0,13.89,0,0,0,0,12.7,12.7,11.2,9.7,7.4,6.6,6.2,6.2,7.5,8.4,9.4,11.6,10,10,10,10,7.5,5.5,5,5,6.5,7.5,9,10,33,40,55,14.5,0,12.7,0,10,0
A51570,1,0,1,0,46.26,0,0,0,0,12.7,12.7,11.2,9.7,7.4,6.6,6.2,6.2,7.5,8.4,9.4,11.6,10,10,10,10,7.5,5.5,5,5,6.5,7.5,9,10,33,40,55,14.5,0,12.7,0,10,0
A51580,1,0,1,0,1287.36,0,0,0,0,12.7,12.7,11.2,9.7,7.4,6.6,6.2,6.2,7.5,8.4,9.4,11.6,10,10,10,10,7.5,5.5,5,5,6.5,7.5,9,10,33,40,55,14.5,0,12.7,0,10,0
A51590,1,0,1,0,538.55,0,0,0,0,12.7,12.7,11.2,9.7,7.4,6.6,6.2,6.2,7.5,8.4,9.4,11.6,10,10,10,10,7.5,5.5,5,5,6.5,7.5,9,10,33,40,55,14.5,0,12.7,0,10,0
A51595,1,0,1,0,119.45,0,0,0,0,12.7,12.7,11.2,9.7,7.4,6.6,6.2,6.2,7.5,8.4,9.4,11.6,10,10,10,10,7.5,5.5,5,5,6.5,7.5,9,10,33,40,55,14.5,0,12.7,0,10,0
A51600,1,0,1,0,392.08,0,0,0,0,12.7,12.7,11.2,9.7,7.4,6.6,6.2,6.2,7.5,8.4,9.4,11.6,10,10,10,10,7.5,5.5,5,5,6.5,7.5,9,10,33,40,55,14.5,0,12.7,0,10,0
A51610,1,0,1,0,335.25,0,0,0,0,12.7,12.7,11.2,9.7,7.4,6.6,6.2,6.2,7.5,8.4,9.4,11.6,10,10,10,10,7.5,5.5,5,5,6.5,7.5,9,10,33,40,55,14.5,0,12.7,0,10,0
A51620,1,0,1,0,35.619488,0,0,0,0,12.7,12.7,11.2,9.7,7.4,6.6,6.2,6.2,7.5,8.4,9.4,11.6,10,10,10,10,7.5,5.5,5,5,6.5,7.5,9,10,33,40,55,14.5,0,12.7,0,10,0
A51630,1,0,1,0,140.03,0,0,0,0,12.7,12.7,11.2,9.7,7.4,6.6,6.2,6.2,7.5,8.4,9.4,11.6,10,10,10,10,7.5,5.5,5,5,6.5,7.5,9,10,33,40,55,14.5,0,12.7,0,10,0
A51640,1,0,1,0,2490.59912,0,0,0,0,12.7,12.7,11.2,9.7,7.4,6.6,6.2,6.2,7.5,8.4,9.4,11.6,10,10,10,10,7.5,5.5,5,5,6.5,7.5,9,10,33,40,55,14.5,0,12.7,0,10,0
A51650,1,0,1,0,10.06,0,0,0,0,12.7,12.7,11.2,9.7,7.4,6.6,6.2,6.2,7.5,8.4,9.4,11.6,10,10,10,10,7.5,5.5,5,5,6.5,7.5,9,10,33,40,55,14.5,0,12.7,0,10,0
A51660,1,0,1,0,1351.74,0,0,0,0,12.7,12.7,11.2,9.7,7.4,6.6,6.2,6.2,7.5,8.4,9.4,11.6,10,10,10,10,7.5,5.5,5,5,6.5,7.5,9,10,33,40,55,14.5,0,12.7,0,10,0
A51670,1,0,1,0,54.69,0,0,0,0,12.7,12.7,11.2,9.7,7.4,6.6,6.2,6.2,7.5,8.4,9.4,11.6,10,10,10,10,7.5,5.5,5,5,6.5,7.5,9,10,33,40,55,14.5,0,12.7,0,10,0
A51678,1,0,1,0,1050.06,0,0,0,0,12.7,12.7,11.2,9.7,7.4,6.6,6.2,6.2,7.5,8.4,9.4,11.6,10,10,10,10,7.5,5.5,5,5,6.5,7.5,9,10,33,40,55,14.5,0,12.7,0,10,0
A51680,1,0,1,0,770.06,0,0,0,0,12.7,12.7,11.2,9.7,7.4,6.6,6.2,6.2,7.5,8.4,9.4,11.6,10,10,10,10,7.5,5.5,5,5,6.5,7.5,9,10,33,40,55,14.5,0,12.7,0,10,0
A51683,1,0,1,0,256.55,0,0,0,0,12.7,12.7,11.2,9.7,7.4,6.6,6.2,6.2,7.5,8.4,9.4,11.6,10,10,10,10,7.5,5.5,5,5,6.5,7.5,9,10,33,40,55,14.5,0,12.7,0,10,0
A51685,1,0,1,0,254.46,0,0,0,0,12.7,12.7,11.2,9.7,7.4,6.6,6.2,6.2,7.5,8.4,9.4,11.6,10,10,10,10,7.5,5.5,5,5,6.5,7.5,9,10,33,40,55,14.5,0,12.7,0,10,0
A51690,1,0,1,0,935.37,0,0,0,0,12.7,12.7,11.2,9.7,7.4,6.6,6.2,6.2,7.5,8.4,9.4,11.6,10,10,10,10,7.5,5.5,5,5,6.5,7.5,9,10,33,40,55,14.5,0,12.7,0,10,0
A51700,1,0,1,0,29.65,0,0,0,0,12.7,12.7,11.2,9.7,7.4,6.6,6.2,6.2,7.5,8.4,9.4,11.6,10,10,10,10,7.5,5.5,5,5,6.5,7.5,9,10,33,40,55,14.5,0,12.7,0,10,0
A51710,1,0,1,0,11.24,0,0,0,0,12.7,12.7,11.2,9.7,7.4,6.6,6.2,6.2,7.5,8.4,9.4,11.6,10,10,10,10,7.5,5.5,5,5,6.5,7.5,9,10,33,40,55,14.5,0,12.7,0,10,0
A51720,1,0,1,0,2522.03792,0,0,0,0,12.7,12.7,11.2,9.7,7.4,6.6,6.2,6.2,7.5,8.4,9.4,11.6,10,10,10,10,7.5,5.5,5,5,6.5,7.5,9,10,33,40,55,14.5,0,12.7,0,10,0
A51730,1,0,1,0,103.64,0,0,0,0,12.7,12.7,11.2,9.7,7.4,6.6,6.2,6.2,7.5,8.4,9.4,11.6,10,10,10,10,7.5,5.5,5,5,6.5,7.5,9,10,33,40,55,14.5,0,12.7,0,10,0
A51735,1,0,1,0,5.62,0,0,0,0,12.7,12.7,11.2,9.7,7.4,6.6,6.2,6.2,7.5,8.4,9.4,11.6,10,10,10,10,7.5,5.5,5,5,6.5,7.5,9,10,33,40,55,14.5,0,12.7,0,10,0
A51740,1,0,1,0,9.03,0,0,0,0,12.7,12.7,11.2,9.7,7.4,6.6,6.2,6.2,7.5,8.4,9.4,11.6,10,10,10,10,7.5,5.5,5,5,6.5,7.5,9,10,33,40,55,14.5,0,12.7,0,10,0
A51750,1,0,1,0,1841.38,0,0,0,0,12.7,12.7,11.2,9.7,7.4,6.6,6.2,6.2,7.5,8.4,9.4,11.6,10,10,10,10,7.5,5.5,5,5,6.5,7.5,9,10,33,40,55,14.5,0,12.7,0,10,0
A51760,1,0,1,0,153.06,0,0,0,0,12.7,12.7,11.2,9.7,7.4,6.6,6.2,6.2,7.5,8.4,9.4,11.6,10,10,10,10,7.5,5.5,5,5,6.5,7.5,9,10,33,40,55,14.5,0,12.7,0,10,0
A51770,1,0,1,0,1024.37,0,0,0,0,12.7,12.7,11.2,9.7,7.4,6.6,6.2,6.2,7.5,8.4,9.4,11.6,10,10,10,10,7.5,5.5,5,5,6.5,7.5,9,10,33,40,55,14.5,0,12.7,0,10,0
A51775,1,0,1,0,1056.88,0,0,0,0,12.7,12.7,11.2,9.7,7.4,6.6,6.2,6.2,7.5,8.4,9.4,11.6,10,10,10,10,7.5,5.5,5,5,6.5,7.5,9,10,33,40,55,14.5,0,12.7,0,10,0
A51790,1,0,1,0,1471.18,0,0,0,0,12.7,12.7,11.2,9.7,7.4,6.6,6.2,6.2,7.5,8.4,9.4,11.6,10,10,10,10,7.5,5.5,5,5,6.5,7.5,9,10,33,40,55,14.5,0,12.7,0,10,0
A51800,1,0,1,0,44.44,0,0,0,0,12.7,12.7,11.2,9.7,7.4,6.6,6.2,6.2,7.5,8.4,9.4,11.6,10,10,10,10,7.5,5.5,5,5,6.5,7.5,9,10,33,40,55,14.5,0,12.7,0,10,0
A51810,1,0,1,0,13.4,0,0,0,0,12.7,12.7,11.2,9.7,7.4,6.6,6.2,6.2,7.5,8.4,9.4,11.6,10,10,10,10,7.5,5.5,5,5,6.5,7.5,9,10,33,40,55,14.5,0,12.7,0,10,0
A51820,1,0,1,0,1327.68,0,0,0,0,12.7,12.7,11.2,9.7,7.4,6.6,6.2,6.2,7.5,8.4,9.4,11.6,10,10,10,10,7.5,5.5,5,5,6.5,7.5,9,10,33,40,55,14.5,0,12.7,0,10,0
A51830,1,0,1,0,90.73,0,0,0,0,12.7,12.7,11.2,9.7,7.4,6.6,6.2,6.2,7.5,8.4,9.4,11.6,10,10,10,10,7.5,5.5,5,5,6.5,7.5,9,10,33,40,55,14.5,0,12.7,0,10,0
A51840,1,0,1,0,758.81,0,0,0,0,12.7,12.7,11.2,9.7,7.4,6.6,6.2,6.2,7.5,8.4,9.4,11.6,10,10,10,10,7.5,5.5,5,5,6.5,7.5,9,10,33,40,55,14.5,0,12.7,0,10,0
A54003,1,0,1,0,545.29,0,0,0,0,12.7,12.7,11.2,9.7,7.4,6.6,6.2,6.2,7.5,8.4,9.4,11.6,10,10,10,10,7.5,5.5,5,5,6.5,7.5,9,10,33,40,55,14.5,0,12.7,0,10,0
A54023,1,0,1,0,2271.64,0,0,0,0,12.7,12.7,11.2,9.7,7.4,6.6,6.2,6.2,7.5,8.4,9.4,11.6,10,10,10,10,7.5,5.5,5,5,6.5,7.5,9,10,33,40,55,14.5,0,12.7,0,10,0
A54027,1,0,1,0,1039.51,0,0,0,0,12.7,12.7,11.2,9.7,7.4,6.6,6.2,6.2,7.5,8.4,9.4,11.6,10,10,10,10,7.5,5.5,5,5,6.5,7.5,9,10,33,40,55,14.5,0,12.7,0,10,0
A54031,1,0,1,0,1637.41,0,0,0,0,12.7,12.7,11.2,9.7,7.4,6.6,6.2,6.2,7.5,8.4,9.4,11.6,10,10,10,10,7.5,5.5,5,5,6.5,7.5,9,10,33,40,55,14.5,0,12.7,0,10,0
A54037,1,0,1,0,499.19,0,0,0,0,12.7,12.7,11.2,9.7,7.4,6.6,6.2,6.2,7.5,8.4,9.4,11.6,10,10,10,10,7.5,5.5,5,5,6.5,7.5,9,10,33,40,55,14.5,0,12.7,0,10,0
A54057,1,0,1,0,1259.94,0,0,0,0,12.7,12.7,11.2,9.7,7.4,6.6,6.2,6.2,7.5,8.4,9.4,11.6,10,10,10,10,7.5,5.5,5,5,6.5,7.5,9,10,33,40,55,14.5,0,12.7,0,10,0
A54063,1,0,1,0,2080.58,0,0,0,0,12.7,12.7,11.2,9.7,7.4,6.6,6.2,6.2,7.5,8.4,9.4,11.6,10,10,10,10,7.5,5.5,5,5,6.5,7.5,9,10,33,40,55,14.5,0,12.7,0,10,0
A54065,1,0,1,0,733.39,0,0,0,0,12.7,12.7,11.2,9.7,7.4,6.6,6.2,6.2,7.5,8.4,9.4,11.6,10,10,10,10,7.5,5.5,5,5,6.5,7.5,9,10,33,40,55,14.5,0,12.7,0,10,0
A54071,1,0,1,0,1883.94,0,0,0,0,12.7,12.7,11.2,9.7,7.4,6.6,6.2,6.2,7.5,8.4,9.4,11.6,10,10,10,10,7.5,5.5,5,5,6.5,7.5,9,10,33,40,55,14.5,0,12.7,0,10,0
A54077,1,0,1,0,1958.17,0,0,0,0,12.7,12.7,11.2,9.7,7.4,6.6,6.2,6.2,7.5,8.4,9.4,11.6,10,10,10,10,7.5,5.5,5,5,6.5,7.5,9,10,33,40,55,14.5,0,12.7,0,10,0
A54093,1,0,1,0,2581.09,0,0,0,0,12.7,12.7,11.2,9.7,7.4,6.6,6.2,6.2,7.5,8.4,9.4,11.6,10,10,10,10,7.5,5.5,5,5,6.5,7.5,9,10,33,40,55,14.5,0,12.7,0,10,0
B24001,1,0,1,0,1236.48,0,0,0,0,12.7,12.7,11.2,9.7,7.4,6.6,6.2,6.2,7.5,8.4,9.4,11.6,10,10,10,10,7.5,5.5,5,5,6.5,7.5,9,10,33,40,55,14.5,0,12.7,0,10,0
B24021,1,0,1,0,636.63,0,0,0,0,12.7,12.7,11.2,9.7,7.4,6.6,6.2,6.2,7.5,8.4,9.4,11.6,10,10,10,10,7.5,5.5,5,5,6.5,7.5,9,10,33,40,55,14.5,0,12.7,0,10,0
B37005,1,0,1,0,2763.72144,0,0,0,0,12.7,12.7,11.2,9.7,7.4,6.6,6.2,6.2,7.5,8.4,9.4,11.6,10,10,10,10,7.5,5.5,5,5,6.5,7.5,9,10,33,40,55,14.5,0,12.7,0,10,0
B37009,1,0,1,0,2923.29672,0,0,0,0,12.7,12.7,11.2,9.7,7.4,6.6,6.2,6.2,7.5,8.4,9.4,11.6,10,10,10,10,7.5,5.5,5,5,6.5,7.5,9,10,33,40,55,14.5,0,12.7,0,10,0
B42001,1,0,1,0,995.83,0,0,0,0,12.7,12.7,11.2,9.7,7.4,6.6,6.2,6.2,7.5,8.4,9.4,11.6,10,10,10,10,7.5,5.5,5,5,6.5,7.5,9,10,33,40,55,14.5,0,12.7,0,10,0
B42009,1,0,1,0,1340.99,0,0,0,0,12.7,12.7,11.2,9.7,7.4,6.6,6.2,6.2,7.5,8.4,9.4,11.6,10,10,10,10,7.5,5.5,5,5,6.5,7.5,9,10,33,40,55,14.5,0,12.7,0,10,0
B42015,1,0,1,0,1517.87,0,0,0,0,12.7,12.7,11.2,9.7,7.4,6.6,6.2,6.2,7.5,8.4,9.4,11.6,10,10,10,10,7.5,5.5,5,5,6.5,7.5,9,10,33,40,55,14.5,0,12.7,0,10,0
B42027,1,0,1,0,1687.02,0,0,0,0,12.7,12.7,11.2,9.7,7.4,6.6,6.2,6.2,7.5,8.4,9.4,11.6,10,10,10,10,7.5,5.5,5,5,6.5,7.5,9,10,33,40,55,14.5,0,12.7,0,10,0
B42035,1,0,1,0,870.47,0,0,0,0,12.7,12.7,11.2,9.7,7.4,6.6,6.2,6.2,7.5,8.4,9.4,11.6,10,10,10,10,7.5,5.5,5,5,6.5,7.5,9,10,33,40,55,14.5,0,12.7,0,10,0
B42041,1,0,1,0,767.15,0,0,0,0,12.7,12.7,11.2,9.7,7.4,6.6,6.2,6.2,7.5,8.4,9.4,11.6,10,10,10,10,7.5,5.5,5,5,6.5,7.5,9,10,33,40,55,14.5,0,12.7,0,10,0
B42043,1,0,1,0,411.64,0,0,0,0,12.7,12.7,11.2,9.7,7.4,6.6,6.2,6.2,7.5,8.4,9.4,11.6,10,10,10,10,7.5,5.5,5,5,6.5,7.5,9,10,33,40,55,14.5,0,12.7,0,10,0
B42055,1,0,1,0,847.46,0,0,0,0,12.7,12.7,11.2,9.7,7.4,6.6,6.2,6.2,7.5,8.4,9.4,11.6,10,10,10,10,7.5,5.5,5,5,6.5,7.5,9,10,33,40,55,14.5,0,12.7,0,10,0
B42079,1,0,1,0,1375.84,0,0,0,0,12.7,12.7,11.2,9.7,7.4,6.6,6.2,6.2,7.5,8.4,9.4,11.6,10,10,10,10,7.5,5.5,5,5,6.5,7.5,9,10,33,40,55,14.5,0,12.7,0,10,0
B42081,1,0,1,0,682.41,0,0,0,0,12.7,12.7,11.2,9.7,7.4,6.6,6.2,6.2,7.5,8.4,9.4,11.6,10,10,10,10,7.5,5.5,5,5,6.5,7.5,9,10,33,40,55,14.5,0,12.7,0,10,0
B42119,1,0,1,0,541.86,0,0,0,0,12.7,12.7,11.2,9.7,7.4,6.6,6.2,6.2,7.5,8.4,9.4,11.6,10,10,10,10,7.5,5.5,5,5,6.5,7.5,9,10,33,40,55,14.5,0,12.7,0,10,0
B42131,1,0,1,0,1520.41,0,0,0,0,12.7,12.7,11.2,9.7,7.4,6.6,6.2,6.2,7.5,8.4,9.4,11.6,10,10,10,10,7.5,5.5,5,5,6.5,7.5,9,10,33,40,55,14.5,0,12.7,0,10,0
B51003,1,0,1,0,1726.62,0,0,0,0,12.7,12.7,11.2,9.7,7.4,6.6,6.2,6.2,7.5,8.4,9.4,11.6,10,10,10,10,7.5,5.5,5,5,6.5,7.5,9,10,33,40,55,14.5,0,12.7,0,10,0
B51009,1,0,1,0,1626.97,0,0,0,0,12.7,12.7,11.2,9.7,7.4,6.6,6.2,6.2,7.5,8.4,9.4,11.6,10,10,10,10,7.5,5.5,5,5,6.5,7.5,9,10,33,40,55,14.5,0,12.7,0,10,0
B51015,1,0,1,0,2191.78,0,0,0,0,12.7,12.7,11.2,9.7,7.4,6.6,6.2,6.2,7.5,8.4,9.4,11.6,10,10,10,10,7.5,5.5,5,5,6.5,7.5,9,10,33,40,55,14.5,0,12.7,0,10,0
B51017,1,0,1,0,1579.54,0,0,0,0,12.7,12.7,11.2,9.7,7.4,6.6,6.2,6.2,7.5,8.4,9.4,11.6,10,10,10,10,7.5,5.5,5,5,6.5,7.5,9,10,33,40,55,14.5,0,12.7,0,10,0
B51019,1,0,1,0,896.6,0,0,0,0,12.7,12.7,11.2,9.7,7.4,6.6,6.2,6.2,7.5,8.4,9.4,11.6,10,10,10,10,7.5,5.5,5,5,6.5,7.5,9,10,33,40,55,14.5,0,12.7,0,10,0
B51023,1,0,1,0,2170.64,0,0,0,0,12.7,12.7,11.2,9.7,7.4,6.6,6.2,6.2,7.5,8.4,9.4,11.6,10,10,10,10,7.5,5.5,5,5,6.5,7.5,9,10,33,40,55,14.5,0,12.7,0,10,0
B51035,1,0,1,0,1408.21224,0,0,0,0,12.7,12.7,11.2,9.7,7.4,6.6,6.2,6.2,7.5,8.4,9.4,11.6,10,10,10,10,7.5,5.5,5,5,6.5,7.5,9,10,33,40,55,14.5,0,12.7,0,10,0
B51061,1,0,1,0,886.52,0,0,0,0,12.7,12.7,11.2,9.7,7.4,6.6,6.2,6.2,7.5,8.4,9.4,11.6,10,10,10,10,7.5,5.5,5,5,6.5,7.5,9,10,33,40,55,14.5,0,12.7,0,10,0
B51067,1,0,1,0,1958.24,0,0,0,0,12.7,12.7,11.2,9.7,7.4,6.6,6.2,6.2,7.5,8.4,9.4,11.6,10,10,10,10,7.5,5.5,5,5,6.5,7.5,9,10,33,40,55,14.5,0,12.7,0,10,0
B51071,1,0,1,0,1710.99,0,0,0,0,12.7,12.7,11.2,9.7,7.4,6.6,6.2,6.2,7.5,8.4,9.4,11.6,10,10,10,10,7.5,5.5,5,5,6.5,7.5,9,10,33,40,55,14.5,0,12.7,0,10,0
B51077,1,0,1,0,3557.2912,0,0,0,0,12.7,12.7,11.2,9.7,7.4,6.6,6.2,6.2,7.5,8.4,9.4,11.6,10,10,10,10,7.5,5.5,5,5,6.5,7.5,9,10,33,40,55,14.5,0,12.7,0,10,0
B51079,1,0,1,0,1687.3,0,0,0,0,12.7,12.7,11.2,9.7,7.4,6.6,6.2,6.2,7.5,8.4,9.4,11.6,10,10,10,10,7.5,5.5,5,5,6.5,7.5,9,10,33,40,55,14.5,0,12.7,0,10,0
B51091,1,0,1,0,2209.67,0,0,0,0,12.7,12.7,11.2,9.7,7.4,6.6,6.2,6.2,7.5,8.4,9.4,11.6,10,10,10,10,7.5,5.5,5,5,6.5,7.5,9,10,33,40,55,14.5,0,12.7,0,10,0
B51105,1,0,1,0,2120.6512,0,0,0,0,12.7,12.7,11.2,9.7,7.4,6.6,6.2,6.2,7.5,8.4,9.4,11.6,10,10,10,10,7.5,5.5,5,5,6.5,7.5,9,10,33,40,55,14.5,0,12.7,0,10,0
B51113,1,0,1,0,2144.63,0,0,0,0,12.7,12.7,11.2,9.7,7.4,6.6,6.2,6.2,7.5,8.4,9.4,11.6,10,10,10,10,7.5,5.5,5,5,6.5,7.5,9,10,33,40,55,14.5,0,12.7,0,10,0
B51125,1,0,1,0,1857.82,0,0,0,0,12.7,12.7,11.2,9.7,7.4,6.6,6.2,6.2,7.5,8.4,9.4,11.6,10,10,10,10,7.5,5.5,5,5,6.5,7.5,9,10,33,40,55,14.5,0,12.7,0,10,0
B51139,1,0,1,0,1838.71,0,0,0,0,12.7,12.7,11.2,9.7,7.4,6.6,6.2,6.2,7.5,8.4,9.4,11.6,10,10,10,10,7.5,5.5,5,5,6.5,7.5,9,10,33,40,55,14.5,0,12.7,0,10,0
B51141,1,0,1,0,2683.21,0,0,0,0,12.7,12.7,11.2,9.7,7.4,6.6,6.2,6.2,7.5,8.4,9.4,11.6,10,10,10,10,7.5,5.5,5,5,6.5,7.5,9,10,33,40,55,14.5,0,12.7,0,10,0
B51157,1,0,1,0,1810.16,0,0,0,0,12.7,12.7,11.2,9.7,7.4,6.6,6.2,6.2,7.5,8.4,9.4,11.6,10,10,10,10,7.5,5.5,5,5,6.5,7.5,9,10,33,40,55,14.5,0,12.7,0,10,0
B51161,1,0,1,0,1569.78,0,0,0,0,12.7,12.7,11.2,9.7,7.4,6.6,6.2,6.2,7.5,8.4,9.4,11.6,10,10,10,10,7.5,5.5,5,5,6.5,7.5,9,10,33,40,55,14.5,0,12.7,0,10,0
B51163,1,0,1,0,2154.29,0,0,0,0,12.7,12.7,11.2,9.7,7.4,6.6,6.2,6.2,7.5,8.4,9.4,11.6,10,10,10,10,7.5,5.5,5,5,6.5,7.5,9,10,33,40,55,14.5,0,12.7,0,10,0
B51165,1,0,1,0,1564.76,0,0,0,0,12.7,12.7,11.2,9.7,7.4,6.6,6.2,6.2,7.5,8.4,9.4,11.6,10,10,10,10,7.5,5.5,5,5,6.5,7.5,9,10,33,40,55,14.5,0,12.7,0,10,0
B51167,1,0,1,0,2287.08168,0,0,0,0,12.7,12.7,11.2,9.7,7.4,6.6,6.2,6.2,7.5,8.4,9.4,11.6,10,10,10,10,7.5,5.5,5,5,6.5,7.5,9,10,33,40,55,14.5,0,12.7,0,10,0
B51169,1,0,1,0,2505.30992,0,0,0,0,12.7,12.7,11.2,9.7,7.4,6.6,6.2,6.2,7.5,8.4,9.4,11.6,10,10,10,10,7.5,5.5,5,5,6.5,7.5,9,10,33,40,55,14.5,0,12.7,0,10,0
B51171,1,0,1,0,1250.28,0,0,0,0,12.7,12.7,11.2,9.7,7.4,6.6,6.2,6.2,7.5,8.4,9.4,11.6,10,10,10,10,7.5,5.5,5,5,6.5,7.5,9,10,33,40,55,14.5,0,12.7,0,10,0
B51173,1,0,1,0,3519.768,0,0,0,0,12.7,12.7,11.2,9.7,7.4,6.6,6.2,6.2,7.5,8.4,9.4,11.6,10,10,10,10,7.5,5.5,5,5,6.5,7.5,9,10,33,40,55,14.5,0,12.7,0,10,0
B51185,1,0,1,0,2560.0728,0,0,0,0,12.7,12.7,11.2,9.7,7.4,6.6,6.2,6.2,7.5,8.4,9.4,11.6,10,10,10,10,7.5,5.5,5,5,6.5,7.5,9,10,33,40,55,14.5,0,12.7,0,10,0
B51187,1,0,1,0,1181.67,0,0,0,0,12.7,12.7,11.2,9.7,7.4,6.6,6.2,6.2,7.5,8.4,9.4,11.6,10,10,10,10,7.5,5.5,5,5,6.5,7.5,9,10,33,40,55,14.5,0,12.7,0,10,0
B51191,1,0,1,0,3031.37272,0,0,0,0,12.7,12.7,11.2,9.7,7.4,6.6,6.2,6.2,7.5,8.4,9.4,11.6,10,10,10,10,7.5,5.5,5,5,6.5,7.5,9,10,33,40,55,14.5,0,12.7,0,10,0
B51195,1,0,1,0,2933.93704,0,0,0,0,12.7,12.7,11.2,9.7,7.4,6.6,6.2,6.2,7.5,8.4,9.4,11.6,10,10,10,10,7.5,5.5,5,5,6.5,7.5,9,10,33,40,55,14.5,0,12.7,0,10,0
B51197,1,0,1,0,2961.30208,0,0,0,0,12.7,12.7,11.2,9.7,7.4,6.6,6.2,6.2,7.5,8.4,9.4,11.6,10,10,10,10,7.5,5.5,5,5,6.5,7.5,9,10,33,40,55,14.5,0,12.7,0,10,0
B54023,1,0,1,0,1146.43,0,0,0,0,12.7,12.7,11.2,9.7,7.4,6.6,6.2,6.2,7.5,8.4,9.4,11.6,10,10,10,10,7.5,5.5,5,5,6.5,7.5,9,10,33,40,55,14.5,0,12.7,0,10,0
B54031,1,0,1,0,989.36,0,0,0,0,12.7,12.7,11.2,9.7,7.4,6.6,6.2,6.2,7.5,8.4,9.4,11.6,10,10,10,10,7.5,5.5,5,5,6.5,7.5,9,10,33,40,55,14.5,0,12.7,0,10,0
B54057,1,0,1,0,825.91,0,0,0,0,12.7,12.7,11.2,9.7,7.4,6.6,6.2,6.2,7.5,8.4,9.4,11.6,10,10,10,10,7.5,5.5,5,5,6.5,7.5,9,10,33,40,55,14.5,0,12.7,0,10,0
B54071,1,0,1,0,2248.34,0,0,0,0,12.7,12.7,11.2,9.7,7.4,6.6,6.2,6.2,7.5,8.4,9.4,11.6,10,10,10,10,7.5,5.5,5,5,6.5,7.5,9,10,33,40,55,14.5,0,12.7,0,10,0
C42009,1,0,1,0,1222.22,0,0,0,0,12.7,12.7,11.2,9.7,7.4,6.6,6.2,6.2,7.5,8.4,9.4,11.6,10,10,10,10,7.5,5.5,5,5,6.5,7.5,9,10,33,40,55,14.5,0,12.7,0,10,0
C51015,1,0,1,0,1760.49,0,0,0,0,12.7,12.7,11.2,9.7,7.4,6.6,6.2,6.2,7.5,8.4,9.4,11.6,10,10,10,10,7.5,5.5,5,5,6.5,7.5,9,10,33,40,55,14.5,0,12.7,0,10,0
C51071,1,0,1,0,2040.7,0,0,0,0,12.7,12.7,11.2,9.7,7.4,6.6,6.2,6.2,7.5,8.4,9.4,11.6,10,10,10,10,7.5,5.5,5,5,6.5,7.5,9,10,33,40,55,14.5,0,12.7,0,10,0
C51165,1,0,1,0,2272.32,0,0,0,0,12.7,12.7,11.2,9.7,7.4,6.6,6.2,6.2,7.5,8.4,9.4,11.6,10,10,10,10,7.5,5.5,5,5,6.5,7.5,9,10,33,40,55,14.5,0,12.7,0,10,0
end,,,,,,,,,,,,,,,,,,,,,,,,,,,,,,,,,,,,,,,,,,
