TABLE->,NIT-STOR1#1,NIT-STOR1#1,NIT-STOR1#1,NIT-STOR1#1,NIT-STOR1#1,NIT-STOR1#1,NIT-STOR1#2,NIT-STOR1#2,NIT-STOR1#2,NIT-STOR1#2,NIT-STOR1#2,NIT-STOR1#2,NIT-STOR1#3,NIT-STOR1#3,NIT-STOR1#3,NIT-STOR1#3,NIT-STOR1#3,NIT-STOR1#3,NIT-STOR1#4,NIT-STOR1#4,NIT-STOR1#4,NIT-STOR1#4,NIT-STOR1#4,NIT-STOR1#4,NIT-STOR2,NIT-STOR2,NIT-STOR2,NIT-STOR2,NIT-STOR2,NIT-STOR2
VARS->,ORGN,AMAD,AMSU,NO3,PLTN,RORGN,ORGN,AMAD,AMSU,NO3,PLTN,RORGN,ORGN,AMAD,AMSU,NO3,PLTN,RORGN,ORGN,AMAD,AMSU,NO3,PLTN,RORGN,IAMSU,INO3,ISLON,ISRON,AGPLTN,LITTRN
A10001,0.053500,1,0.03,0.3,0,21.24950,36.44350,5,0.5,2,0,5054.047,0.234500,5,1,8,0,1856.623,0.010500,6,0.5,1,0,1077.831,0,0,0,0,na,na
A10003,0.092500,1,0.03,0.3,0,23.79950,34.01750,5,0.5,2,0,4999.056,0.168000,5,1,8,0,1595.062,0.013000,6,0.5,1,0,1112.243,0,0,0,0,na,na
A10005,0.051500,1,0.03,0.3,0,13.11500,31.71200,5,0.5,2,0,4278.265,0.584000,5,1,8,0,2098.030,0.187000,6,0.5,1,0,1162.771,0,0,0,0,na,na
A11001,0.079000,1,0.03,0.3,0,15.94500,36.77400,5,0.5,2,0,5758.148,0.156500,5,1,8,0,1801.786,0.005500,6,0.5,1,0,1046.466,0,0,0,0,na,na
A24001,0.052500,1,0.03,0.3,0,27.45950,36.53600,5,0.5,2,0,4677.421,0.093500,5,1,8,0,1687.363,0.006000,6,0.5,1,0,1079.968,0,0,0,0,na,na
A24003,0.042500,1,0.03,0.3,0,22.49000,32.31800,5,0.5,2,0,4610.504,0.212500,5,1,8,0,1570.766,0.023000,6,0.5,1,0,1139.241,0,0,0,0,na,na
A24009,0.047000,1,0.03,0.3,0,18.09650,28.67050,5,0.5,2,0,4117.596,0.231500,5,1,8,0,1802.614,0.014000,6,0.5,1,0,1102.554,0,0,0,0,na,na
A24005,0.041500,1,0.03,0.3,0,23.16750,36.06200,5,0.5,2,0,4353.565,0.265000,5,1,8,0,1972.713,0.051500,6,0.5,1,0,1117.883,0,0,0,0,na,na
A24011,0.177000,1,0.03,0.3,0,23.19950,33.05050,5,0.5,2,0,5382.981,0.162000,5,1,8,0,1591.053,0.013000,6,0.5,1,0,1105.594,0,0,0,0,na,na
A24013,0.052000,1,0.03,0.3,0,22.54700,40.19700,5,0.5,2,0,5121.134,0.133500,5,1,8,0,1799.045,0.013500,6,0.5,1,0,1098.688,0,0,0,0,na,na
A24015,0.054500,1,0.03,0.3,0,29.76750,38.04650,5,0.5,2,0,4879.024,0.223500,5,1,8,0,1844.945,0.012500,6,0.5,1,0,1092.839,0,0,0,0,na,na
A24017,0.684500,1,0.03,0.3,0,17.61100,25.03900,5,0.5,2,0,5320.647,0.081000,5,1,8,0,1564.224,0.004500,6,0.5,1,0,1034.593,0,0,0,0,na,na
A24019,0.605500,1,0.03,0.3,0,14.67050,26.80600,5,0.5,2,0,5412.051,0.085500,5,1,8,0,1553.344,0.006500,6,0.5,1,0,1044.524,0,0,0,0,na,na
A24021,0.055000,1,0.03,0.3,0,18.22950,37.56600,5,0.5,2,0,5242.476,0.127000,5,1,8,0,1835.824,0.010500,6,0.5,1,0,1053.045,0,0,0,0,na,na
A24023,0.416000,1,0.03,0.3,0,25.77050,39.30200,5,0.5,2,0,4509.023,0.164500,5,1,8,0,1616.920,0.025500,6,0.5,1,0,1083.370,0,0,0,0,na,na
A24025,0.048000,1,0.03,0.3,0,25.26100,36.79600,5,0.5,2,0,4517.727,0.262000,5,1,8,0,1918.385,0.033000,6,0.5,1,0,1115.448,0,0,0,0,na,na
A24027,0.045500,1,0.03,0.3,0,20.66250,36.44150,5,0.5,2,0,4767.277,0.185000,5,1,8,0,1865.573,0.016500,6,0.5,1,0,1114.927,0,0,0,0,na,na
A24029,0.057500,1,0.03,0.3,0,29.01800,35.25450,5,0.5,2,0,5210.542,0.168500,5,1,8,0,1710.577,0.013000,6,0.5,1,0,1068.317,0,0,0,0,na,na
A24031,0.047500,1,0.03,0.3,0,22.11350,35.27100,5,0.5,2,0,4974.809,0.149000,5,1,8,0,1820.756,0.015000,6,0.5,1,0,1104.266,0,0,0,0,na,na
A24033,0.053500,1,0.03,0.3,0,20.44000,35.58000,5,0.5,2,0,4971.439,0.157500,5,1,8,0,1829.844,0.009000,6,0.5,1,0,1074.951,0,0,0,0,na,na
A24035,0.046500,1,0.03,0.3,0,26.32050,35.67900,5,0.5,2,0,4843.704,0.261500,5,1,8,0,1870.512,0.019000,6,0.5,1,0,1063.978,0,0,0,0,na,na
A24037,0.099000,1,0.03,0.3,0,15.94450,28.26250,5,0.5,2,0,4950.894,0.109500,5,1,8,0,1754.847,0.004000,6,0.5,1,0,1024.623,0,0,0,0,na,na
A24039,0.694000,1,0.03,0.3,0,22.29800,26.14450,5,0.5,2,0,5432.843,0.093500,5,1,8,0,1575.388,0.007000,6,0.5,1,0,1026.050,0,0,0,0,na,na
A24041,0.158500,1,0.03,0.3,0,21.80200,31.34250,5,0.5,2,0,5237.785,0.105000,5,1,8,0,1651.705,0.008000,6,0.5,1,0,1044.186,0,0,0,0,na,na
A24043,0.036500,1,0.03,0.3,0,15.53500,30.68700,5,0.5,2,0,2842.331,1.547500,5,1,8,0,2632.688,0.173000,6,0.5,1,0,1112.549,0,0,0,0,na,na
A24045,0.445000,1,0.03,0.3,0,24.01000,27.95850,5,0.5,2,0,5264.705,0.163000,5,1,8,0,1673.095,0.008000,6,0.5,1,0,1076.766,0,0,0,0,na,na
A24047,0.490000,1,0.03,0.3,0,24.13350,27.87650,5,0.5,2,0,5169.957,0.155000,5,1,8,0,1667.778,0.008000,6,0.5,1,0,1067.538,0,0,0,0,na,na
A24510,0.057500,1,0.03,0.3,0,20.87450,38.52050,5,0.5,2,0,5312.750,0.191000,5,1,8,0,1818.597,0.029500,6,0.5,1,0,1101.810,0,0,0,0,na,na
A36003,0.752000,1,0.03,0.3,0,15.24300,49.84500,5,0.5,2,0,5207.888,0.156000,5,1,8,0,1655.216,0.008000,6,0.5,1,0,1056.875,0,0,0,0,na,na
A36007,0.335500,1,0.03,0.3,0,18.23350,38.30450,5,0.5,2,0,4467.346,0.215500,5,1,8,0,1605.562,0.019000,6,0.5,1,0,1084.943,0,0,0,0,na,na
A36015,1.078000,1,0.03,0.3,0,15.79500,44.34200,5,0.5,2,0,5374.113,0.156500,5,1,8,0,1580.466,0.006000,6,0.5,1,0,1066.699,0,0,0,0,na,na
A36017,0.498000,1,0.03,0.3,0,21.54300,43.54550,5,0.5,2,0,4715.359,0.232500,5,1,8,0,1609.520,0.023500,6,0.5,1,0,1096.938,0,0,0,0,na,na
A36023,0.547000,1,0.03,0.3,0,19.93850,44.57850,5,0.5,2,0,4643.944,0.277500,5,1,8,0,1743.331,0.030500,6,0.5,1,0,1103.748,0,0,0,0,na,na
A36025,0.935000,1,0.03,0.3,0,19.67850,41.99850,5,0.5,2,0,4961.615,0.172500,5,1,8,0,1555.615,0.026500,6,0.5,1,0,1172.210,0,0,0,0,na,na
A36043,0.519500,1,0.03,0.3,0,15.48400,40.57100,5,0.5,2,0,4160.737,0.229000,5,1,8,0,1576.466,0.017500,6,0.5,1,0,1178.614,0,0,0,0,na,na
A36051,1.421500,1,0.03,0.3,0,22.90800,48.42700,5,0.5,2,0,5263.009,0.066000,5,1,8,0,1604.443,0.003500,6,0.5,1,0,1018.398,0,0,0,0,na,na
A36053,0.292000,1,0.03,0.3,0,33.17600,41.30300,5,0.5,2,0,4132.470,0.398500,5,1,8,0,1799.963,0.088500,6,0.5,1,0,1093.858,0,0,0,0,na,na
A36065,0.460500,1,0.03,0.3,0,11.12350,40.46450,5,0.5,2,0,4067.434,0.253500,5,1,8,0,1701.328,0.038000,6,0.5,1,0,1149.564,0,0,0,0,na,na
A36067,0.282500,1,0.03,0.3,0,29.58500,41.29600,5,0.5,2,0,4189.476,0.323000,5,1,8,0,1789.406,0.071000,6,0.5,1,0,1148.625,0,0,0,0,na,na
A36069,1.457000,1,0.03,0.3,0,23.93250,47.60050,5,0.5,2,0,5362.742,0.157000,5,1,8,0,1589.888,0.009500,6,0.5,1,0,1065.418,0,0,0,0,na,na
A36077,0.625000,1,0.03,0.3,0,20.64200,39.83000,5,0.5,2,0,4597.771,0.194500,5,1,8,0,1607.268,0.019000,6,0.5,1,0,1134.442,0,0,0,0,na,na
A36095,0.833500,1,0.03,0.3,0,24.79250,41.52200,5,0.5,2,0,4739.167,0.144500,5,1,8,0,1559.894,0.024000,6,0.5,1,0,1163.168,0,0,0,0,na,na
A36097,1.550500,1,0.03,0.3,0,19.42800,45.97150,5,0.5,2,0,5404.555,0.115500,5,1,8,0,1544.341,0.007000,6,0.5,1,0,1059.620,0,0,0,0,na,na
A36101,1.064500,1,0.03,0.3,0,23.22600,46.48500,5,0.5,2,0,5463.065,0.119500,5,1,8,0,1587.203,0.005000,6,0.5,1,0,1049.624,0,0,0,0,na,na
A36107,0.894000,1,0.03,0.3,0,14.92500,41.73000,5,0.5,2,0,5123.549,0.164000,5,1,8,0,1590.987,0.012500,6,0.5,1,0,1068.380,0,0,0,0,na,na
A36109,1.127000,1,0.03,0.3,0,17.89550,44.07900,5,0.5,2,0,5086.104,0.175000,5,1,8,0,1546.616,0.012000,6,0.5,1,0,1068.658,0,0,0,0,na,na
A36123,1.362000,1,0.03,0.3,0,20.55450,45.87500,5,0.5,2,0,5200.530,0.137500,5,1,8,0,1599.458,0.008000,6,0.5,1,0,1061.812,0,0,0,0,na,na
A37001,150,1,0.03,0.3,0,50,500,5,0.5,2,0,550,1200,5,1,8,0,300,800,6,0.5,1,0,250,0,0,0,0,na,na
A37005,150,1,0.03,0.3,0,50,500,5,0.5,2,0,550,1200,5,1,8,0,300,800,6,0.5,1,0,250,0,0,0,0,na,na
A37009,150,1,0.03,0.3,0,50,500,5,0.5,2,0,550,1200,5,1,8,0,300,800,6,0.5,1,0,250,0,0,0,0,na,na
A37033,150,1,0.03,0.3,0,50,500,5,0.5,2,0,550,1200,5,1,8,0,300,800,6,0.5,1,0,250,0,0,0,0,na,na
A37067,150,1,0.03,0.3,0,50,500,5,0.5,2,0,550,1200,5,1,8,0,300,800,6,0.5,1,0,250,0,0,0,0,na,na
A37077,150,1,0.03,0.3,0,50,500,5,0.5,2,0,550,1200,5,1,8,0,300,800,6,0.5,1,0,250,0,0,0,0,na,na
A37081,150,1,0.03,0.3,0,50,500,5,0.5,2,0,550,1200,5,1,8,0,300,800,6,0.5,1,0,250,0,0,0,0,na,na
A37131,150,1,0.03,0.3,0,50,500,5,0.5,2,0,550,1200,5,1,8,0,300,800,6,0.5,1,0,250,0,0,0,0,na,na
A37135,150,1,0.03,0.3,0,50,500,5,0.5,2,0,550,1200,5,1,8,0,300,800,6,0.5,1,0,250,0,0,0,0,na,na
A37145,150,1,0.03,0.3,0,50,500,5,0.5,2,0,550,1200,5,1,8,0,300,800,6,0.5,1,0,250,0,0,0,0,na,na
A37157,150,1,0.03,0.3,0,50,500,5,0.5,2,0,550,1200,5,1,8,0,300,800,6,0.5,1,0,250,0,0,0,0,na,na
A37169,150,1,0.03,0.3,0,50,500,5,0.5,2,0,550,1200,5,1,8,0,300,800,6,0.5,1,0,250,0,0,0,0,na,na
A37171,150,1,0.03,0.3,0,50,500,5,0.5,2,0,550,1200,5,1,8,0,300,800,6,0.5,1,0,250,0,0,0,0,na,na
A37181,150,1,0.03,0.3,0,50,500,5,0.5,2,0,550,1200,5,1,8,0,300,800,6,0.5,1,0,250,0,0,0,0,na,na
A37185,150,1,0.03,0.3,0,50,500,5,0.5,2,0,550,1200,5,1,8,0,300,800,6,0.5,1,0,250,0,0,0,0,na,na
A37189,150,1,0.03,0.3,0,50,500,5,0.5,2,0,550,1200,5,1,8,0,300,800,6,0.5,1,0,250,0,0,0,0,na,na
A42001,0.149500,1,0.03,0.3,0,20.06050,40.12550,5,0.5,2,0,5427.985,0.177500,5,1,8,0,1743.704,0.007500,6,0.5,1,0,1013.701,0,0,0,0,na,na
A42009,0.181000,1,0.03,0.3,0,28.65300,40.30750,5,0.5,2,0,5022.175,0.135500,5,1,8,0,1701.472,0.017000,6,0.5,1,0,1083.045,0,0,0,0,na,na
A42011,0.199000,1,0.03,0.3,0,18.84950,41.29300,5,0.5,2,0,4932.182,0.181000,5,1,8,0,1539.682,0.025000,6,0.5,1,0,1058.154,0,0,0,0,na,na
A42013,0.058500,1,0.03,0.3,0,27.36700,38.89950,5,0.5,2,0,4465.151,0.173500,5,1,8,0,1809.918,0.019000,6,0.5,1,0,1085.596,0,0,0,0,na,na
A42015,0.927500,1,0.03,0.3,0,21.86600,43.20150,5,0.5,2,0,5290.660,0.242500,5,1,8,0,1644.682,0.013500,6,0.5,1,0,1094.077,0,0,0,0,na,na
A42021,0.257000,1,0.03,0.3,0,20.34750,33.86700,5,0.5,2,0,4010.539,0.210000,5,1,8,0,1764.403,0.020000,6,0.5,1,0,1032.080,0,0,0,0,na,na
A42023,1.068000,1,0.03,0.3,0,19.86400,42.45850,5,0.5,2,0,4831.757,0.193500,5,1,8,0,1595.217,0.015500,6,0.5,1,0,1010.549,0,0,0,0,na,na
A42025,0.090000,1,0.03,0.3,0,14.62550,41.15100,5,0.5,2,0,3858.440,0.194500,5,1,8,0,1416.714,0.040000,6,0.5,1,0,1301.858,0,0,0,0,na,na
A42027,0.043500,1,0.03,0.3,0,36.49250,40.35250,5,0.5,2,0,3981.858,0.634500,5,1,8,0,2061.161,0.134500,6,0.5,1,0,1083.286,0,0,0,0,na,na
A42029,0.044000,1,0.03,0.3,0,19.27700,40.47400,5,0.5,2,0,4349.333,0.246000,5,1,8,0,1873.866,0.022500,6,0.5,1,0,1140.676,0,0,0,0,na,na
A42033,0.105000,1,0.03,0.3,0,21.29850,34.80900,5,0.5,2,0,3938.136,0.275000,5,1,8,0,1896.443,0.054000,6,0.5,1,0,1039.037,0,0,0,0,na,na
A42035,0.237500,1,0.03,0.3,0,20.08000,38.53100,5,0.5,2,0,4095.272,0.254500,5,1,8,0,1853.411,0.056000,6,0.5,1,0,1070.520,0,0,0,0,na,na
A42037,0.184000,1,0.03,0.3,0,22.67750,42.11950,5,0.5,2,0,4945.520,0.154500,5,1,8,0,1656.964,0.021500,6,0.5,1,0,1084.718,0,0,0,0,na,na
A42041,0.100000,1,0.03,0.3,0,18.51400,38.85100,5,0.5,2,0,5248.771,0.189500,5,1,8,0,1807.863,0.018500,6,0.5,1,0,1083.109,0,0,0,0,na,na
A42043,0.115000,1,0.03,0.3,0,20.79100,38.11350,5,0.5,2,0,5001.635,0.157500,5,1,8,0,1786.488,0.018000,6,0.5,1,0,1067.736,0,0,0,0,na,na
A42047,0.885000,1,0.03,0.3,0,18.10900,40.42800,5,0.5,2,0,4588.584,0.194000,5,1,8,0,1621.356,0.015500,6,0.5,1,0,1017.249,0,0,0,0,na,na
A42055,0.051000,1,0.03,0.3,0,17.25900,40.40100,5,0.5,2,0,4555.405,0.368000,5,1,8,0,2035.484,0.082000,6,0.5,1,0,1086.831,0,0,0,0,na,na
A42057,0.092000,1,0.03,0.3,0,26.81800,44.58150,5,0.5,2,0,5540.756,0.109500,5,1,8,0,1686.696,0.009000,6,0.5,1,0,1058.733,0,0,0,0,na,na
A42061,0.071500,1,0.03,0.3,0,23.84250,42.07950,5,0.5,2,0,5081.178,0.111000,5,1,8,0,1728.054,0.013500,6,0.5,1,0,1076.524,0,0,0,0,na,na
A42063,0.479000,1,0.03,0.3,0,23.52900,39.84900,5,0.5,2,0,4760.686,0.176500,5,1,8,0,1699.231,0.020500,6,0.5,1,0,1034.676,0,0,0,0,na,na
A42065,0.488000,1,0.03,0.3,0,21.81650,38.96450,5,0.5,2,0,4605.317,0.165000,5,1,8,0,1634.467,0.019500,6,0.5,1,0,1044.017,0,0,0,0,na,na
A42067,0.124500,1,0.03,0.3,0,24.81000,39.41550,5,0.5,2,0,5107.271,0.154500,5,1,8,0,1747.633,0.018500,6,0.5,1,0,1083.056,0,0,0,0,na,na
A42069,0.050000,1,0.03,0.3,0,12.89450,36.02450,5,0.5,2,0,3659.318,0.482500,5,1,8,0,1800.491,0.207000,6,0.5,1,0,1284.738,0,0,0,0,na,na
A42071,0.043500,1,0.03,0.3,0,24.76200,46.83650,5,0.5,2,0,4420.762,0.377000,5,1,8,0,2133.769,0.084500,6,0.5,1,0,1120.722,0,0,0,0,na,na
A42075,0.049000,1,0.03,0.3,0,31.83350,44.58550,5,0.5,2,0,4377.578,0.292500,5,1,8,0,2151.419,0.081500,6,0.5,1,0,1110.638,0,0,0,0,na,na
A42079,0.070500,1,0.03,0.3,0,16.64900,36.59250,5,0.5,2,0,4024.609,0.370500,5,1,8,0,1798.686,0.127500,6,0.5,1,0,1201.106,0,0,0,0,na,na
A42081,0.302000,1,0.03,0.3,0,27.54850,39.86850,5,0.5,2,0,4371.326,0.196500,5,1,8,0,1642.609,0.032500,6,0.5,1,0,1128.208,0,0,0,0,na,na
A42083,1.050000,1,0.03,0.3,0,19.39350,43.13000,5,0.5,2,0,4437.875,0.199500,5,1,8,0,1547.742,0.016000,6,0.5,1,0,985.5035,0,0,0,0,na,na
A42087,0.220500,1,0.03,0.3,0,24.49100,37.40750,5,0.5,2,0,4722.128,0.184500,5,1,8,0,1685.306,0.020500,6,0.5,1,0,1103.001,0,0,0,0,na,na
A42093,0.099000,1,0.03,0.3,0,22.39400,43.90000,5,0.5,2,0,5399.029,0.120000,5,1,8,0,1685.266,0.008500,6,0.5,1,0,1075.969,0,0,0,0,na,na
A42097,0.050500,1,0.03,0.3,0,35.67300,41.89350,5,0.5,2,0,4166.288,0.361500,5,1,8,0,2047.182,0.124500,6,0.5,1,0,1126.145,0,0,0,0,na,na
A42099,0.114500,1,0.03,0.3,0,23.24000,40.95700,5,0.5,2,0,5153.826,0.145000,5,1,8,0,1737.428,0.021000,6,0.5,1,0,1091.514,0,0,0,0,na,na
A42105,0.297000,1,0.03,0.3,0,22.20800,42.16350,5,0.5,2,0,4234.439,0.249500,5,1,8,0,1792.007,0.024000,6,0.5,1,0,1035.209,0,0,0,0,na,na
A42107,0.042000,1,0.03,0.3,0,20.61500,41.76450,5,0.5,2,0,4044.352,0.178500,5,1,8,0,1972.114,0.028000,6,0.5,1,0,1097.827,0,0,0,0,na,na
A42109,0.278500,1,0.03,0.3,0,25.20500,38.88100,5,0.5,2,0,5103.176,0.176000,5,1,8,0,1703.441,0.017000,6,0.5,1,0,1112.461,0,0,0,0,na,na
A42111,0.258000,1,0.03,0.3,0,22.92350,39.54400,5,0.5,2,0,4571.441,0.209000,5,1,8,0,1761.274,0.028000,6,0.5,1,0,1097.319,0,0,0,0,na,na
A42113,0.458000,1,0.03,0.3,0,23.35700,42.25300,5,0.5,2,0,4580.290,0.172500,5,1,8,0,1446.405,0.039000,6,0.5,1,0,1284.116,0,0,0,0,na,na
A42115,0.263000,1,0.03,0.3,0,22.44700,44.86300,5,0.5,2,0,4788.327,0.191500,5,1,8,0,1576.991,0.026000,6,0.5,1,0,1186.456,0,0,0,0,na,na
A42117,0.566000,1,0.03,0.3,0,26.97600,43.05000,5,0.5,2,0,4866.918,0.216000,5,1,8,0,1692.595,0.016000,6,0.5,1,0,1086.590,0,0,0,0,na,na
A42119,0.584500,1,0.03,0.3,0,24.88200,39.12600,5,0.5,2,0,4971.039,0.211000,5,1,8,0,1574.762,0.029500,6,0.5,1,0,1063.549,0,0,0,0,na,na
A42127,0.042000,1,0.03,0.3,0,15.38300,31.33900,5,0.5,2,0,2835.567,0.189000,5,1,8,0,1531.359,0.030500,6,0.5,1,0,1186.420,0,0,0,0,na,na
A42131,0.249500,1,0.03,0.3,0,18.03250,41.48750,5,0.5,2,0,5006.968,0.175500,5,1,8,0,1624.138,0.012000,6,0.5,1,0,1144.212,0,0,0,0,na,na
A42133,0.069000,1,0.03,0.3,0,23.71050,40.07200,5,0.5,2,0,5186.530,0.125500,5,1,8,0,1749.926,0.010000,6,0.5,1,0,1075.005,0,0,0,0,na,na
A47091,150,1,0.03,0.3,0,50,500,5,0.5,2,0,550,1200,5,1,8,0,300,800,6,0.5,1,0,250,0,0,0,0,na,na
A47163,150,1,0.03,0.3,0,50,500,5,0.5,2,0,550,1200,5,1,8,0,300,800,6,0.5,1,0,250,0,0,0,0,na,na
A51001,0.894500,1,0.03,0.3,0,28.86000,23.01000,5,0.5,2,0,5188.144,0.077500,5,1,8,0,1533.291,0.006000,6,0.5,1,0,1038.124,0,0,0,0,na,na
A51003,0.065500,1,0.03,0.3,0,12.61150,27.78200,5,0.5,2,0,4152.174,0.147000,5,1,8,0,1891.530,0.009000,6,0.5,1,0,1035.534,0,0,0,0,na,na
A51005,0.177500,1,0.03,0.3,0,25.26850,32.74400,5,0.5,2,0,4561.325,0.117000,5,1,8,0,1654.294,0.013000,6,0.5,1,0,1152.198,0,0,0,0,na,na
A51007,0.474000,1,0.03,0.3,0,13.81100,29.66250,5,0.5,2,0,5571.236,0.086000,5,1,8,0,1757.722,0.002000,6,0.5,1,0,998.9025,0,0,0,0,na,na
A51009,0.058500,1,0.03,0.3,0,17.56100,25.58550,5,0.5,2,0,3904.943,0.376500,5,1,8,0,1915.114,0.104000,6,0.5,1,0,1075.766,0,0,0,0,na,na
A51011,0.064000,1,0.03,0.3,0,11.58300,34.56200,5,0.5,2,0,4987.832,0.135500,5,1,8,0,1952.104,0.006000,6,0.5,1,0,1022.239,0,0,0,0,na,na
A51013,0.149500,1,0.03,0.3,0,17.43500,35.69700,5,0.5,2,0,5711.034,0.096000,5,1,8,0,1582.880,0.006000,6,0.5,1,0,991.6880,0,0,0,0,na,na
A51015,0.086500,1,0.03,0.3,0,18.37150,32.21200,5,0.5,2,0,4659.741,0.506500,5,1,8,0,1893.733,0.145000,6,0.5,1,0,1129.060,0,0,0,0,na,na
A51017,0.144500,1,0.03,0.3,0,22.60250,39.94000,5,0.5,2,0,4834.436,0.107000,5,1,8,0,1658.885,0.008000,6,0.5,1,0,1123.222,0,0,0,0,na,na
A51019,0.039500,1,0.03,0.3,0,13.33550,29.52200,5,0.5,2,0,4008.326,0.156000,5,1,8,0,2014.442,0.007000,6,0.5,1,0,1028.915,0,0,0,0,na,na
A51021,150,1,0.03,0.3,0,50,500,5,0.5,2,0,550,1200,5,1,8,0,300,800,6,0.5,1,0,250,0,0,0,0,na,na
A51023,0.054500,1,0.03,0.3,0,18.15750,33.11300,5,0.5,2,0,4572.506,0.115000,5,1,8,0,1730.813,0.010500,6,0.5,1,0,1105.494,0,0,0,0,na,na
A51025,150,1,0.03,0.3,0,50,500,5,0.5,2,0,550,1200,5,1,8,0,300,800,6,0.5,1,0,250,0,0,0,0,na,na
A51027,150,1,0.03,0.3,0,50,500,5,0.5,2,0,550,1200,5,1,8,0,300,800,6,0.5,1,0,250,0,0,0,0,na,na
A51029,0.146500,1,0.03,0.3,0,11.05450,31.84700,5,0.5,2,0,5287.601,0.100500,5,1,8,0,1782.836,0.004000,6,0.5,1,0,1009.087,0,0,0,0,na,na
A51031,0.050500,1,0.03,0.3,0,15.20350,30.42050,5,0.5,2,0,4395.225,0.118000,5,1,8,0,1878.341,0.005500,6,0.5,1,0,1019.684,0,0,0,0,na,na
A51033,0.063000,1,0.03,0.3,0,19.98050,32.73300,5,0.5,2,0,5138.522,0.148000,5,1,8,0,1817.337,0.006500,6,0.5,1,0,1042.283,0,0,0,0,na,na
A51035,150,1,0.03,0.3,0,50,500,5,0.5,2,0,550,1200,5,1,8,0,300,800,6,0.5,1,0,250,0,0,0,0,na,na
A51036,0.593500,1,0.03,0.3,0,26.12150,24.02550,5,0.5,2,0,5361.029,0.094500,5,1,8,0,1592.484,0.004500,6,0.5,1,0,1056.867,0,0,0,0,na,na
A51037,150,1,0.03,0.3,0,50,500,5,0.5,2,0,550,1200,5,1,8,0,300,800,6,0.5,1,0,250,0,0,0,0,na,na
A51041,0.048500,1,0.03,0.3,0,26.00950,22.08800,5,0.5,2,0,4009.946,0.116000,5,1,8,0,1738.373,0.005500,6,0.5,1,0,1040.180,0,0,0,0,na,na
A51043,0.414000,1,0.03,0.3,0,18.29500,31.93850,5,0.5,2,0,5227.648,0.112500,5,1,8,0,1676.151,0.012000,6,0.5,1,0,1076.370,0,0,0,0,na,na
A51045,0.303000,1,0.03,0.3,0,19.13150,32.93950,5,0.5,2,0,4703.914,0.126500,5,1,8,0,1657.294,0.038000,6,0.5,1,0,1160.236,0,0,0,0,na,na
A51047,0.078000,1,0.03,0.3,0,20.80350,36.71100,5,0.5,2,0,4996.446,0.151000,5,1,8,0,1970.483,0.008000,6,0.5,1,0,1040.060,0,0,0,0,na,na
A51049,0.401000,1,0.03,0.3,0,12.35900,29.29800,5,0.5,2,0,5408.389,0.079000,5,1,8,0,1703.323,0.003000,6,0.5,1,0,999.6835,0,0,0,0,na,na
A51051,150,1,0.03,0.3,0,50,500,5,0.5,2,0,550,1200,5,1,8,0,300,800,6,0.5,1,0,250,0,0,0,0,na,na
A51053,0.109500,1,0.03,0.3,0,23.15450,31.01500,5,0.5,2,0,5210.012,0.110000,5,1,8,0,1839.000,0.003000,6,0.5,1,0,1001.229,0,0,0,0,na,na
A51057,0.053000,1,0.03,0.3,0,27.23000,31.18450,5,0.5,2,0,4830.079,0.181000,5,1,8,0,1865.177,0.012000,6,0.5,1,0,1060.366,0,0,0,0,na,na
A51059,0.080000,1,0.03,0.3,0,19.06250,32.16400,5,0.5,2,0,5079.451,0.126500,5,1,8,0,1749.766,0.005000,6,0.5,1,0,1031.762,0,0,0,0,na,na
A51061,0.674000,1,0.03,0.3,0,18.44400,28.64150,5,0.5,2,0,5568.927,0.093000,5,1,8,0,1658.250,0.004000,6,0.5,1,0,1028.937,0,0,0,0,na,na
A51063,150,1,0.03,0.3,0,50,500,5,0.5,2,0,550,1200,5,1,8,0,300,800,6,0.5,1,0,250,0,0,0,0,na,na
A51065,0.043000,1,0.03,0.3,0,12.28350,25.31250,5,0.5,2,0,3768.895,0.130000,5,1,8,0,1895.417,0.006500,6,0.5,1,0,1029.417,0,0,0,0,na,na
A51067,150,1,0.03,0.3,0,50,500,5,0.5,2,0,550,1200,5,1,8,0,300,800,6,0.5,1,0,250,0,0,0,0,na,na
A51069,0.298000,1,0.03,0.3,0,19.59050,33.46750,5,0.5,2,0,5005.891,0.096500,5,1,8,0,1670.880,0.007500,6,0.5,1,0,1076.475,0,0,0,0,na,na
A51071,0.540000,1,0.03,0.3,0,26.89750,34.56050,5,0.5,2,0,4529.915,0.111000,5,1,8,0,1660.429,0.017000,6,0.5,1,0,1179.576,0,0,0,0,na,na
A51073,0.136000,1,0.03,0.3,0,25.25600,26.27500,5,0.5,2,0,4686.218,0.107000,5,1,8,0,1633.866,0.009000,6,0.5,1,0,1042.873,0,0,0,0,na,na
A51075,0.223000,1,0.03,0.3,0,13.54700,29.69200,5,0.5,2,0,5274.564,0.102000,5,1,8,0,1768.973,0.004500,6,0.5,1,0,1013.563,0,0,0,0,na,na
A51077,150,1,0.03,0.3,0,50,500,5,0.5,2,0,550,1200,5,1,8,0,300,800,6,0.5,1,0,250,0,0,0,0,na,na
A51079,0.051500,1,0.03,0.3,0,15.32000,29.95950,5,0.5,2,0,3989.816,0.168500,5,1,8,0,1987.440,0.012500,6,0.5,1,0,1068.698,0,0,0,0,na,na
A51081,150,1,0.03,0.3,0,50,500,5,0.5,2,0,550,1200,5,1,8,0,300,800,6,0.5,1,0,250,0,0,0,0,na,na
A51083,150,1,0.03,0.3,0,50,500,5,0.5,2,0,550,1200,5,1,8,0,300,800,6,0.5,1,0,250,0,0,0,0,na,na
A51085,0.055500,1,0.03,0.3,0,19.13400,29.48500,5,0.5,2,0,4743.211,0.108000,5,1,8,0,1797.718,0.006000,6,0.5,1,0,1032.174,0,0,0,0,na,na
A51087,0.307500,1,0.03,0.3,0,25.99900,24.85000,5,0.5,2,0,4995.468,0.118500,5,1,8,0,1637.379,0.005000,6,0.5,1,0,1057.959,0,0,0,0,na,na
A51089,150,1,0.03,0.3,0,50,500,5,0.5,2,0,550,1200,5,1,8,0,300,800,6,0.5,1,0,250,0,0,0,0,na,na
A51091,0.741000,1,0.03,0.3,0,23.95300,40.60150,5,0.5,2,0,4887.659,0.102000,5,1,8,0,1532.586,0.013000,6,0.5,1,0,1139.749,0,0,0,0,na,na
A51093,0.035000,1,0.03,0.3,0,32.93650,14.80050,5,0.5,2,0,2861.333,1.165000,5,1,8,0,2252.959,0.223000,6,0.5,1,0,1087.464,0,0,0,0,na,na
A51095,0.240500,1,0.03,0.3,0,26.01500,20.01750,5,0.5,2,0,3932.994,0.122500,5,1,8,0,1578.593,0.011000,6,0.5,1,0,1068.042,0,0,0,0,na,na
A51097,0.059000,1,0.03,0.3,0,20.79400,31.14650,5,0.5,2,0,5078.570,0.188500,5,1,8,0,1882.795,0.008000,6,0.5,1,0,1050.624,0,0,0,0,na,na
A51099,0.115500,1,0.03,0.3,0,20.08250,30.40650,5,0.5,2,0,4964.720,0.115500,5,1,8,0,1689.595,0.011000,6,0.5,1,0,1063.183,0,0,0,0,na,na
A51101,0.047500,1,0.03,0.3,0,24.17150,29.93400,5,0.5,2,0,4753.099,0.176500,5,1,8,0,1855.786,0.007500,6,0.5,1,0,1048.710,0,0,0,0,na,na
A51103,0.225500,1,0.03,0.3,0,28.65650,26.48750,5,0.5,2,0,5091.869,0.087000,5,1,8,0,1566.577,0.007000,6,0.5,1,0,1045.018,0,0,0,0,na,na
A51105,150,1,0.03,0.3,0,50,500,5,0.5,2,0,550,1200,5,1,8,0,300,800,6,0.5,1,0,250,0,0,0,0,na,na
A51107,0.158000,1,0.03,0.3,0,26.00450,33.73350,5,0.5,2,0,5321.000,0.132000,5,1,8,0,1796.502,0.008500,6,0.5,1,0,1027.335,0,0,0,0,na,na
A51109,0.585500,1,0.03,0.3,0,14.72000,27.89450,5,0.5,2,0,5363.867,0.084000,5,1,8,0,1651.199,0.002500,6,0.5,1,0,1007.232,0,0,0,0,na,na
A51111,150,1,0.03,0.3,0,50,500,5,0.5,2,0,550,1200,5,1,8,0,300,800,6,0.5,1,0,250,0,0,0,0,na,na
A51113,0.058500,1,0.03,0.3,0,17.09650,36.40250,5,0.5,2,0,4155.784,0.203500,5,1,8,0,2167.244,0.016500,6,0.5,1,0,1044.088,0,0,0,0,na,na
A51115,0.157000,1,0.03,0.3,0,26.87000,24.55000,5,0.5,2,0,4619.738,0.098000,5,1,8,0,1640.910,0.008000,6,0.5,1,0,1032.108,0,0,0,0,na,na
A51117,150,1,0.03,0.3,0,50,500,5,0.5,2,0,550,1200,5,1,8,0,300,800,6,0.5,1,0,250,0,0,0,0,na,na
A51119,0.108000,1,0.03,0.3,0,25.72250,26.20000,5,0.5,2,0,4561.152,0.109500,5,1,8,0,1640.083,0.010000,6,0.5,1,0,1057.275,0,0,0,0,na,na
A51121,0.060000,1,0.03,0.3,0,16.55450,33.63050,5,0.5,2,0,4649.503,0.120000,5,1,8,0,1764.250,0.024500,6,0.5,1,0,1127.992,0,0,0,0,na,na
A51125,0.079500,1,0.03,0.3,0,16.67800,26.55700,5,0.5,2,0,3872.822,0.335500,5,1,8,0,1996.407,0.081000,6,0.5,1,0,1062.798,0,0,0,0,na,na
A51127,0.443500,1,0.03,0.3,0,25.36850,23.26300,5,0.5,2,0,4978.871,0.099000,5,1,8,0,1602.495,0.004000,6,0.5,1,0,1057.822,0,0,0,0,na,na
A51131,0.892500,1,0.03,0.3,0,29.31100,22.17400,5,0.5,2,0,5257.482,0.081000,5,1,8,0,1493.877,0.006000,6,0.5,1,0,1066.558,0,0,0,0,na,na
A51133,0.262500,1,0.03,0.3,0,32.01150,26.31850,5,0.5,2,0,5183.823,0.087500,5,1,8,0,1571.104,0.007000,6,0.5,1,0,1043.445,0,0,0,0,na,na
A51135,0.192000,1,0.03,0.3,0,16.71250,30.20200,5,0.5,2,0,5164.501,0.107000,5,1,8,0,1865.118,0.004000,6,0.5,1,0,1016.795,0,0,0,0,na,na
A51137,0.059000,1,0.03,0.3,0,15.33600,30.23300,5,0.5,2,0,4349.097,0.141500,5,1,8,0,1929.668,0.007000,6,0.5,1,0,1026.132,0,0,0,0,na,na
A51139,0.071000,1,0.03,0.3,0,33.82250,35.10400,5,0.5,2,0,5034.098,0.432000,5,1,8,0,1785.894,0.126500,6,0.5,1,0,1121.591,0,0,0,0,na,na
A51141,150,1,0.03,0.3,0,50,500,5,0.5,2,0,550,1200,5,1,8,0,300,800,6,0.5,1,0,250,0,0,0,0,na,na
A51143,150,1,0.03,0.3,0,50,500,5,0.5,2,0,550,1200,5,1,8,0,300,800,6,0.5,1,0,250,0,0,0,0,na,na
A51145,0.232000,1,0.03,0.3,0,11.85900,23.11900,5,0.5,2,0,4307.953,0.085500,5,1,8,0,1704.682,0.003500,6,0.5,1,0,1005.854,0,0,0,0,na,na
A51147,0.282000,1,0.03,0.3,0,16.32250,29.53950,5,0.5,2,0,5306.214,0.080000,5,1,8,0,1720.344,0.003000,6,0.5,1,0,1008.630,0,0,0,0,na,na
A51149,0.066000,1,0.03,0.3,0,26.92300,24.83350,5,0.5,2,0,4490.955,0.374500,5,1,8,0,1785.683,0.081500,6,0.5,1,0,1074.750,0,0,0,0,na,na
A51153,0.064500,1,0.03,0.3,0,17.80000,28.79250,5,0.5,2,0,4525.739,0.120000,5,1,8,0,1729.757,0.005000,6,0.5,1,0,1029.307,0,0,0,0,na,na
A51155,150,1,0.03,0.3,0,50,500,5,0.5,2,0,550,1200,5,1,8,0,300,800,6,0.5,1,0,250,0,0,0,0,na,na
A51157,0.110500,1,0.03,0.3,0,28.72200,35.28150,5,0.5,2,0,5166.949,0.150000,5,1,8,0,1829.224,0.012500,6,0.5,1,0,1032.779,0,0,0,0,na,na
A51159,0.176000,1,0.03,0.3,0,22.74150,30.30250,5,0.5,2,0,5554.167,0.139000,5,1,8,0,1751.261,0.008000,6,0.5,1,0,1046.857,0,0,0,0,na,na
A51161,0.041500,1,0.03,0.3,0,14.08450,29.48350,5,0.5,2,0,4028.034,0.108500,5,1,8,0,1783.059,0.009500,6,0.5,1,0,1090.294,0,0,0,0,na,na
A51163,0.127500,1,0.03,0.3,0,19.65250,31.35700,5,0.5,2,0,4626.211,0.390000,5,1,8,0,1776.041,0.110500,6,0.5,1,0,1120.711,0,0,0,0,na,na
A51165,0.078000,1,0.03,0.3,0,30.41600,35.07700,5,0.5,2,0,5146.787,0.433000,5,1,8,0,1825.161,0.095500,6,0.5,1,0,1089.392,0,0,0,0,na,na
A51167,150,1,0.03,0.3,0,50,500,5,0.5,2,0,550,1200,5,1,8,0,300,800,6,0.5,1,0,250,0,0,0,0,na,na
A51169,150,1,0.03,0.3,0,50,500,5,0.5,2,0,550,1200,5,1,8,0,300,800,6,0.5,1,0,250,0,0,0,0,na,na
A51171,0.091000,1,0.03,0.3,0,30.17250,32.93950,5,0.5,2,0,5012.842,0.267000,5,1,8,0,1712.831,0.053000,6,0.5,1,0,1086.844,0,0,0,0,na,na
A51173,150,1,0.03,0.3,0,50,500,5,0.5,2,0,550,1200,5,1,8,0,300,800,6,0.5,1,0,250,0,0,0,0,na,na
A51175,150,1,0.03,0.3,0,50,500,5,0.5,2,0,550,1200,5,1,8,0,300,800,6,0.5,1,0,250,0,0,0,0,na,na
A51177,0.260500,1,0.03,0.3,0,16.41900,26.70600,5,0.5,2,0,4743.019,0.112500,5,1,8,0,1758.600,0.004000,6,0.5,1,0,1023.650,0,0,0,0,na,na
A51179,0.089000,1,0.03,0.3,0,15.56350,29.49250,5,0.5,2,0,4744.465,0.110000,5,1,8,0,1762.876,0.004500,6,0.5,1,0,1014.502,0,0,0,0,na,na
A51181,0.247500,1,0.03,0.3,0,26.97650,24.63500,5,0.5,2,0,4869.764,0.285500,5,1,8,0,1749.482,0.057500,6,0.5,1,0,1076.405,0,0,0,0,na,na
A51183,150,1,0.03,0.3,0,50,500,5,0.5,2,0,550,1200,5,1,8,0,300,800,6,0.5,1,0,250,0,0,0,0,na,na
A51185,150,1,0.03,0.3,0,50,500,5,0.5,2,0,550,1200,5,1,8,0,300,800,6,0.5,1,0,250,0,0,0,0,na,na
A51187,0.100500,1,0.03,0.3,0,19.40850,30.71350,5,0.5,2,0,4732.987,0.214500,5,1,8,0,1759.126,0.047000,6,0.5,1,0,1091.132,0,0,0,0,na,na
A51191,150,1,0.03,0.3,0,50,500,5,0.5,2,0,550,1200,5,1,8,0,300,800,6,0.5,1,0,250,0,0,0,0,na,na
A51193,0.109000,1,0.03,0.3,0,20.91250,29.18250,5,0.5,2,0,5090.565,0.117000,5,1,8,0,1759.950,0.006000,6,0.5,1,0,1040.118,0,0,0,0,na,na
A51195,150,1,0.03,0.3,0,50,500,5,0.5,2,0,550,1200,5,1,8,0,300,800,6,0.5,1,0,250,0,0,0,0,na,na
A51197,150,1,0.03,0.3,0,50,500,5,0.5,2,0,550,1200,5,1,8,0,300,800,6,0.5,1,0,250,0,0,0,0,na,na
A51199,0.177500,1,0.03,0.3,0,24.90450,20.30100,5,0.5,2,0,4085.586,0.151000,5,1,8,0,1613.979,0.016000,6,0.5,1,0,1054.799,0,0,0,0,na,na
A51510,0.049500,1,0.03,0.3,0,18.32550,34.53200,5,0.5,2,0,4148.007,1.019500,5,1,8,0,2354.887,0.123000,6,0.5,1,0,1029.386,0,0,0,0,na,na
A51515,150,1,0.03,0.3,0,50,500,5,0.5,2,0,550,1200,5,1,8,0,300,800,6,0.5,1,0,250,0,0,0,0,na,na
A51520,150,1,0.03,0.3,0,50,500,5,0.5,2,0,550,1200,5,1,8,0,300,800,6,0.5,1,0,250,0,0,0,0,na,na
A51530,0.049000,1,0.03,0.3,0,18.90900,31.49400,5,0.5,2,0,3977.424,0.310500,5,1,8,0,1877.280,0.013500,6,0.5,1,0,1120.961,0,0,0,0,na,na
A51540,0.060000,1,0.03,0.3,0,14.08900,29.47700,5,0.5,2,0,4206.908,0.186500,5,1,8,0,1995.067,0.005500,6,0.5,1,0,1028.264,0,0,0,0,na,na
A51550,0.181500,1,0.03,0.3,0,33.35550,23.70950,5,0.5,2,0,4780.594,0.115500,5,1,8,0,1667.470,0.008500,6,0.5,1,0,1031.375,0,0,0,0,na,na
A51570,0.196500,1,0.03,0.3,0,39.58550,26.10700,5,0.5,2,0,4917.759,0.150500,5,1,8,0,1783.732,0.014500,6,0.5,1,0,1000.702,0,0,0,0,na,na
A51580,0.045500,1,0.03,0.3,0,27.79450,28.84450,5,0.5,2,0,3799.320,0.289500,5,1,8,0,1734.502,0.010000,6,0.5,1,0,1112.799,0,0,0,0,na,na
A51590,150,1,0.03,0.3,0,50,500,5,0.5,2,0,550,1200,5,1,8,0,300,800,6,0.5,1,0,250,0,0,0,0,na,na
A51595,150,1,0.03,0.3,0,50,500,5,0.5,2,0,550,1200,5,1,8,0,300,800,6,0.5,1,0,250,0,0,0,0,na,na
A51600,0.122500,1,0.03,0.3,0,17.58500,37.69250,5,0.5,2,0,5483.061,0.231000,5,1,8,0,1671.635,0.010500,6,0.5,1,0,1083.088,0,0,0,0,na,na
A51610,0.045000,1,0.03,0.3,0,22.07850,34.82250,5,0.5,2,0,4144.410,0.461500,5,1,8,0,2222.406,0.064000,6,0.5,1,0,1035.869,0,0,0,0,na,na
A51620,150,1,0.03,0.3,0,50,500,5,0.5,2,0,550,1200,5,1,8,0,300,800,6,0.5,1,0,250,0,0,0,0,na,na
A51630,0.116000,1,0.03,0.3,0,16.50900,32.31000,5,0.5,2,0,5139.478,0.159500,5,1,8,0,1884.552,0.004000,6,0.5,1,0,1032.641,0,0,0,0,na,na
A51640,150,1,0.03,0.3,0,50,500,5,0.5,2,0,550,1200,5,1,8,0,300,800,6,0.5,1,0,250,0,0,0,0,na,na
A51650,0.536500,1,0.03,0.3,0,27.02900,21.44600,5,0.5,2,0,4818.767,0.098500,5,1,8,0,1670.308,0.007000,6,0.5,1,0,1021.530,0,0,0,0,na,na
A51660,0.063500,1,0.03,0.3,0,41.99700,38.46400,5,0.5,2,0,4304.364,1.129500,5,1,8,0,2133.132,0.222000,6,0.5,1,0,1130.676,0,0,0,0,na,na
A51670,0.102500,1,0.03,0.3,0,43.94450,30.64650,5,0.5,2,0,5269.639,0.338000,5,1,8,0,1781.354,0.029000,6,0.5,1,0,1092.283,0,0,0,0,na,na
A51678,0.108000,1,0.03,0.3,0,21.39050,29.87300,5,0.5,2,0,4552.462,0.401000,5,1,8,0,1833.895,0.079500,6,0.5,1,0,1080.365,0,0,0,0,na,na
A51680,0.040000,1,0.03,0.3,0,14.72600,28.18550,5,0.5,2,0,3735.323,0.154000,5,1,8,0,2006.151,0.009000,6,0.5,1,0,1028.159,0,0,0,0,na,na
A51683,0.276000,1,0.03,0.3,0,19.10600,34.95350,5,0.5,2,0,5717.349,0.107000,5,1,8,0,1527.472,0.010500,6,0.5,1,0,1038.303,0,0,0,0,na,na
A51685,0.222500,1,0.03,0.3,0,20.98400,35.13600,5,0.5,2,0,5582.825,0.116000,5,1,8,0,1566.177,0.009500,6,0.5,1,0,1015.839,0,0,0,0,na,na
A51690,150,1,0.03,0.3,0,50,500,5,0.5,2,0,550,1200,5,1,8,0,300,800,6,0.5,1,0,250,0,0,0,0,na,na
A51700,0.259000,1,0.03,0.3,0,28.45500,23.29850,5,0.5,2,0,4697.687,0.169500,5,1,8,0,1638.516,0.013500,6,0.5,1,0,1049.444,0,0,0,0,na,na
A51710,0.291500,1,0.03,0.3,0,31.37400,25.35050,5,0.5,2,0,5220.923,0.127500,5,1,8,0,1719.866,0.008000,6,0.5,1,0,1008.301,0,0,0,0,na,na
A51720,150,1,0.03,0.3,0,50,500,5,0.5,2,0,550,1200,5,1,8,0,300,800,6,0.5,1,0,250,0,0,0,0,na,na
A51730,0.085000,1,0.03,0.3,0,40.57400,25.29250,5,0.5,2,0,4560.901,0.337000,5,1,8,0,1738.478,0.062500,6,0.5,1,0,1068.682,0,0,0,0,na,na
A51735,0.555500,1,0.03,0.3,0,32.37700,20.27800,5,0.5,2,0,4634.352,0.101500,5,1,8,0,1458.818,0.016000,6,0.5,1,0,1185.053,0,0,0,0,na,na
A51740,0.263500,1,0.03,0.3,0,28.03150,24.87350,5,0.5,2,0,5024.489,0.130000,5,1,8,0,1701.740,0.010500,6,0.5,1,0,1028.382,0,0,0,0,na,na
A51750,150,1,0.03,0.3,0,50,500,5,0.5,2,0,550,1200,5,1,8,0,300,800,6,0.5,1,0,250,0,0,0,0,na,na
A51760,0.332000,1,0.03,0.3,0,28.23100,25.31700,5,0.5,2,0,5249.105,0.106500,5,1,8,0,1638.253,0.005000,6,0.5,1,0,1053.969,0,0,0,0,na,na
A51770,150,1,0.03,0.3,0,50,500,5,0.5,2,0,550,1200,5,1,8,0,300,800,6,0.5,1,0,250,0,0,0,0,na,na
A51775,150,1,0.03,0.3,0,50,500,5,0.5,2,0,550,1200,5,1,8,0,300,800,6,0.5,1,0,250,0,0,0,0,na,na
A51790,0.083500,1,0.03,0.3,0,20.11500,30.29650,5,0.5,2,0,4452.065,0.532000,5,1,8,0,1859.317,0.104500,6,0.5,1,0,1100.316,0,0,0,0,na,na
A51800,0.277000,1,0.03,0.3,0,24.60700,24.90050,5,0.5,2,0,5059.608,0.087000,5,1,8,0,1602.818,0.002000,6,0.5,1,0,1034.988,0,0,0,0,na,na
A51810,0.246500,1,0.03,0.3,0,39.87050,22.90700,5,0.5,2,0,4884.027,0.170500,5,1,8,0,1612.916,0.014500,6,0.5,1,0,1060.747,0,0,0,0,na,na
A51820,0.148500,1,0.03,0.3,0,20.69100,32.32400,5,0.5,2,0,4483.125,0.311500,5,1,8,0,1808.555,0.029500,6,0.5,1,0,1171.292,0,0,0,0,na,na
A51830,0.449500,1,0.03,0.3,0,27.02350,21.80400,5,0.5,2,0,4533.321,0.108500,5,1,8,0,1579.080,0.010000,6,0.5,1,0,1068.162,0,0,0,0,na,na
A51840,0.365000,1,0.03,0.3,0,16.91050,34.01350,5,0.5,2,0,5219.227,0.168000,5,1,8,0,1730.201,0.010000,6,0.5,1,0,1076.300,0,0,0,0,na,na
A54003,0.072000,1,0.03,0.3,0,27.12300,32.25250,5,0.5,2,0,4516.457,0.378000,5,1,8,0,1809.845,0.098000,6,0.5,1,0,1098.113,0,0,0,0,na,na
A54023,0.236500,1,0.03,0.3,0,22.32200,41.81250,5,0.5,2,0,4768.317,0.153000,5,1,8,0,1645.160,0.031500,6,0.5,1,0,1132.346,0,0,0,0,na,na
A54027,0.161000,1,0.03,0.3,0,22.28800,38.09650,5,0.5,2,0,5245.373,0.099500,5,1,8,0,1693.705,0.009500,6,0.5,1,0,1092.447,0,0,0,0,na,na
A54031,0.219000,1,0.03,0.3,0,31.86100,40.36750,5,0.5,2,0,5224.105,0.117500,5,1,8,0,1655.121,0.009000,6,0.5,1,0,1106.893,0,0,0,0,na,na
A54037,0.073500,1,0.03,0.3,0,21.04000,30.11650,5,0.5,2,0,4552.276,0.629000,5,1,8,0,1818.165,0.145000,6,0.5,1,0,1098.671,0,0,0,0,na,na
A54057,0.210500,1,0.03,0.3,0,24.94700,36.19950,5,0.5,2,0,4659.211,0.137000,5,1,8,0,1739.534,0.022500,6,0.5,1,0,1129.236,0,0,0,0,na,na
A54063,0.165500,1,0.03,0.3,0,28.14200,38.72050,5,0.5,2,0,4769.062,0.125000,5,1,8,0,1741.505,0.015000,6,0.5,1,0,1142.280,0,0,0,0,na,na
A54065,0.230000,1,0.03,0.3,0,24.65250,36.34850,5,0.5,2,0,5110.875,0.109000,5,1,8,0,1653.116,0.011000,6,0.5,1,0,1103.800,0,0,0,0,na,na
A54071,0.608500,1,0.03,0.3,0,31.74900,38.69350,5,0.5,2,0,5545.106,0.092500,5,1,8,0,1601.703,0.006000,6,0.5,1,0,1094.948,0,0,0,0,na,na
A54077,0.773500,1,0.03,0.3,0,25.61050,40.12100,5,0.5,2,0,4666.810,0.168500,5,1,8,0,1156.590,0.023500,6,0.5,1,0,967.4925,0,0,0,0,na,na
A54093,0.590500,1,0.03,0.3,0,17.67000,42.87600,5,0.5,2,0,4518.788,0.161000,5,1,8,0,944.1720,0.023500,6,0.5,1,0,968.7285,0,0,0,0,na,na
B24001,0.112500,1,0.03,0.3,0,27.48050,32.71250,5,0.5,2,0,4018.542,0.150500,5,1,8,0,1775.389,0.033500,6,0.5,1,0,1154.396,0,0,0,0,na,na
B24021,0.053500,1,0.03,0.3,0,19.74700,39.23850,5,0.5,2,0,4680.799,0.169500,5,1,8,0,2001.236,0.023000,6,0.5,1,0,1071.778,0,0,0,0,na,na
B37005,150,1,0.03,0.3,0,50,500,5,0.5,2,0,550,1200,5,1,8,0,300,800,6,0.5,1,0,250,0,0,0,0,na,na
B37009,150,1,0.03,0.3,0,50,500,5,0.5,2,0,550,1200,5,1,8,0,300,800,6,0.5,1,0,250,0,0,0,0,na,na
B42001,0.129500,1,0.03,0.3,0,22.62500,46.22850,5,0.5,2,0,5013.539,0.254500,5,1,8,0,1686.863,0.011500,6,0.5,1,0,1013.745,0,0,0,0,na,na
B42009,0.570500,1,0.03,0.3,0,28.93700,39.88900,5,0.5,2,0,5276.060,0.127500,5,1,8,0,1588.710,0.015500,6,0.5,1,0,1093.014,0,0,0,0,na,na
B42015,0.613000,1,0.03,0.3,0,21.79900,44.20100,5,0.5,2,0,4841.091,0.288000,5,1,8,0,1685.364,0.017000,6,0.5,1,0,1111.539,0,0,0,0,na,na
B42027,0.052000,1,0.03,0.3,0,20.41000,38.58200,5,0.5,2,0,3838.169,0.318000,5,1,8,0,2060.007,0.078000,6,0.5,1,0,1099.320,0,0,0,0,na,na
B42035,0.168500,1,0.03,0.3,0,19.01750,37.64850,5,0.5,2,0,4473.833,0.272500,5,1,8,0,1908.583,0.049500,6,0.5,1,0,1067.246,0,0,0,0,na,na
B42041,0.051000,1,0.03,0.3,0,18.32400,39.09200,5,0.5,2,0,3754.382,1.178000,5,1,8,0,2350.737,0.237500,6,0.5,1,0,1131.968,0,0,0,0,na,na
B42043,0.244500,1,0.03,0.3,0,20.11500,38.17850,5,0.5,2,0,5329.071,0.145500,5,1,8,0,1695.636,0.018000,6,0.5,1,0,1061.149,0,0,0,0,na,na
B42055,0.057000,1,0.03,0.3,0,25.16050,40.58250,5,0.5,2,0,5031.120,0.160000,5,1,8,0,1801.385,0.016500,6,0.5,1,0,1081.097,0,0,0,0,na,na
B42079,0.431000,1,0.03,0.3,0,14.50250,37.67200,5,0.5,2,0,4268.830,0.181500,5,1,8,0,1414.205,0.029500,6,0.5,1,0,1183.397,0,0,0,0,na,na
B42081,0.111000,1,0.03,0.3,0,27.58050,37.00900,5,0.5,2,0,4622.344,0.333000,5,1,8,0,1748.239,0.106000,6,0.5,1,0,1103.674,0,0,0,0,na,na
B42119,0.278000,1,0.03,0.3,0,24.81700,38.23250,5,0.5,2,0,5111.264,0.189500,5,1,8,0,1754.094,0.023500,6,0.5,1,0,1085.031,0,0,0,0,na,na
B42131,0.435000,1,0.03,0.3,0,15.09900,42.46950,5,0.5,2,0,4673.205,0.243500,5,1,8,0,1528.970,0.028500,6,0.5,1,0,1179.241,0,0,0,0,na,na
B51003,0.115000,1,0.03,0.3,0,16.31400,28.19800,5,0.5,2,0,4119.532,0.156500,5,1,8,0,1892.060,0.011500,6,0.5,1,0,1039.313,0,0,0,0,na,na
B51009,0.099000,1,0.03,0.3,0,23.71350,26.50050,5,0.5,2,0,3565.819,0.200500,5,1,8,0,1878.074,0.028000,6,0.5,1,0,1064.117,0,0,0,0,na,na
B51015,0.144000,1,0.03,0.3,0,21.01550,33.96550,5,0.5,2,0,4326.970,0.251500,5,1,8,0,1796.138,0.044000,6,0.5,1,0,1149.311,0,0,0,0,na,na
B51017,0.156000,1,0.03,0.3,0,20.23700,34.87700,5,0.5,2,0,4633.854,0.121500,5,1,8,0,1622.640,0.014000,6,0.5,1,0,1175.663,0,0,0,0,na,na
B51019,0.043000,1,0.03,0.3,0,14.88300,29.03700,5,0.5,2,0,4137.758,0.155000,5,1,8,0,1950.033,0.007500,6,0.5,1,0,1028.310,0,0,0,0,na,na
B51023,0.045000,1,0.03,0.3,0,12.83750,33.16500,5,0.5,2,0,4278.811,0.251500,5,1,8,0,1877.318,0.022500,6,0.5,1,0,1115.642,0,0,0,0,na,na
B51035,150,1,0.03,0.3,0,50,500,5,0.5,2,0,550,1200,5,1,8,0,300,800,6,0.5,1,0,250,0,0,0,0,na,na
B51061,0.091000,1,0.03,0.3,0,25.69300,35.21800,5,0.5,2,0,4549.116,0.174000,5,1,8,0,2024.058,0.015500,6,0.5,1,0,1048.623,0,0,0,0,na,na
B51067,150,1,0.03,0.3,0,50,500,5,0.5,2,0,550,1200,5,1,8,0,300,800,6,0.5,1,0,250,0,0,0,0,na,na
B51071,150,1,0.03,0.3,0,50,500,5,0.5,2,0,550,1200,5,1,8,0,300,800,6,0.5,1,0,250,0,0,0,0,na,na
B51077,150,1,0.03,0.3,0,50,500,5,0.5,2,0,550,1200,5,1,8,0,300,800,6,0.5,1,0,250,0,0,0,0,na,na
B51079,0.039500,1,0.03,0.3,0,21.83550,32.27650,5,0.5,2,0,3648.801,0.185500,5,1,8,0,1966.143,0.020500,6,0.5,1,0,1061.702,0,0,0,0,na,na
B51091,0.065000,1,0.03,0.3,0,22.98050,39.00700,5,0.5,2,0,4267.012,0.135500,5,1,8,0,1870.935,0.026500,6,0.5,1,0,1172.015,0,0,0,0,na,na
B51105,150,1,0.03,0.3,0,50,500,5,0.5,2,0,550,1200,5,1,8,0,300,800,6,0.5,1,0,250,0,0,0,0,na,na
B51113,0.060000,1,0.03,0.3,0,22.83500,36.67350,5,0.5,2,0,4248.902,0.219500,5,1,8,0,2039.783,0.020500,6,0.5,1,0,1038.984,0,0,0,0,na,na
B51125,0.300500,1,0.03,0.3,0,20.74350,28.70600,5,0.5,2,0,4214.206,0.225000,5,1,8,0,1773.779,0.025500,6,0.5,1,0,1033.959,0,0,0,0,na,na
B51139,0.061000,1,0.03,0.3,0,32.12400,34.61000,5,0.5,2,0,4708.528,0.452500,5,1,8,0,1846.115,0.139500,6,0.5,1,0,1151.005,0,0,0,0,na,na
B51141,150,1,0.03,0.3,0,50,500,5,0.5,2,0,550,1200,5,1,8,0,300,800,6,0.5,1,0,250,0,0,0,0,na,na
B51157,0.172000,1,0.03,0.3,0,29.97550,35.69700,5,0.5,2,0,4992.640,0.195000,5,1,8,0,1749.387,0.013500,6,0.5,1,0,1025.961,0,0,0,0,na,na
B51161,150,1,0.03,0.3,0,50,500,5,0.5,2,0,550,1200,5,1,8,0,300,800,6,0.5,1,0,250,0,0,0,0,na,na
B51163,0.061000,1,0.03,0.3,0,17.60950,34.29750,5,0.5,2,0,4366.217,0.335000,5,1,8,0,1945.522,0.071500,6,0.5,1,0,1098.168,0,0,0,0,na,na
B51165,0.610000,1,0.03,0.3,0,32.47950,38.06850,5,0.5,2,0,5415.975,0.101500,5,1,8,0,1597.533,0.007000,6,0.5,1,0,1106.229,0,0,0,0,na,na
B51167,150,1,0.03,0.3,0,50,500,5,0.5,2,0,550,1200,5,1,8,0,300,800,6,0.5,1,0,250,0,0,0,0,na,na
B51169,150,1,0.03,0.3,0,50,500,5,0.5,2,0,550,1200,5,1,8,0,300,800,6,0.5,1,0,250,0,0,0,0,na,na
B51171,0.208500,1,0.03,0.3,0,29.36650,36.86900,5,0.5,2,0,4978.607,0.114000,5,1,8,0,1628.479,0.015000,6,0.5,1,0,1134.029,0,0,0,0,na,na
B51173,150,1,0.03,0.3,0,50,500,5,0.5,2,0,550,1200,5,1,8,0,300,800,6,0.5,1,0,250,0,0,0,0,na,na
B51185,150,1,0.03,0.3,0,50,500,5,0.5,2,0,550,1200,5,1,8,0,300,800,6,0.5,1,0,250,0,0,0,0,na,na
B51187,0.070500,1,0.03,0.3,0,22.77350,32.00750,5,0.5,2,0,4487.388,0.186000,5,1,8,0,1825.958,0.040000,6,0.5,1,0,1108.393,0,0,0,0,na,na
B51191,150,1,0.03,0.3,0,50,500,5,0.5,2,0,550,1200,5,1,8,0,300,800,6,0.5,1,0,250,0,0,0,0,na,na
B51195,150,1,0.03,0.3,0,50,500,5,0.5,2,0,550,1200,5,1,8,0,300,800,6,0.5,1,0,250,0,0,0,0,na,na
B51197,150,1,0.03,0.3,0,50,500,5,0.5,2,0,550,1200,5,1,8,0,300,800,6,0.5,1,0,250,0,0,0,0,na,na
B54023,0.247500,1,0.03,0.3,0,27.14000,36.26600,5,0.5,2,0,5328.805,0.146000,5,1,8,0,1692.688,0.034000,6,0.5,1,0,1090.942,0,0,0,0,na,na
B54031,0.219500,1,0.03,0.3,0,29.31500,40.16800,5,0.5,2,0,5668.763,0.105000,5,1,8,0,1657.219,0.006000,6,0.5,1,0,1082.237,0,0,0,0,na,na
B54057,0.105500,1,0.03,0.3,0,23.55200,33.12200,5,0.5,2,0,4752.812,0.276500,5,1,8,0,1763.898,0.081500,6,0.5,1,0,1092.438,0,0,0,0,na,na
B54071,0.248000,1,0.03,0.3,0,29.68050,37.32300,5,0.5,2,0,4622.982,0.245500,5,1,8,0,1756.911,0.081500,6,0.5,1,0,1134.268,0,0,0,0,na,na
C42009,0.128000,1,0.03,0.3,0,27.26250,45.37800,5,0.5,2,0,5414.616,0.108500,5,1,8,0,1670.674,0.008000,6,0.5,1,0,1053.763,0,0,0,0,na,na
C51015,0.424500,1,0.03,0.3,0,23.45400,34.97400,5,0.5,2,0,5022.427,0.123500,5,1,8,0,1609.426,0.011500,6,0.5,1,0,1113.074,0,0,0,0,na,na
C51071,150,1,0.03,0.3,0,50,500,5,0.5,2,0,550,1200,5,1,8,0,300,800,6,0.5,1,0,250,0,0,0,0,na,na
C51165,0.082500,1,0.03,0.3,0,20.62750,36.43350,5,0.5,2,0,4442.252,0.407000,5,1,8,0,1950.458,0.115500,6,0.5,1,0,1178.307,0,0,0,0,na,na
end,,,,,,,,,,,,,,,,,,,,,,,,,,,,,,
