TABLE->,MON-NITUPT#1,MON-NITUPT#1,MON-NITUPT#1,MON-NITUPT#1,MON-NITUPT#1,MON-NITUPT#1,MON-NITUPT#1,MON-NITUPT#1,MON-NITUPT#1,MON-NITUPT#1,MON-NITUPT#1,MON-NITUPT#1,MON-NITUPT#2,MON-NITUPT#2,MON-NITUPT#2,MON-NITUPT#2,MON-NITUPT#2,MON-NITUPT#2,MON-NITUPT#2,MON-NITUPT#2,MON-NITUPT#2,MON-NITUPT#2,MON-NITUPT#2,MON-NITUPT#2,MON-NITUPT#3,MON-NITUPT#3,MON-NITUPT#3,MON-NITUPT#3,MON-NITUPT#3,MON-NITUPT#3,MON-NITUPT#3,MON-NITUPT#3,MON-NITUPT#3,MON-NITUPT#3,MON-NITUPT#3,MON-NITUPT#3,MON-NITUPT#4,MON-NITUPT#4,MON-NITUPT#4,MON-NITUPT#4,MON-NITUPT#4,MON-NITUPT#4,MON-NITUPT#4,MON-NITUPT#4,MON-NITUPT#4,MON-NITUPT#4,MON-NITUPT#4,MON-NITUPT#4
VARS->,JAN,FEB,MAR,APR,MAY,JUN,JUL,AUG,SEP,OCT,NOV,DEC,JAN,FEB,MAR,APR,MAY,JUN,JUL,AUG,SEP,OCT,NOV,DEC,JAN,FEB,MAR,APR,MAY,JUN,JUL,AUG,SEP,OCT,NOV,DEC,JAN,FEB,MAR,APR,MAY,JUN,JUL,AUG,SEP,OCT,NOV,DEC
A10001,2.275296,2.275296,2.275296,2.275296,2.275296,2.275296,2.275296,2.275296,2.275296,2.275296,2.275296,2.275296,2.275296,2.275296,2.275296,2.275296,2.275296,2.275296,2.275296,2.275296,2.275296,2.275296,2.275296,2.275296,0.379216,0.379216,0.379216,0.379216,0.379216,0.379216,0.379216,0.379216,0.379216,0.379216,0.379216,0.379216,0,0,0,0,0,0,0,0,0,0,0,0
A10003,3.000000,3.000000,3.000000,3.000000,3.000000,3.000000,3.000000,3.000000,3.000000,3.000000,3.000000,3.000000,3.000000,3.000000,3.000000,3.000000,3.000000,3.000000,3.000000,3.000000,3.000000,3.000000,3.000000,3.000000,0.500000,0.500000,0.500000,0.500000,0.500000,0.500000,0.500000,0.500000,0.500000,0.500000,0.500000,0.500000,0,0,0,0,0,0,0,0,0,0,0,0
A10005,1.737174,1.737174,1.737174,1.737174,1.737174,1.737174,1.737174,1.737174,1.737174,1.737174,1.737174,1.737174,1.737174,1.737174,1.737174,1.737174,1.737174,1.737174,1.737174,1.737174,1.737174,1.737174,1.737174,1.737174,0.289530,0.289530,0.289530,0.289530,0.289530,0.289530,0.289530,0.289530,0.289530,0.289530,0.289530,0.289530,0,0,0,0,0,0,0,0,0,0,0,0
A11001,0.250000,0.230000,0.310000,0.420000,0.500000,0.430000,0.430000,0.430000,0.520000,0.520000,0.380000,0.250000,0.250000,0.230000,0.310000,0.420000,0.500000,0.430000,0.430000,0.430000,0.520000,0.520000,0.380000,0.250000,0.100000,0.100000,0.100000,0.100000,0.100000,0.100000,0.100000,0.100000,0.100000,0.100000,0.100000,0.100000,0,0,0,0,0,0,0,0,0,0,0,0
A24001,1.866400,1.717087,2.314337,2.650093,2.650093,2.650093,2.650093,2.650093,2.650093,2.650093,2.650093,1.866400,1.866400,1.717087,2.314337,2.650093,2.650093,2.650093,2.650093,2.650093,2.650093,2.650093,2.650093,1.866400,0.441682,0.441682,0.441682,0.441682,0.441682,0.441682,0.441682,0.441682,0.441682,0.441682,0.441682,0.441682,0,0,0,0,0,0,0,0,0,0,0,0
A24003,3.000000,3.000000,3.000000,3.000000,3.000000,3.000000,3.000000,3.000000,3.000000,3.000000,3.000000,3.000000,3.000000,3.000000,3.000000,3.000000,3.000000,3.000000,3.000000,3.000000,3.000000,3.000000,3.000000,3.000000,0.500000,0.500000,0.500000,0.500000,0.500000,0.500000,0.500000,0.500000,0.500000,0.500000,0.500000,0.500000,0,0,0,0,0,0,0,0,0,0,0,0
A24009,3.000000,3.000000,3.000000,3.000000,3.000000,3.000000,3.000000,3.000000,3.000000,3.000000,3.000000,3.000000,3.000000,3.000000,3.000000,3.000000,3.000000,3.000000,3.000000,3.000000,3.000000,3.000000,3.000000,3.000000,0.500000,0.500000,0.500000,0.500000,0.500000,0.500000,0.500000,0.500000,0.500000,0.500000,0.500000,0.500000,0,0,0,0,0,0,0,0,0,0,0,0
A24005,2.289101,2.105976,2.838483,2.986240,2.986240,2.986240,2.986240,2.986240,2.986240,2.986240,2.986240,2.289101,2.289101,2.105976,2.838483,2.986240,2.986240,2.986240,2.986240,2.986240,2.986240,2.986240,2.986240,2.289101,0.497707,0.497707,0.497707,0.497707,0.497707,0.497707,0.497707,0.497707,0.497707,0.497707,0.497707,0.497707,0,0,0,0,0,0,0,0,0,0,0,0
A24011,3.000000,3.000000,3.000000,3.000000,3.000000,3.000000,3.000000,3.000000,3.000000,3.000000,3.000000,3.000000,3.000000,3.000000,3.000000,3.000000,3.000000,3.000000,3.000000,3.000000,3.000000,3.000000,3.000000,3.000000,0.500000,0.500000,0.500000,0.500000,0.500000,0.500000,0.500000,0.500000,0.500000,0.500000,0.500000,0.500000,0,0,0,0,0,0,0,0,0,0,0,0
A24013,3.000000,3.000000,3.000000,3.000000,3.000000,3.000000,3.000000,3.000000,3.000000,3.000000,3.000000,3.000000,3.000000,3.000000,3.000000,3.000000,3.000000,3.000000,3.000000,3.000000,3.000000,3.000000,3.000000,3.000000,0.500000,0.500000,0.500000,0.500000,0.500000,0.500000,0.500000,0.500000,0.500000,0.500000,0.500000,0.500000,0,0,0,0,0,0,0,0,0,0,0,0
A24015,3.000000,3.000000,3.000000,3.000000,3.000000,3.000000,3.000000,3.000000,3.000000,3.000000,3.000000,3.000000,3.000000,3.000000,3.000000,3.000000,3.000000,3.000000,3.000000,3.000000,3.000000,3.000000,3.000000,3.000000,0.500000,0.500000,0.500000,0.500000,0.500000,0.500000,0.500000,0.500000,0.500000,0.500000,0.500000,0.500000,0,0,0,0,0,0,0,0,0,0,0,0
A24017,3.000000,3.000000,3.000000,3.000000,3.000000,3.000000,3.000000,3.000000,3.000000,3.000000,3.000000,3.000000,3.000000,3.000000,3.000000,3.000000,3.000000,3.000000,3.000000,3.000000,3.000000,3.000000,3.000000,3.000000,0.500000,0.500000,0.500000,0.500000,0.500000,0.500000,0.500000,0.500000,0.500000,0.500000,0.500000,0.500000,0,0,0,0,0,0,0,0,0,0,0,0
A24019,3.000000,3.000000,3.000000,3.000000,3.000000,3.000000,3.000000,3.000000,3.000000,3.000000,3.000000,3.000000,3.000000,3.000000,3.000000,3.000000,3.000000,3.000000,3.000000,3.000000,3.000000,3.000000,3.000000,3.000000,0.500000,0.500000,0.500000,0.500000,0.500000,0.500000,0.500000,0.500000,0.500000,0.500000,0.500000,0.500000,0,0,0,0,0,0,0,0,0,0,0,0
A24021,3.000000,3.000000,3.000000,3.000000,3.000000,3.000000,3.000000,3.000000,3.000000,3.000000,3.000000,3.000000,3.000000,3.000000,3.000000,3.000000,3.000000,3.000000,3.000000,3.000000,3.000000,3.000000,3.000000,3.000000,0.500000,0.500000,0.500000,0.500000,0.500000,0.500000,0.500000,0.500000,0.500000,0.500000,0.500000,0.500000,0,0,0,0,0,0,0,0,0,0,0,0
A24023,3.000000,3.000000,3.000000,3.000000,3.000000,3.000000,3.000000,3.000000,3.000000,3.000000,3.000000,3.000000,3.000000,3.000000,3.000000,3.000000,3.000000,3.000000,3.000000,3.000000,3.000000,3.000000,3.000000,3.000000,0.500000,0.500000,0.500000,0.500000,0.500000,0.500000,0.500000,0.500000,0.500000,0.500000,0.500000,0.500000,0,0,0,0,0,0,0,0,0,0,0,0
A24025,3.000000,3.000000,3.000000,3.000000,3.000000,3.000000,3.000000,3.000000,3.000000,3.000000,3.000000,3.000000,3.000000,3.000000,3.000000,3.000000,3.000000,3.000000,3.000000,3.000000,3.000000,3.000000,3.000000,3.000000,0.500000,0.500000,0.500000,0.500000,0.500000,0.500000,0.500000,0.500000,0.500000,0.500000,0.500000,0.500000,0,0,0,0,0,0,0,0,0,0,0,0
A24027,2.076134,1.910043,2.574402,2.963197,2.963197,2.963197,2.963197,2.963197,2.963197,2.963197,2.963197,2.076134,2.076134,1.910043,2.574402,2.963197,2.963197,2.963197,2.963197,2.963197,2.963197,2.963197,2.963197,2.076134,0.493866,0.493866,0.493866,0.493866,0.493866,0.493866,0.493866,0.493866,0.493866,0.493866,0.493866,0.493866,0,0,0,0,0,0,0,0,0,0,0,0
A24029,3.000000,3.000000,3.000000,3.000000,3.000000,3.000000,3.000000,3.000000,3.000000,3.000000,3.000000,3.000000,3.000000,3.000000,3.000000,3.000000,3.000000,3.000000,3.000000,3.000000,3.000000,3.000000,3.000000,3.000000,0.500000,0.500000,0.500000,0.500000,0.500000,0.500000,0.500000,0.500000,0.500000,0.500000,0.500000,0.500000,0,0,0,0,0,0,0,0,0,0,0,0
A24031,2.745701,2.526052,3.000000,3.000000,3.000000,3.000000,3.000000,3.000000,3.000000,3.000000,3.000000,2.745701,2.745701,2.526052,3.000000,3.000000,3.000000,3.000000,3.000000,3.000000,3.000000,3.000000,3.000000,2.745701,0.500000,0.500000,0.500000,0.500000,0.500000,0.500000,0.500000,0.500000,0.500000,0.500000,0.500000,0.500000,0,0,0,0,0,0,0,0,0,0,0,0
A24033,3.000000,3.000000,3.000000,3.000000,3.000000,3.000000,3.000000,3.000000,3.000000,3.000000,3.000000,3.000000,3.000000,3.000000,3.000000,3.000000,3.000000,3.000000,3.000000,3.000000,3.000000,3.000000,3.000000,3.000000,0.500000,0.500000,0.500000,0.500000,0.500000,0.500000,0.500000,0.500000,0.500000,0.500000,0.500000,0.500000,0,0,0,0,0,0,0,0,0,0,0,0
A24035,3.000000,3.000000,3.000000,3.000000,3.000000,3.000000,3.000000,3.000000,3.000000,3.000000,3.000000,3.000000,3.000000,3.000000,3.000000,3.000000,3.000000,3.000000,3.000000,3.000000,3.000000,3.000000,3.000000,3.000000,0.500000,0.500000,0.500000,0.500000,0.500000,0.500000,0.500000,0.500000,0.500000,0.500000,0.500000,0.500000,0,0,0,0,0,0,0,0,0,0,0,0
A24037,3.000000,3.000000,3.000000,3.000000,3.000000,3.000000,3.000000,3.000000,3.000000,3.000000,3.000000,3.000000,3.000000,3.000000,3.000000,3.000000,3.000000,3.000000,3.000000,3.000000,3.000000,3.000000,3.000000,3.000000,0.500000,0.500000,0.500000,0.500000,0.500000,0.500000,0.500000,0.500000,0.500000,0.500000,0.500000,0.500000,0,0,0,0,0,0,0,0,0,0,0,0
A24039,3.000000,3.000000,3.000000,3.000000,3.000000,3.000000,3.000000,3.000000,3.000000,3.000000,3.000000,3.000000,3.000000,3.000000,3.000000,3.000000,3.000000,3.000000,3.000000,3.000000,3.000000,3.000000,3.000000,3.000000,0.500000,0.500000,0.500000,0.500000,0.500000,0.500000,0.500000,0.500000,0.500000,0.500000,0.500000,0.500000,0,0,0,0,0,0,0,0,0,0,0,0
A24041,3.000000,3.000000,3.000000,3.000000,3.000000,3.000000,3.000000,3.000000,3.000000,3.000000,3.000000,3.000000,3.000000,3.000000,3.000000,3.000000,3.000000,3.000000,3.000000,3.000000,3.000000,3.000000,3.000000,3.000000,0.500000,0.500000,0.500000,0.500000,0.500000,0.500000,0.500000,0.500000,0.500000,0.500000,0.500000,0.500000,0,0,0,0,0,0,0,0,0,0,0,0
A24043,0.280289,0.257868,0.347560,0.470887,0.560580,0.482098,0.482098,0.482098,0.583003,0.583003,0.426041,0.280289,0.280289,0.257868,0.347560,0.470887,0.560580,0.482098,0.482098,0.482098,0.583003,0.583003,0.426041,0.280289,0.112116,0.112116,0.112116,0.112116,0.112116,0.112116,0.112116,0.112116,0.112116,0.112116,0.112116,0.112116,0,0,0,0,0,0,0,0,0,0,0,0
A24045,3.000000,3.000000,3.000000,3.000000,3.000000,3.000000,3.000000,3.000000,3.000000,3.000000,3.000000,3.000000,3.000000,3.000000,3.000000,3.000000,3.000000,3.000000,3.000000,3.000000,3.000000,3.000000,3.000000,3.000000,0.500000,0.500000,0.500000,0.500000,0.500000,0.500000,0.500000,0.500000,0.500000,0.500000,0.500000,0.500000,0,0,0,0,0,0,0,0,0,0,0,0
A24047,3.000000,3.000000,3.000000,3.000000,3.000000,3.000000,3.000000,3.000000,3.000000,3.000000,3.000000,3.000000,3.000000,3.000000,3.000000,3.000000,3.000000,3.000000,3.000000,3.000000,3.000000,3.000000,3.000000,3.000000,0.500000,0.500000,0.500000,0.500000,0.500000,0.500000,0.500000,0.500000,0.500000,0.500000,0.500000,0.500000,0,0,0,0,0,0,0,0,0,0,0,0
A24510,0.250000,0.230000,0.310000,0.420000,0.500000,0.430000,0.430000,0.430000,0.520000,0.520000,0.380000,0.250000,0.250000,0.230000,0.310000,0.420000,0.500000,0.430000,0.430000,0.430000,0.520000,0.520000,0.380000,0.250000,0.100000,0.100000,0.100000,0.100000,0.100000,0.100000,0.100000,0.100000,0.100000,0.100000,0.100000,0.100000,0,0,0,0,0,0,0,0,0,0,0,0
A36003,3.000000,3.000000,3.000000,3.000000,3.000000,3.000000,3.000000,3.000000,3.000000,3.000000,3.000000,3.000000,3.000000,3.000000,3.000000,3.000000,3.000000,3.000000,3.000000,3.000000,3.000000,3.000000,3.000000,3.000000,0.500000,0.500000,0.500000,0.500000,0.500000,0.500000,0.500000,0.500000,0.500000,0.500000,0.500000,0.500000,0,0,0,0,0,0,0,0,0,0,0,0
A36007,3.000000,3.000000,3.000000,3.000000,3.000000,3.000000,3.000000,3.000000,3.000000,3.000000,3.000000,3.000000,3.000000,3.000000,3.000000,3.000000,3.000000,3.000000,3.000000,3.000000,3.000000,3.000000,3.000000,3.000000,0.500000,0.500000,0.500000,0.500000,0.500000,0.500000,0.500000,0.500000,0.500000,0.500000,0.500000,0.500000,0,0,0,0,0,0,0,0,0,0,0,0
A36015,3.000000,3.000000,3.000000,3.000000,3.000000,3.000000,3.000000,3.000000,3.000000,3.000000,3.000000,3.000000,3.000000,3.000000,3.000000,3.000000,3.000000,3.000000,3.000000,3.000000,3.000000,3.000000,3.000000,3.000000,0.500000,0.500000,0.500000,0.500000,0.500000,0.500000,0.500000,0.500000,0.500000,0.500000,0.500000,0.500000,0,0,0,0,0,0,0,0,0,0,0,0
A36017,3.000000,3.000000,3.000000,3.000000,3.000000,3.000000,3.000000,3.000000,3.000000,3.000000,3.000000,3.000000,3.000000,3.000000,3.000000,3.000000,3.000000,3.000000,3.000000,3.000000,3.000000,3.000000,3.000000,3.000000,0.500000,0.500000,0.500000,0.500000,0.500000,0.500000,0.500000,0.500000,0.500000,0.500000,0.500000,0.500000,0,0,0,0,0,0,0,0,0,0,0,0
A36023,3.000000,3.000000,3.000000,3.000000,3.000000,3.000000,3.000000,3.000000,3.000000,3.000000,3.000000,3.000000,3.000000,3.000000,3.000000,3.000000,3.000000,3.000000,3.000000,3.000000,3.000000,3.000000,3.000000,3.000000,0.500000,0.500000,0.500000,0.500000,0.500000,0.500000,0.500000,0.500000,0.500000,0.500000,0.500000,0.500000,0,0,0,0,0,0,0,0,0,0,0,0
A36025,3.000000,3.000000,3.000000,3.000000,3.000000,3.000000,3.000000,3.000000,3.000000,3.000000,3.000000,3.000000,3.000000,3.000000,3.000000,3.000000,3.000000,3.000000,3.000000,3.000000,3.000000,3.000000,3.000000,3.000000,0.500000,0.500000,0.500000,0.500000,0.500000,0.500000,0.500000,0.500000,0.500000,0.500000,0.500000,0.500000,0,0,0,0,0,0,0,0,0,0,0,0
A36043,3.000000,3.000000,3.000000,3.000000,3.000000,3.000000,3.000000,3.000000,3.000000,3.000000,3.000000,3.000000,3.000000,3.000000,3.000000,3.000000,3.000000,3.000000,3.000000,3.000000,3.000000,3.000000,3.000000,3.000000,0.500000,0.500000,0.500000,0.500000,0.500000,0.500000,0.500000,0.500000,0.500000,0.500000,0.500000,0.500000,0,0,0,0,0,0,0,0,0,0,0,0
A36051,3.000000,3.000000,3.000000,3.000000,3.000000,3.000000,3.000000,3.000000,3.000000,3.000000,3.000000,3.000000,3.000000,3.000000,3.000000,3.000000,3.000000,3.000000,3.000000,3.000000,3.000000,3.000000,3.000000,3.000000,0.500000,0.500000,0.500000,0.500000,0.500000,0.500000,0.500000,0.500000,0.500000,0.500000,0.500000,0.500000,0,0,0,0,0,0,0,0,0,0,0,0
A36053,3.000000,3.000000,3.000000,3.000000,3.000000,3.000000,3.000000,3.000000,3.000000,3.000000,3.000000,3.000000,3.000000,3.000000,3.000000,3.000000,3.000000,3.000000,3.000000,3.000000,3.000000,3.000000,3.000000,3.000000,0.500000,0.500000,0.500000,0.500000,0.500000,0.500000,0.500000,0.500000,0.500000,0.500000,0.500000,0.500000,0,0,0,0,0,0,0,0,0,0,0,0
A36065,3.000000,3.000000,3.000000,3.000000,3.000000,3.000000,3.000000,3.000000,3.000000,3.000000,3.000000,3.000000,3.000000,3.000000,3.000000,3.000000,3.000000,3.000000,3.000000,3.000000,3.000000,3.000000,3.000000,3.000000,0.500000,0.500000,0.500000,0.500000,0.500000,0.500000,0.500000,0.500000,0.500000,0.500000,0.500000,0.500000,0,0,0,0,0,0,0,0,0,0,0,0
A36067,3.000000,3.000000,3.000000,3.000000,3.000000,3.000000,3.000000,3.000000,3.000000,3.000000,3.000000,3.000000,3.000000,3.000000,3.000000,3.000000,3.000000,3.000000,3.000000,3.000000,3.000000,3.000000,3.000000,3.000000,0.500000,0.500000,0.500000,0.500000,0.500000,0.500000,0.500000,0.500000,0.500000,0.500000,0.500000,0.500000,0,0,0,0,0,0,0,0,0,0,0,0
A36069,3.000000,3.000000,3.000000,3.000000,3.000000,3.000000,3.000000,3.000000,3.000000,3.000000,3.000000,3.000000,3.000000,3.000000,3.000000,3.000000,3.000000,3.000000,3.000000,3.000000,3.000000,3.000000,3.000000,3.000000,0.500000,0.500000,0.500000,0.500000,0.500000,0.500000,0.500000,0.500000,0.500000,0.500000,0.500000,0.500000,0,0,0,0,0,0,0,0,0,0,0,0
A36077,3.000000,3.000000,3.000000,3.000000,3.000000,3.000000,3.000000,3.000000,3.000000,3.000000,3.000000,3.000000,3.000000,3.000000,3.000000,3.000000,3.000000,3.000000,3.000000,3.000000,3.000000,3.000000,3.000000,3.000000,0.500000,0.500000,0.500000,0.500000,0.500000,0.500000,0.500000,0.500000,0.500000,0.500000,0.500000,0.500000,0,0,0,0,0,0,0,0,0,0,0,0
A36095,3.000000,3.000000,3.000000,3.000000,3.000000,3.000000,3.000000,3.000000,3.000000,3.000000,3.000000,3.000000,3.000000,3.000000,3.000000,3.000000,3.000000,3.000000,3.000000,3.000000,3.000000,3.000000,3.000000,3.000000,0.500000,0.500000,0.500000,0.500000,0.500000,0.500000,0.500000,0.500000,0.500000,0.500000,0.500000,0.500000,0,0,0,0,0,0,0,0,0,0,0,0
A36097,3.000000,3.000000,3.000000,3.000000,3.000000,3.000000,3.000000,3.000000,3.000000,3.000000,3.000000,3.000000,3.000000,3.000000,3.000000,3.000000,3.000000,3.000000,3.000000,3.000000,3.000000,3.000000,3.000000,3.000000,0.500000,0.500000,0.500000,0.500000,0.500000,0.500000,0.500000,0.500000,0.500000,0.500000,0.500000,0.500000,0,0,0,0,0,0,0,0,0,0,0,0
A36101,3.000000,3.000000,3.000000,3.000000,3.000000,3.000000,3.000000,3.000000,3.000000,3.000000,3.000000,3.000000,3.000000,3.000000,3.000000,3.000000,3.000000,3.000000,3.000000,3.000000,3.000000,3.000000,3.000000,3.000000,0.500000,0.500000,0.500000,0.500000,0.500000,0.500000,0.500000,0.500000,0.500000,0.500000,0.500000,0.500000,0,0,0,0,0,0,0,0,0,0,0,0
A36107,3.000000,3.000000,3.000000,3.000000,3.000000,3.000000,3.000000,3.000000,3.000000,3.000000,3.000000,3.000000,3.000000,3.000000,3.000000,3.000000,3.000000,3.000000,3.000000,3.000000,3.000000,3.000000,3.000000,3.000000,0.500000,0.500000,0.500000,0.500000,0.500000,0.500000,0.500000,0.500000,0.500000,0.500000,0.500000,0.500000,0,0,0,0,0,0,0,0,0,0,0,0
A36109,3.000000,3.000000,3.000000,3.000000,3.000000,3.000000,3.000000,3.000000,3.000000,3.000000,3.000000,3.000000,3.000000,3.000000,3.000000,3.000000,3.000000,3.000000,3.000000,3.000000,3.000000,3.000000,3.000000,3.000000,0.500000,0.500000,0.500000,0.500000,0.500000,0.500000,0.500000,0.500000,0.500000,0.500000,0.500000,0.500000,0,0,0,0,0,0,0,0,0,0,0,0
A36123,3.000000,3.000000,3.000000,3.000000,3.000000,3.000000,3.000000,3.000000,3.000000,3.000000,3.000000,3.000000,3.000000,3.000000,3.000000,3.000000,3.000000,3.000000,3.000000,3.000000,3.000000,3.000000,3.000000,3.000000,0.500000,0.500000,0.500000,0.500000,0.500000,0.500000,0.500000,0.500000,0.500000,0.500000,0.500000,0.500000,0,0,0,0,0,0,0,0,0,0,0,0
A37001,0.25,0.23,0.31,0.42,0.5,0.43,0.43,0.43,0.52,0.52,0.38,0.25,0.25,0.23,0.31,0.42,0.5,0.43,0.43,0.43,0.52,0.52,0.38,0.25,0.1,0.1,0.1,0.1,0.1,0.1,0.1,0.1,0.1,0.1,0.1,0.1,0,0,0,0,0,0,0,0,0,0,0,0
A37005,0.25,0.23,0.31,0.42,0.5,0.43,0.43,0.43,0.52,0.52,0.38,0.25,0.25,0.23,0.31,0.42,0.5,0.43,0.43,0.43,0.52,0.52,0.38,0.25,0.1,0.1,0.1,0.1,0.1,0.1,0.1,0.1,0.1,0.1,0.1,0.1,0,0,0,0,0,0,0,0,0,0,0,0
A37009,0.25,0.23,0.31,0.42,0.5,0.43,0.43,0.43,0.52,0.52,0.38,0.25,0.25,0.23,0.31,0.42,0.5,0.43,0.43,0.43,0.52,0.52,0.38,0.25,0.1,0.1,0.1,0.1,0.1,0.1,0.1,0.1,0.1,0.1,0.1,0.1,0,0,0,0,0,0,0,0,0,0,0,0
A37033,0.25,0.23,0.31,0.42,0.5,0.43,0.43,0.43,0.52,0.52,0.38,0.25,0.25,0.23,0.31,0.42,0.5,0.43,0.43,0.43,0.52,0.52,0.38,0.25,0.1,0.1,0.1,0.1,0.1,0.1,0.1,0.1,0.1,0.1,0.1,0.1,0,0,0,0,0,0,0,0,0,0,0,0
A37067,0.25,0.23,0.31,0.42,0.5,0.43,0.43,0.43,0.52,0.52,0.38,0.25,0.25,0.23,0.31,0.42,0.5,0.43,0.43,0.43,0.52,0.52,0.38,0.25,0.1,0.1,0.1,0.1,0.1,0.1,0.1,0.1,0.1,0.1,0.1,0.1,0,0,0,0,0,0,0,0,0,0,0,0
A37077,0.25,0.23,0.31,0.42,0.5,0.43,0.43,0.43,0.52,0.52,0.38,0.25,0.25,0.23,0.31,0.42,0.5,0.43,0.43,0.43,0.52,0.52,0.38,0.25,0.1,0.1,0.1,0.1,0.1,0.1,0.1,0.1,0.1,0.1,0.1,0.1,0,0,0,0,0,0,0,0,0,0,0,0
A37081,0.25,0.23,0.31,0.42,0.5,0.43,0.43,0.43,0.52,0.52,0.38,0.25,0.25,0.23,0.31,0.42,0.5,0.43,0.43,0.43,0.52,0.52,0.38,0.25,0.1,0.1,0.1,0.1,0.1,0.1,0.1,0.1,0.1,0.1,0.1,0.1,0,0,0,0,0,0,0,0,0,0,0,0
A37131,0.25,0.23,0.31,0.42,0.5,0.43,0.43,0.43,0.52,0.52,0.38,0.25,0.25,0.23,0.31,0.42,0.5,0.43,0.43,0.43,0.52,0.52,0.38,0.25,0.1,0.1,0.1,0.1,0.1,0.1,0.1,0.1,0.1,0.1,0.1,0.1,0,0,0,0,0,0,0,0,0,0,0,0
A37135,0.25,0.23,0.31,0.42,0.5,0.43,0.43,0.43,0.52,0.52,0.38,0.25,0.25,0.23,0.31,0.42,0.5,0.43,0.43,0.43,0.52,0.52,0.38,0.25,0.1,0.1,0.1,0.1,0.1,0.1,0.1,0.1,0.1,0.1,0.1,0.1,0,0,0,0,0,0,0,0,0,0,0,0
A37145,0.25,0.23,0.31,0.42,0.5,0.43,0.43,0.43,0.52,0.52,0.38,0.25,0.25,0.23,0.31,0.42,0.5,0.43,0.43,0.43,0.52,0.52,0.38,0.25,0.1,0.1,0.1,0.1,0.1,0.1,0.1,0.1,0.1,0.1,0.1,0.1,0,0,0,0,0,0,0,0,0,0,0,0
A37157,0.25,0.23,0.31,0.42,0.5,0.43,0.43,0.43,0.52,0.52,0.38,0.25,0.25,0.23,0.31,0.42,0.5,0.43,0.43,0.43,0.52,0.52,0.38,0.25,0.1,0.1,0.1,0.1,0.1,0.1,0.1,0.1,0.1,0.1,0.1,0.1,0,0,0,0,0,0,0,0,0,0,0,0
A37169,0.25,0.23,0.31,0.42,0.5,0.43,0.43,0.43,0.52,0.52,0.38,0.25,0.25,0.23,0.31,0.42,0.5,0.43,0.43,0.43,0.52,0.52,0.38,0.25,0.1,0.1,0.1,0.1,0.1,0.1,0.1,0.1,0.1,0.1,0.1,0.1,0,0,0,0,0,0,0,0,0,0,0,0
A37171,0.25,0.23,0.31,0.42,0.5,0.43,0.43,0.43,0.52,0.52,0.38,0.25,0.25,0.23,0.31,0.42,0.5,0.43,0.43,0.43,0.52,0.52,0.38,0.25,0.1,0.1,0.1,0.1,0.1,0.1,0.1,0.1,0.1,0.1,0.1,0.1,0,0,0,0,0,0,0,0,0,0,0,0
A37181,0.25,0.23,0.31,0.42,0.5,0.43,0.43,0.43,0.52,0.52,0.38,0.25,0.25,0.23,0.31,0.42,0.5,0.43,0.43,0.43,0.52,0.52,0.38,0.25,0.1,0.1,0.1,0.1,0.1,0.1,0.1,0.1,0.1,0.1,0.1,0.1,0,0,0,0,0,0,0,0,0,0,0,0
A37185,0.25,0.23,0.31,0.42,0.5,0.43,0.43,0.43,0.52,0.52,0.38,0.25,0.25,0.23,0.31,0.42,0.5,0.43,0.43,0.43,0.52,0.52,0.38,0.25,0.1,0.1,0.1,0.1,0.1,0.1,0.1,0.1,0.1,0.1,0.1,0.1,0,0,0,0,0,0,0,0,0,0,0,0
A37189,0.25,0.23,0.31,0.42,0.5,0.43,0.43,0.43,0.52,0.52,0.38,0.25,0.25,0.23,0.31,0.42,0.5,0.43,0.43,0.43,0.52,0.52,0.38,0.25,0.1,0.1,0.1,0.1,0.1,0.1,0.1,0.1,0.1,0.1,0.1,0.1,0,0,0,0,0,0,0,0,0,0,0,0
A42001,3.000000,3.000000,3.000000,3.000000,3.000000,3.000000,3.000000,3.000000,3.000000,3.000000,3.000000,3.000000,3.000000,3.000000,3.000000,3.000000,3.000000,3.000000,3.000000,3.000000,3.000000,3.000000,3.000000,3.000000,0.500000,0.500000,0.500000,0.500000,0.500000,0.500000,0.500000,0.500000,0.500000,0.500000,0.500000,0.500000,0,0,0,0,0,0,0,0,0,0,0,0
A42009,3.000000,3.000000,3.000000,3.000000,3.000000,3.000000,3.000000,3.000000,3.000000,3.000000,3.000000,3.000000,3.000000,3.000000,3.000000,3.000000,3.000000,3.000000,3.000000,3.000000,3.000000,3.000000,3.000000,3.000000,0.500000,0.500000,0.500000,0.500000,0.500000,0.500000,0.500000,0.500000,0.500000,0.500000,0.500000,0.500000,0,0,0,0,0,0,0,0,0,0,0,0
A42011,3.000000,3.000000,3.000000,3.000000,3.000000,3.000000,3.000000,3.000000,3.000000,3.000000,3.000000,3.000000,3.000000,3.000000,3.000000,3.000000,3.000000,3.000000,3.000000,3.000000,3.000000,3.000000,3.000000,3.000000,0.500000,0.500000,0.500000,0.500000,0.500000,0.500000,0.500000,0.500000,0.500000,0.500000,0.500000,0.500000,0,0,0,0,0,0,0,0,0,0,0,0
A42013,2.522830,2.320998,3.000000,3.000000,3.000000,3.000000,3.000000,3.000000,3.000000,3.000000,3.000000,2.522830,2.522830,2.320998,3.000000,3.000000,3.000000,3.000000,3.000000,3.000000,3.000000,3.000000,3.000000,2.522830,0.500000,0.500000,0.500000,0.500000,0.500000,0.500000,0.500000,0.500000,0.500000,0.500000,0.500000,0.500000,0,0,0,0,0,0,0,0,0,0,0,0
A42015,3.000000,3.000000,3.000000,3.000000,3.000000,3.000000,3.000000,3.000000,3.000000,3.000000,3.000000,3.000000,3.000000,3.000000,3.000000,3.000000,3.000000,3.000000,3.000000,3.000000,3.000000,3.000000,3.000000,3.000000,0.500000,0.500000,0.500000,0.500000,0.500000,0.500000,0.500000,0.500000,0.500000,0.500000,0.500000,0.500000,0,0,0,0,0,0,0,0,0,0,0,0
A42021,3.000000,3.000000,3.000000,3.000000,3.000000,3.000000,3.000000,3.000000,3.000000,3.000000,3.000000,3.000000,3.000000,3.000000,3.000000,3.000000,3.000000,3.000000,3.000000,3.000000,3.000000,3.000000,3.000000,3.000000,0.500000,0.500000,0.500000,0.500000,0.500000,0.500000,0.500000,0.500000,0.500000,0.500000,0.500000,0.500000,0,0,0,0,0,0,0,0,0,0,0,0
A42023,3.000000,3.000000,3.000000,3.000000,3.000000,3.000000,3.000000,3.000000,3.000000,3.000000,3.000000,3.000000,3.000000,3.000000,3.000000,3.000000,3.000000,3.000000,3.000000,3.000000,3.000000,3.000000,3.000000,3.000000,0.500000,0.500000,0.500000,0.500000,0.500000,0.500000,0.500000,0.500000,0.500000,0.500000,0.500000,0.500000,0,0,0,0,0,0,0,0,0,0,0,0
A42025,3.000000,3.000000,3.000000,3.000000,3.000000,3.000000,3.000000,3.000000,3.000000,3.000000,3.000000,3.000000,3.000000,3.000000,3.000000,3.000000,3.000000,3.000000,3.000000,3.000000,3.000000,3.000000,3.000000,3.000000,0.500000,0.500000,0.500000,0.500000,0.500000,0.500000,0.500000,0.500000,0.500000,0.500000,0.500000,0.500000,0,0,0,0,0,0,0,0,0,0,0,0
A42027,0.892115,0.820747,1.106223,1.452217,1.452217,1.452217,1.452217,1.452217,1.452217,1.452217,1.356015,0.892115,0.892115,0.820747,1.106223,1.452217,1.452217,1.452217,1.452217,1.452217,1.452217,1.452217,1.356015,0.892115,0.242036,0.242036,0.242036,0.242036,0.242036,0.242036,0.242036,0.242036,0.242036,0.242036,0.242036,0.242036,0,0,0,0,0,0,0,0,0,0,0,0
A42029,3.000000,3.000000,3.000000,3.000000,3.000000,3.000000,3.000000,3.000000,3.000000,3.000000,3.000000,3.000000,3.000000,3.000000,3.000000,3.000000,3.000000,3.000000,3.000000,3.000000,3.000000,3.000000,3.000000,3.000000,0.500000,0.500000,0.500000,0.500000,0.500000,0.500000,0.500000,0.500000,0.500000,0.500000,0.500000,0.500000,0,0,0,0,0,0,0,0,0,0,0,0
A42033,3.000000,3.000000,3.000000,3.000000,3.000000,3.000000,3.000000,3.000000,3.000000,3.000000,3.000000,3.000000,3.000000,3.000000,3.000000,3.000000,3.000000,3.000000,3.000000,3.000000,3.000000,3.000000,3.000000,3.000000,0.500000,0.500000,0.500000,0.500000,0.500000,0.500000,0.500000,0.500000,0.500000,0.500000,0.500000,0.500000,0,0,0,0,0,0,0,0,0,0,0,0
A42035,3.000000,3.000000,3.000000,3.000000,3.000000,3.000000,3.000000,3.000000,3.000000,3.000000,3.000000,3.000000,3.000000,3.000000,3.000000,3.000000,3.000000,3.000000,3.000000,3.000000,3.000000,3.000000,3.000000,3.000000,0.500000,0.500000,0.500000,0.500000,0.500000,0.500000,0.500000,0.500000,0.500000,0.500000,0.500000,0.500000,0,0,0,0,0,0,0,0,0,0,0,0
A42037,3.000000,3.000000,3.000000,3.000000,3.000000,3.000000,3.000000,3.000000,3.000000,3.000000,3.000000,3.000000,3.000000,3.000000,3.000000,3.000000,3.000000,3.000000,3.000000,3.000000,3.000000,3.000000,3.000000,3.000000,0.500000,0.500000,0.500000,0.500000,0.500000,0.500000,0.500000,0.500000,0.500000,0.500000,0.500000,0.500000,0,0,0,0,0,0,0,0,0,0,0,0
A42041,3.000000,3.000000,3.000000,3.000000,3.000000,3.000000,3.000000,3.000000,3.000000,3.000000,3.000000,3.000000,3.000000,3.000000,3.000000,3.000000,3.000000,3.000000,3.000000,3.000000,3.000000,3.000000,3.000000,3.000000,0.500000,0.500000,0.500000,0.500000,0.500000,0.500000,0.500000,0.500000,0.500000,0.500000,0.500000,0.500000,0,0,0,0,0,0,0,0,0,0,0,0
A42043,3.000000,3.000000,3.000000,3.000000,3.000000,3.000000,3.000000,3.000000,3.000000,3.000000,3.000000,3.000000,3.000000,3.000000,3.000000,3.000000,3.000000,3.000000,3.000000,3.000000,3.000000,3.000000,3.000000,3.000000,0.500000,0.500000,0.500000,0.500000,0.500000,0.500000,0.500000,0.500000,0.500000,0.500000,0.500000,0.500000,0,0,0,0,0,0,0,0,0,0,0,0
A42047,3.000000,3.000000,3.000000,3.000000,3.000000,3.000000,3.000000,3.000000,3.000000,3.000000,3.000000,3.000000,3.000000,3.000000,3.000000,3.000000,3.000000,3.000000,3.000000,3.000000,3.000000,3.000000,3.000000,3.000000,0.500000,0.500000,0.500000,0.500000,0.500000,0.500000,0.500000,0.500000,0.500000,0.500000,0.500000,0.500000,0,0,0,0,0,0,0,0,0,0,0,0
A42055,3.000000,3.000000,3.000000,3.000000,3.000000,3.000000,3.000000,3.000000,3.000000,3.000000,3.000000,3.000000,3.000000,3.000000,3.000000,3.000000,3.000000,3.000000,3.000000,3.000000,3.000000,3.000000,3.000000,3.000000,0.500000,0.500000,0.500000,0.500000,0.500000,0.500000,0.500000,0.500000,0.500000,0.500000,0.500000,0.500000,0,0,0,0,0,0,0,0,0,0,0,0
A42057,3.000000,3.000000,3.000000,3.000000,3.000000,3.000000,3.000000,3.000000,3.000000,3.000000,3.000000,3.000000,3.000000,3.000000,3.000000,3.000000,3.000000,3.000000,3.000000,3.000000,3.000000,3.000000,3.000000,3.000000,0.500000,0.500000,0.500000,0.500000,0.500000,0.500000,0.500000,0.500000,0.500000,0.500000,0.500000,0.500000,0,0,0,0,0,0,0,0,0,0,0,0
A42061,2.317924,2.132486,2.874226,3.000000,3.000000,3.000000,3.000000,3.000000,3.000000,3.000000,3.000000,2.317924,2.317924,2.132486,2.874226,3.000000,3.000000,3.000000,3.000000,3.000000,3.000000,3.000000,3.000000,2.317924,0.500000,0.500000,0.500000,0.500000,0.500000,0.500000,0.500000,0.500000,0.500000,0.500000,0.500000,0.500000,0,0,0,0,0,0,0,0,0,0,0,0
A42063,3.000000,3.000000,3.000000,3.000000,3.000000,3.000000,3.000000,3.000000,3.000000,3.000000,3.000000,3.000000,3.000000,3.000000,3.000000,3.000000,3.000000,3.000000,3.000000,3.000000,3.000000,3.000000,3.000000,3.000000,0.500000,0.500000,0.500000,0.500000,0.500000,0.500000,0.500000,0.500000,0.500000,0.500000,0.500000,0.500000,0,0,0,0,0,0,0,0,0,0,0,0
A42065,3.000000,3.000000,3.000000,3.000000,3.000000,3.000000,3.000000,3.000000,3.000000,3.000000,3.000000,3.000000,3.000000,3.000000,3.000000,3.000000,3.000000,3.000000,3.000000,3.000000,3.000000,3.000000,3.000000,3.000000,0.500000,0.500000,0.500000,0.500000,0.500000,0.500000,0.500000,0.500000,0.500000,0.500000,0.500000,0.500000,0,0,0,0,0,0,0,0,0,0,0,0
A42067,0.762783,0.762783,0.762783,0.762783,0.762783,0.762783,0.762783,0.762783,0.762783,0.762783,0.762783,0.762783,0.762783,0.762783,0.762783,0.762783,0.762783,0.762783,0.762783,0.762783,0.762783,0.762783,0.762783,0.762783,0.127130,0.127130,0.127130,0.127130,0.127130,0.127130,0.127130,0.127130,0.127130,0.127130,0.127130,0.127130,0,0,0,0,0,0,0,0,0,0,0,0
A42069,3.000000,3.000000,3.000000,3.000000,3.000000,3.000000,3.000000,3.000000,3.000000,3.000000,3.000000,3.000000,3.000000,3.000000,3.000000,3.000000,3.000000,3.000000,3.000000,3.000000,3.000000,3.000000,3.000000,3.000000,0.500000,0.500000,0.500000,0.500000,0.500000,0.500000,0.500000,0.500000,0.500000,0.500000,0.500000,0.500000,0,0,0,0,0,0,0,0,0,0,0,0
A42071,0.421065,0.387381,0.498947,0.498947,0.498947,0.498947,0.498947,0.498947,0.498947,0.498947,0.498947,0.421065,0.421065,0.387381,0.498947,0.498947,0.498947,0.498947,0.498947,0.498947,0.498947,0.498947,0.498947,0.421065,0.083157,0.083157,0.083157,0.083157,0.083157,0.083157,0.083157,0.083157,0.083157,0.083157,0.083157,0.083157,0,0,0,0,0,0,0,0,0,0,0,0
A42075,0.530809,0.488345,0.611270,0.611270,0.611270,0.611270,0.611270,0.611270,0.611270,0.611270,0.611270,0.530809,0.530809,0.488345,0.611270,0.611270,0.611270,0.611270,0.611270,0.611270,0.611270,0.611270,0.611270,0.530809,0.101879,0.101879,0.101879,0.101879,0.101879,0.101879,0.101879,0.101879,0.101879,0.101879,0.101879,0.101879,0,0,0,0,0,0,0,0,0,0,0,0
A42079,3.000000,3.000000,3.000000,3.000000,3.000000,3.000000,3.000000,3.000000,3.000000,3.000000,3.000000,3.000000,3.000000,3.000000,3.000000,3.000000,3.000000,3.000000,3.000000,3.000000,3.000000,3.000000,3.000000,3.000000,0.500000,0.500000,0.500000,0.500000,0.500000,0.500000,0.500000,0.500000,0.500000,0.500000,0.500000,0.500000,0,0,0,0,0,0,0,0,0,0,0,0
A42081,3.000000,3.000000,3.000000,3.000000,3.000000,3.000000,3.000000,3.000000,3.000000,3.000000,3.000000,3.000000,3.000000,3.000000,3.000000,3.000000,3.000000,3.000000,3.000000,3.000000,3.000000,3.000000,3.000000,3.000000,0.500000,0.500000,0.500000,0.500000,0.500000,0.500000,0.500000,0.500000,0.500000,0.500000,0.500000,0.500000,0,0,0,0,0,0,0,0,0,0,0,0
A42083,3.000000,3.000000,3.000000,3.000000,3.000000,3.000000,3.000000,3.000000,3.000000,3.000000,3.000000,3.000000,3.000000,3.000000,3.000000,3.000000,3.000000,3.000000,3.000000,3.000000,3.000000,3.000000,3.000000,3.000000,0.500000,0.500000,0.500000,0.500000,0.500000,0.500000,0.500000,0.500000,0.500000,0.500000,0.500000,0.500000,0,0,0,0,0,0,0,0,0,0,0,0
A42087,3.000000,3.000000,3.000000,3.000000,3.000000,3.000000,3.000000,3.000000,3.000000,3.000000,3.000000,3.000000,3.000000,3.000000,3.000000,3.000000,3.000000,3.000000,3.000000,3.000000,3.000000,3.000000,3.000000,3.000000,0.500000,0.500000,0.500000,0.500000,0.500000,0.500000,0.500000,0.500000,0.500000,0.500000,0.500000,0.500000,0,0,0,0,0,0,0,0,0,0,0,0
A42093,3.000000,3.000000,3.000000,3.000000,3.000000,3.000000,3.000000,3.000000,3.000000,3.000000,3.000000,3.000000,3.000000,3.000000,3.000000,3.000000,3.000000,3.000000,3.000000,3.000000,3.000000,3.000000,3.000000,3.000000,0.500000,0.500000,0.500000,0.500000,0.500000,0.500000,0.500000,0.500000,0.500000,0.500000,0.500000,0.500000,0,0,0,0,0,0,0,0,0,0,0,0
A42097,1.380740,1.380740,1.380740,1.380740,1.380740,1.380740,1.380740,1.380740,1.380740,1.380740,1.380740,1.380740,1.380740,1.380740,1.380740,1.380740,1.380740,1.380740,1.380740,1.380740,1.380740,1.380740,1.380740,1.380740,0.230123,0.230123,0.230123,0.230123,0.230123,0.230123,0.230123,0.230123,0.230123,0.230123,0.230123,0.230123,0,0,0,0,0,0,0,0,0,0,0,0
A42099,3.000000,3.000000,3.000000,3.000000,3.000000,3.000000,3.000000,3.000000,3.000000,3.000000,3.000000,3.000000,3.000000,3.000000,3.000000,3.000000,3.000000,3.000000,3.000000,3.000000,3.000000,3.000000,3.000000,3.000000,0.500000,0.500000,0.500000,0.500000,0.500000,0.500000,0.500000,0.500000,0.500000,0.500000,0.500000,0.500000,0,0,0,0,0,0,0,0,0,0,0,0
A42105,3.000000,3.000000,3.000000,3.000000,3.000000,3.000000,3.000000,3.000000,3.000000,3.000000,3.000000,3.000000,3.000000,3.000000,3.000000,3.000000,3.000000,3.000000,3.000000,3.000000,3.000000,3.000000,3.000000,3.000000,0.500000,0.500000,0.500000,0.500000,0.500000,0.500000,0.500000,0.500000,0.500000,0.500000,0.500000,0.500000,0,0,0,0,0,0,0,0,0,0,0,0
A42107,3.000000,3.000000,3.000000,3.000000,3.000000,3.000000,3.000000,3.000000,3.000000,3.000000,3.000000,3.000000,3.000000,3.000000,3.000000,3.000000,3.000000,3.000000,3.000000,3.000000,3.000000,3.000000,3.000000,3.000000,0.500000,0.500000,0.500000,0.500000,0.500000,0.500000,0.500000,0.500000,0.500000,0.500000,0.500000,0.500000,0,0,0,0,0,0,0,0,0,0,0,0
A42109,3.000000,3.000000,3.000000,3.000000,3.000000,3.000000,3.000000,3.000000,3.000000,3.000000,3.000000,3.000000,3.000000,3.000000,3.000000,3.000000,3.000000,3.000000,3.000000,3.000000,3.000000,3.000000,3.000000,3.000000,0.500000,0.500000,0.500000,0.500000,0.500000,0.500000,0.500000,0.500000,0.500000,0.500000,0.500000,0.500000,0,0,0,0,0,0,0,0,0,0,0,0
A42111,3.000000,3.000000,3.000000,3.000000,3.000000,3.000000,3.000000,3.000000,3.000000,3.000000,3.000000,3.000000,3.000000,3.000000,3.000000,3.000000,3.000000,3.000000,3.000000,3.000000,3.000000,3.000000,3.000000,3.000000,0.500000,0.500000,0.500000,0.500000,0.500000,0.500000,0.500000,0.500000,0.500000,0.500000,0.500000,0.500000,0,0,0,0,0,0,0,0,0,0,0,0
A42113,3.000000,3.000000,3.000000,3.000000,3.000000,3.000000,3.000000,3.000000,3.000000,3.000000,3.000000,3.000000,3.000000,3.000000,3.000000,3.000000,3.000000,3.000000,3.000000,3.000000,3.000000,3.000000,3.000000,3.000000,0.500000,0.500000,0.500000,0.500000,0.500000,0.500000,0.500000,0.500000,0.500000,0.500000,0.500000,0.500000,0,0,0,0,0,0,0,0,0,0,0,0
A42115,3.000000,3.000000,3.000000,3.000000,3.000000,3.000000,3.000000,3.000000,3.000000,3.000000,3.000000,3.000000,3.000000,3.000000,3.000000,3.000000,3.000000,3.000000,3.000000,3.000000,3.000000,3.000000,3.000000,3.000000,0.500000,0.500000,0.500000,0.500000,0.500000,0.500000,0.500000,0.500000,0.500000,0.500000,0.500000,0.500000,0,0,0,0,0,0,0,0,0,0,0,0
A42117,3.000000,3.000000,3.000000,3.000000,3.000000,3.000000,3.000000,3.000000,3.000000,3.000000,3.000000,3.000000,3.000000,3.000000,3.000000,3.000000,3.000000,3.000000,3.000000,3.000000,3.000000,3.000000,3.000000,3.000000,0.500000,0.500000,0.500000,0.500000,0.500000,0.500000,0.500000,0.500000,0.500000,0.500000,0.500000,0.500000,0,0,0,0,0,0,0,0,0,0,0,0
A42119,3.000000,3.000000,3.000000,3.000000,3.000000,3.000000,3.000000,3.000000,3.000000,3.000000,3.000000,3.000000,3.000000,3.000000,3.000000,3.000000,3.000000,3.000000,3.000000,3.000000,3.000000,3.000000,3.000000,3.000000,0.500000,0.500000,0.500000,0.500000,0.500000,0.500000,0.500000,0.500000,0.500000,0.500000,0.500000,0.500000,0,0,0,0,0,0,0,0,0,0,0,0
A42127,3.000000,3.000000,3.000000,3.000000,3.000000,3.000000,3.000000,3.000000,3.000000,3.000000,3.000000,3.000000,3.000000,3.000000,3.000000,3.000000,3.000000,3.000000,3.000000,3.000000,3.000000,3.000000,3.000000,3.000000,0.500000,0.500000,0.500000,0.500000,0.500000,0.500000,0.500000,0.500000,0.500000,0.500000,0.500000,0.500000,0,0,0,0,0,0,0,0,0,0,0,0
A42131,3.000000,3.000000,3.000000,3.000000,3.000000,3.000000,3.000000,3.000000,3.000000,3.000000,3.000000,3.000000,3.000000,3.000000,3.000000,3.000000,3.000000,3.000000,3.000000,3.000000,3.000000,3.000000,3.000000,3.000000,0.500000,0.500000,0.500000,0.500000,0.500000,0.500000,0.500000,0.500000,0.500000,0.500000,0.500000,0.500000,0,0,0,0,0,0,0,0,0,0,0,0
A42133,3.000000,3.000000,3.000000,3.000000,3.000000,3.000000,3.000000,3.000000,3.000000,3.000000,3.000000,3.000000,3.000000,3.000000,3.000000,3.000000,3.000000,3.000000,3.000000,3.000000,3.000000,3.000000,3.000000,3.000000,0.500000,0.500000,0.500000,0.500000,0.500000,0.500000,0.500000,0.500000,0.500000,0.500000,0.500000,0.500000,0,0,0,0,0,0,0,0,0,0,0,0
A47091,0.25,0.23,0.31,0.42,0.5,0.43,0.43,0.43,0.52,0.52,0.38,0.25,0.25,0.23,0.31,0.42,0.5,0.43,0.43,0.43,0.52,0.52,0.38,0.25,0.1,0.1,0.1,0.1,0.1,0.1,0.1,0.1,0.1,0.1,0.1,0.1,0,0,0,0,0,0,0,0,0,0,0,0
A47163,0.25,0.23,0.31,0.42,0.5,0.43,0.43,0.43,0.52,0.52,0.38,0.25,0.25,0.23,0.31,0.42,0.5,0.43,0.43,0.43,0.52,0.52,0.38,0.25,0.1,0.1,0.1,0.1,0.1,0.1,0.1,0.1,0.1,0.1,0.1,0.1,0,0,0,0,0,0,0,0,0,0,0,0
A51001,2.312835,2.312835,2.312835,2.312835,2.312835,2.312835,2.312835,2.312835,2.312835,2.312835,2.312835,2.312835,2.312835,2.312835,2.312835,2.312835,2.312835,2.312835,2.312835,2.312835,2.312835,2.312835,2.312835,2.312835,0.385473,0.385473,0.385473,0.385473,0.385473,0.385473,0.385473,0.385473,0.385473,0.385473,0.385473,0.385473,0,0,0,0,0,0,0,0,0,0,0,0
A51003,0.675157,0.621143,0.837196,1.134263,1.350316,1.161269,1.161269,1.161269,1.404327,1.404327,1.026238,0.675157,0.675157,0.621143,0.837196,1.134263,1.350316,1.161269,1.161269,1.161269,1.404327,1.404327,1.026238,0.675157,0.270062,0.270062,0.270062,0.270062,0.270062,0.270062,0.270062,0.270062,0.270062,0.270062,0.270062,0.270062,0,0,0,0,0,0,0,0,0,0,0,0
A51005,3.000000,3.000000,3.000000,3.000000,3.000000,3.000000,3.000000,3.000000,3.000000,3.000000,3.000000,3.000000,3.000000,3.000000,3.000000,3.000000,3.000000,3.000000,3.000000,3.000000,3.000000,3.000000,3.000000,3.000000,0.500000,0.500000,0.500000,0.500000,0.500000,0.500000,0.500000,0.500000,0.500000,0.500000,0.500000,0.500000,0,0,0,0,0,0,0,0,0,0,0,0
A51007,2.912707,2.912707,2.912707,2.912707,2.912707,2.912707,2.912707,2.912707,2.912707,2.912707,2.912707,2.912707,2.912707,2.912707,2.912707,2.912707,2.912707,2.912707,2.912707,2.912707,2.912707,2.912707,2.912707,2.912707,0.485451,0.485451,0.485451,0.485451,0.485451,0.485451,0.485451,0.485451,0.485451,0.485451,0.485451,0.485451,0,0,0,0,0,0,0,0,0,0,0,0
A51009,0.791786,0.728442,0.981814,1.330198,1.583571,1.361872,1.361872,1.361872,1.646915,1.646915,1.203516,0.791786,0.791786,0.728442,0.981814,1.330198,1.583571,1.361872,1.361872,1.361872,1.646915,1.646915,1.203516,0.791786,0.316713,0.316713,0.316713,0.316713,0.316713,0.316713,0.316713,0.316713,0.316713,0.316713,0.316713,0.316713,0,0,0,0,0,0,0,0,0,0,0,0
A51011,0.711101,0.654214,0.881769,1.194653,1.422208,1.223097,1.223097,1.223097,1.479095,1.479095,1.080876,0.711101,0.711101,0.654214,0.881769,1.194653,1.422208,1.223097,1.223097,1.223097,1.479095,1.479095,1.080876,0.711101,0.284441,0.284441,0.284441,0.284441,0.284441,0.284441,0.284441,0.284441,0.284441,0.284441,0.284441,0.284441,0,0,0,0,0,0,0,0,0,0,0,0
A51013,3.000000,3.000000,3.000000,3.000000,3.000000,3.000000,3.000000,3.000000,3.000000,3.000000,3.000000,3.000000,3.000000,3.000000,3.000000,3.000000,3.000000,3.000000,3.000000,3.000000,3.000000,3.000000,3.000000,3.000000,0.500000,0.500000,0.500000,0.500000,0.500000,0.500000,0.500000,0.500000,0.500000,0.500000,0.500000,0.500000,0,0,0,0,0,0,0,0,0,0,0,0
A51015,0.328495,0.302214,0.407333,0.551870,0.656988,0.565010,0.565010,0.565010,0.683267,0.683267,0.499311,0.328495,0.328495,0.302214,0.407333,0.551870,0.656988,0.565010,0.565010,0.565010,0.683267,0.683267,0.499311,0.328495,0.131398,0.131398,0.131398,0.131398,0.131398,0.131398,0.131398,0.131398,0.131398,0.131398,0.131398,0.131398,0,0,0,0,0,0,0,0,0,0,0,0
A51017,0.614537,0.565374,0.762026,1.032423,1.229075,1.057003,1.057003,1.057003,1.278237,1.278237,0.934094,0.614537,0.614537,0.565374,0.762026,1.032423,1.229075,1.057003,1.057003,1.057003,1.278237,1.278237,0.934094,0.614537,0.245815,0.245815,0.245815,0.245815,0.245815,0.245815,0.245815,0.245815,0.245815,0.245815,0.245815,0.245815,0,0,0,0,0,0,0,0,0,0,0,0
A51019,0.634948,0.584152,0.787334,1.066712,1.269893,1.092108,1.092108,1.092108,1.320691,1.320691,0.965121,0.634948,0.634948,0.584152,0.787334,1.066712,1.269893,1.092108,1.092108,1.092108,1.320691,1.320691,0.965121,0.634948,0.253980,0.253980,0.253980,0.253980,0.253980,0.253980,0.253980,0.253980,0.253980,0.253980,0.253980,0.253980,0,0,0,0,0,0,0,0,0,0,0,0
A51021,0.25,0.23,0.31,0.42,0.5,0.43,0.43,0.43,0.52,0.52,0.38,0.25,0.25,0.23,0.31,0.42,0.5,0.43,0.43,0.43,0.52,0.52,0.38,0.25,0.1,0.1,0.1,0.1,0.1,0.1,0.1,0.1,0.1,0.1,0.1,0.1,0,0,0,0,0,0,0,0,0,0,0,0
A51023,0.679969,0.625574,0.843164,1.142349,1.359940,1.169552,1.169552,1.169552,1.414338,1.414338,1.033553,0.679969,0.679969,0.625574,0.843164,1.142349,1.359940,1.169552,1.169552,1.169552,1.414338,1.414338,1.033553,0.679969,0.271988,0.271988,0.271988,0.271988,0.271988,0.271988,0.271988,0.271988,0.271988,0.271988,0.271988,0.271988,0,0,0,0,0,0,0,0,0,0,0,0
A51025,0.25,0.23,0.31,0.42,0.5,0.43,0.43,0.43,0.52,0.52,0.38,0.25,0.25,0.23,0.31,0.42,0.5,0.43,0.43,0.43,0.52,0.52,0.38,0.25,0.1,0.1,0.1,0.1,0.1,0.1,0.1,0.1,0.1,0.1,0.1,0.1,0,0,0,0,0,0,0,0,0,0,0,0
A51027,0.25,0.23,0.31,0.42,0.5,0.43,0.43,0.43,0.52,0.52,0.38,0.25,0.25,0.23,0.31,0.42,0.5,0.43,0.43,0.43,0.52,0.52,0.38,0.25,0.1,0.1,0.1,0.1,0.1,0.1,0.1,0.1,0.1,0.1,0.1,0.1,0,0,0,0,0,0,0,0,0,0,0,0
A51029,1.775915,1.633841,2.202130,2.983536,3.000000,3.000000,3.000000,3.000000,3.000000,3.000000,2.699389,1.775915,1.775915,1.633841,2.202130,2.983536,3.000000,3.000000,3.000000,3.000000,3.000000,3.000000,2.699389,1.775915,0.500000,0.500000,0.500000,0.500000,0.500000,0.500000,0.500000,0.500000,0.500000,0.500000,0.500000,0.500000,0,0,0,0,0,0,0,0,0,0,0,0
A51031,0.821607,0.755880,1.018794,1.380302,1.643216,1.413168,1.413168,1.413168,1.708948,1.708948,1.248844,0.821607,0.821607,0.755880,1.018794,1.380302,1.643216,1.413168,1.413168,1.413168,1.708948,1.708948,1.248844,0.821607,0.328643,0.328643,0.328643,0.328643,0.328643,0.328643,0.328643,0.328643,0.328643,0.328643,0.328643,0.328643,0,0,0,0,0,0,0,0,0,0,0,0
A51033,0.664278,0.611137,0.823707,1.115989,1.328560,1.142560,1.142560,1.142560,1.381699,1.381699,1.009705,0.664278,0.664278,0.611137,0.823707,1.115989,1.328560,1.142560,1.142560,1.142560,1.381699,1.381699,1.009705,0.664278,0.265712,0.265712,0.265712,0.265712,0.265712,0.265712,0.265712,0.265712,0.265712,0.265712,0.265712,0.265712,0,0,0,0,0,0,0,0,0,0,0,0
A51035,0.25,0.23,0.31,0.42,0.5,0.43,0.43,0.43,0.52,0.52,0.38,0.25,0.25,0.23,0.31,0.42,0.5,0.43,0.43,0.43,0.52,0.52,0.38,0.25,0.1,0.1,0.1,0.1,0.1,0.1,0.1,0.1,0.1,0.1,0.1,0.1,0,0,0,0,0,0,0,0,0,0,0,0
A51036,3.000000,2.874632,3.000000,3.000000,3.000000,3.000000,3.000000,3.000000,3.000000,3.000000,3.000000,3.000000,3.000000,2.874632,3.000000,3.000000,3.000000,3.000000,3.000000,3.000000,3.000000,3.000000,3.000000,3.000000,0.500000,0.500000,0.500000,0.500000,0.500000,0.500000,0.500000,0.500000,0.500000,0.500000,0.500000,0.500000,0,0,0,0,0,0,0,0,0,0,0,0
A51037,0.25,0.23,0.31,0.42,0.5,0.43,0.43,0.43,0.52,0.52,0.38,0.25,0.25,0.23,0.31,0.42,0.5,0.43,0.43,0.43,0.52,0.52,0.38,0.25,0.1,0.1,0.1,0.1,0.1,0.1,0.1,0.1,0.1,0.1,0.1,0.1,0,0,0,0,0,0,0,0,0,0,0,0
A51041,1.158837,1.066126,1.436954,1.946840,2.317669,1.993196,1.993196,1.993196,2.410376,2.410376,1.761427,1.158837,1.158837,1.066126,1.436954,1.946840,2.317669,1.993196,1.993196,1.993196,2.410376,2.410376,1.761427,1.158837,0.418335,0.418335,0.418335,0.418335,0.418335,0.418335,0.418335,0.418335,0.418335,0.418335,0.418335,0.418335,0,0,0,0,0,0,0,0,0,0,0,0
A51043,0.594293,0.546747,0.736922,0.998410,1.188584,1.022183,1.022183,1.022183,1.236129,1.236129,0.903325,0.594293,0.594293,0.546747,0.736922,0.998410,1.188584,1.022183,1.022183,1.022183,1.236129,1.236129,0.903325,0.594293,0.237716,0.237716,0.237716,0.237716,0.237716,0.237716,0.237716,0.237716,0.237716,0.237716,0.237716,0.237716,0,0,0,0,0,0,0,0,0,0,0,0
A51045,0.664677,0.611503,0.824200,1.116659,1.329357,1.143246,1.143246,1.143246,1.382531,1.382531,1.010313,0.664677,0.664677,0.611503,0.824200,1.116659,1.329357,1.143246,1.143246,1.143246,1.382531,1.382531,1.010313,0.664677,0.265874,0.265874,0.265874,0.265874,0.265874,0.265874,0.265874,0.265874,0.265874,0.265874,0.265874,0.265874,0,0,0,0,0,0,0,0,0,0,0,0
A51047,0.671681,0.617948,0.832884,1.128426,1.343363,1.155291,1.155291,1.155291,1.397097,1.397097,1.020957,0.671681,0.671681,0.617948,0.832884,1.128426,1.343363,1.155291,1.155291,1.155291,1.397097,1.397097,1.020957,0.671681,0.268672,0.268672,0.268672,0.268672,0.268672,0.268672,0.268672,0.268672,0.268672,0.268672,0.268672,0.268672,0,0,0,0,0,0,0,0,0,0,0,0
A51049,2.359549,2.170784,2.545224,2.545224,2.545224,2.545224,2.545224,2.545224,2.545224,2.545224,2.545224,2.359549,2.359549,2.170784,2.545224,2.545224,2.545224,2.545224,2.545224,2.545224,2.545224,2.545224,2.545224,2.359549,0.424204,0.424204,0.424204,0.424204,0.424204,0.424204,0.424204,0.424204,0.424204,0.424204,0.424204,0.424204,0,0,0,0,0,0,0,0,0,0,0,0
A51051,0.25,0.23,0.31,0.42,0.5,0.43,0.43,0.43,0.52,0.52,0.38,0.25,0.25,0.23,0.31,0.42,0.5,0.43,0.43,0.43,0.52,0.52,0.38,0.25,0.1,0.1,0.1,0.1,0.1,0.1,0.1,0.1,0.1,0.1,0.1,0.1,0,0,0,0,0,0,0,0,0,0,0,0
A51053,2.080705,1.914254,2.580077,3.000000,3.000000,3.000000,3.000000,3.000000,3.000000,3.000000,3.000000,2.080705,2.080705,1.914254,2.580077,3.000000,3.000000,3.000000,3.000000,3.000000,3.000000,3.000000,3.000000,2.080705,0.500000,0.500000,0.500000,0.500000,0.500000,0.500000,0.500000,0.500000,0.500000,0.500000,0.500000,0.500000,0,0,0,0,0,0,0,0,0,0,0,0
A51057,0.650065,0.598059,0.806080,1.092110,1.300128,1.118110,1.118110,1.118110,1.352135,1.352135,0.988096,0.650065,0.650065,0.598059,0.806080,1.092110,1.300128,1.118110,1.118110,1.118110,1.352135,1.352135,0.988096,0.650065,0.260026,0.260026,0.260026,0.260026,0.260026,0.260026,0.260026,0.260026,0.260026,0.260026,0.260026,0.260026,0,0,0,0,0,0,0,0,0,0,0,0
A51059,0.653109,0.600863,0.809857,1.097222,1.306217,1.123348,1.123348,1.123348,1.358466,1.358466,0.992725,0.653109,0.653109,0.600863,0.809857,1.097222,1.306217,1.123348,1.123348,1.123348,1.358466,1.358466,0.992725,0.653109,0.261243,0.261243,0.261243,0.261243,0.261243,0.261243,0.261243,0.261243,0.261243,0.261243,0.261243,0.261243,0,0,0,0,0,0,0,0,0,0,0,0
A51061,3.000000,3.000000,3.000000,3.000000,3.000000,3.000000,3.000000,3.000000,3.000000,3.000000,3.000000,3.000000,3.000000,3.000000,3.000000,3.000000,3.000000,3.000000,3.000000,3.000000,3.000000,3.000000,3.000000,3.000000,0.500000,0.500000,0.500000,0.500000,0.500000,0.500000,0.500000,0.500000,0.500000,0.500000,0.500000,0.500000,0,0,0,0,0,0,0,0,0,0,0,0
A51063,0.25,0.23,0.31,0.42,0.5,0.43,0.43,0.43,0.52,0.52,0.38,0.25,0.25,0.23,0.31,0.42,0.5,0.43,0.43,0.43,0.52,0.52,0.38,0.25,0.1,0.1,0.1,0.1,0.1,0.1,0.1,0.1,0.1,0.1,0.1,0.1,0,0,0,0,0,0,0,0,0,0,0,0
A51065,0.657461,0.604866,0.815251,1.104533,1.314922,1.130834,1.130834,1.130834,1.367520,1.367520,0.999342,0.657461,0.657461,0.604866,0.815251,1.104533,1.314922,1.130834,1.130834,1.130834,1.367520,1.367520,0.999342,0.657461,0.262984,0.262984,0.262984,0.262984,0.262984,0.262984,0.262984,0.262984,0.262984,0.262984,0.262984,0.262984,0,0,0,0,0,0,0,0,0,0,0,0
A51067,0.25,0.23,0.31,0.42,0.5,0.43,0.43,0.43,0.52,0.52,0.38,0.25,0.25,0.23,0.31,0.42,0.5,0.43,0.43,0.43,0.52,0.52,0.38,0.25,0.1,0.1,0.1,0.1,0.1,0.1,0.1,0.1,0.1,0.1,0.1,0.1,0,0,0,0,0,0,0,0,0,0,0,0
A51069,0.517258,0.475879,0.641400,0.868996,1.034521,0.889686,0.889686,0.889686,1.075899,1.075899,0.786234,0.517258,0.517258,0.475879,0.641400,0.868996,1.034521,0.889686,0.889686,0.889686,1.075899,1.075899,0.786234,0.517258,0.206905,0.206905,0.206905,0.206905,0.206905,0.206905,0.206905,0.206905,0.206905,0.206905,0.206905,0.206905,0,0,0,0,0,0,0,0,0,0,0,0
A51071,0.781713,0.719175,0.969325,1.313277,1.563425,1.344548,1.344548,1.344548,1.625962,1.625962,1.188203,0.781713,0.781713,0.719175,0.969325,1.313277,1.563425,1.344548,1.344548,1.344548,1.625962,1.625962,1.188203,0.781713,0.312685,0.312685,0.312685,0.312685,0.312685,0.312685,0.312685,0.312685,0.312685,0.312685,0.312685,0.312685,0,0,0,0,0,0,0,0,0,0,0,0
A51073,2.291770,2.108424,2.841787,3.000000,3.000000,3.000000,3.000000,3.000000,3.000000,3.000000,3.000000,2.291770,2.291770,2.108424,2.841787,3.000000,3.000000,3.000000,3.000000,3.000000,3.000000,3.000000,3.000000,2.291770,0.500000,0.500000,0.500000,0.500000,0.500000,0.500000,0.500000,0.500000,0.500000,0.500000,0.500000,0.500000,0,0,0,0,0,0,0,0,0,0,0,0
A51075,1.000247,0.920227,1.240309,1.680418,2.000495,1.720426,1.720426,1.720426,2.080517,2.080517,1.520376,1.000247,1.000247,0.920227,1.240309,1.680418,2.000495,1.720426,1.720426,1.720426,2.080517,2.080517,1.520376,1.000247,0.400099,0.400099,0.400099,0.400099,0.400099,0.400099,0.400099,0.400099,0.400099,0.400099,0.400099,0.400099,0,0,0,0,0,0,0,0,0,0,0,0
A51077,0.25,0.23,0.31,0.42,0.5,0.43,0.43,0.43,0.52,0.52,0.38,0.25,0.25,0.23,0.31,0.42,0.5,0.43,0.43,0.43,0.52,0.52,0.38,0.25,0.1,0.1,0.1,0.1,0.1,0.1,0.1,0.1,0.1,0.1,0.1,0.1,0,0,0,0,0,0,0,0,0,0,0,0
A51079,0.562818,0.517791,0.697893,0.945531,1.125635,0.968046,0.968046,0.968046,1.170662,1.170662,0.855482,0.562818,0.562818,0.517791,0.697893,0.945531,1.125635,0.968046,0.968046,0.968046,1.170662,1.170662,0.855482,0.562818,0.225126,0.225126,0.225126,0.225126,0.225126,0.225126,0.225126,0.225126,0.225126,0.225126,0.225126,0.225126,0,0,0,0,0,0,0,0,0,0,0,0
A51081,0.25,0.23,0.31,0.42,0.5,0.43,0.43,0.43,0.52,0.52,0.38,0.25,0.25,0.23,0.31,0.42,0.5,0.43,0.43,0.43,0.52,0.52,0.38,0.25,0.1,0.1,0.1,0.1,0.1,0.1,0.1,0.1,0.1,0.1,0.1,0.1,0,0,0,0,0,0,0,0,0,0,0,0
A51083,0.25,0.23,0.31,0.42,0.5,0.43,0.43,0.43,0.52,0.52,0.38,0.25,0.25,0.23,0.31,0.42,0.5,0.43,0.43,0.43,0.52,0.52,0.38,0.25,0.1,0.1,0.1,0.1,0.1,0.1,0.1,0.1,0.1,0.1,0.1,0.1,0,0,0,0,0,0,0,0,0,0,0,0
A51085,1.109165,1.020435,1.375363,1.863396,2.218329,1.907765,1.907765,1.907765,2.307062,2.307062,1.685928,1.109165,1.109165,1.020435,1.375363,1.863396,2.218329,1.907765,1.907765,1.907765,2.307062,2.307062,1.685928,1.109165,0.443665,0.443665,0.443665,0.443665,0.443665,0.443665,0.443665,0.443665,0.443665,0.443665,0.443665,0.443665,0,0,0,0,0,0,0,0,0,0,0,0
A51087,1.815016,1.669815,2.250622,3.000000,3.000000,3.000000,3.000000,3.000000,3.000000,3.000000,2.758820,1.815016,1.815016,1.669815,2.250622,3.000000,3.000000,3.000000,3.000000,3.000000,3.000000,3.000000,2.758820,1.815016,0.500000,0.500000,0.500000,0.500000,0.500000,0.500000,0.500000,0.500000,0.500000,0.500000,0.500000,0.500000,0,0,0,0,0,0,0,0,0,0,0,0
A51089,0.25,0.23,0.31,0.42,0.5,0.43,0.43,0.43,0.52,0.52,0.38,0.25,0.25,0.23,0.31,0.42,0.5,0.43,0.43,0.43,0.52,0.52,0.38,0.25,0.1,0.1,0.1,0.1,0.1,0.1,0.1,0.1,0.1,0.1,0.1,0.1,0,0,0,0,0,0,0,0,0,0,0,0
A51091,1.640013,1.508810,2.033618,2.755226,3.000000,2.820823,2.820823,2.820823,3.000000,3.000000,2.492822,1.640013,1.640013,1.508810,2.033618,2.755226,3.000000,2.820823,2.820823,2.820823,3.000000,3.000000,2.492822,1.640013,0.500000,0.500000,0.500000,0.500000,0.500000,0.500000,0.500000,0.500000,0.500000,0.500000,0.500000,0.500000,0,0,0,0,0,0,0,0,0,0,0,0
A51093,0.275745,0.253684,0.341923,0.463250,0.551488,0.474280,0.474280,0.474280,0.564093,0.564093,0.419130,0.275745,0.275745,0.253684,0.341923,0.463250,0.551488,0.474280,0.474280,0.474280,0.564093,0.564093,0.419130,0.275745,0.094016,0.094016,0.094016,0.094016,0.094016,0.094016,0.094016,0.094016,0.094016,0.094016,0.094016,0.094016,0,0,0,0,0,0,0,0,0,0,0,0
A51095,3.000000,3.000000,3.000000,3.000000,3.000000,3.000000,3.000000,3.000000,3.000000,3.000000,3.000000,3.000000,3.000000,3.000000,3.000000,3.000000,3.000000,3.000000,3.000000,3.000000,3.000000,3.000000,3.000000,3.000000,0.500000,0.500000,0.500000,0.500000,0.500000,0.500000,0.500000,0.500000,0.500000,0.500000,0.500000,0.500000,0,0,0,0,0,0,0,0,0,0,0,0
A51097,0.623702,0.573805,0.773389,1.047817,1.247400,1.072765,1.072765,1.072765,1.297297,1.297297,0.948024,0.623702,0.623702,0.573805,0.773389,1.047817,1.247400,1.072765,1.072765,1.072765,1.297297,1.297297,0.948024,0.623702,0.249480,0.249480,0.249480,0.249480,0.249480,0.249480,0.249480,0.249480,0.249480,0.249480,0.249480,0.249480,0,0,0,0,0,0,0,0,0,0,0,0
A51099,1.189269,1.094126,1.474690,1.997970,2.378534,2.045542,2.045542,2.045542,2.473678,2.473678,1.807688,1.189269,1.189269,1.094126,1.474690,1.997970,2.378534,2.045542,2.045542,2.045542,2.473678,2.473678,1.807688,1.189269,0.475708,0.475708,0.475708,0.475708,0.475708,0.475708,0.475708,0.475708,0.475708,0.475708,0.475708,0.475708,0,0,0,0,0,0,0,0,0,0,0,0
A51101,0.588307,0.541244,0.729499,0.988358,1.176617,1.011890,1.011890,1.011890,1.223679,1.223679,0.894226,0.588307,0.588307,0.541244,0.729499,0.988358,1.176617,1.011890,1.011890,1.011890,1.223679,1.223679,0.894226,0.588307,0.235323,0.235323,0.235323,0.235323,0.235323,0.235323,0.235323,0.235323,0.235323,0.235323,0.235323,0.235323,0,0,0,0,0,0,0,0,0,0,0,0
A51103,3.000000,3.000000,3.000000,3.000000,3.000000,3.000000,3.000000,3.000000,3.000000,3.000000,3.000000,3.000000,3.000000,3.000000,3.000000,3.000000,3.000000,3.000000,3.000000,3.000000,3.000000,3.000000,3.000000,3.000000,0.500000,0.500000,0.500000,0.500000,0.500000,0.500000,0.500000,0.500000,0.500000,0.500000,0.500000,0.500000,0,0,0,0,0,0,0,0,0,0,0,0
A51105,0.25,0.23,0.31,0.42,0.5,0.43,0.43,0.43,0.52,0.52,0.38,0.25,0.25,0.23,0.31,0.42,0.5,0.43,0.43,0.43,0.52,0.52,0.38,0.25,0.1,0.1,0.1,0.1,0.1,0.1,0.1,0.1,0.1,0.1,0.1,0.1,0,0,0,0,0,0,0,0,0,0,0,0
A51107,1.037378,0.954385,1.286346,1.742794,2.074751,1.784287,1.784287,1.784287,2.157743,2.157743,1.576812,1.037378,1.037378,0.954385,1.286346,1.742794,2.074751,1.784287,1.784287,1.784287,2.157743,2.157743,1.576812,1.037378,0.390868,0.390868,0.390868,0.390868,0.390868,0.390868,0.390868,0.390868,0.390868,0.390868,0.390868,0.390868,0,0,0,0,0,0,0,0,0,0,0,0
A51109,1.909841,1.757056,2.368206,3.000000,3.000000,3.000000,3.000000,3.000000,3.000000,3.000000,2.902963,1.909841,1.909841,1.757056,2.368206,3.000000,3.000000,3.000000,3.000000,3.000000,3.000000,3.000000,2.902963,1.909841,0.500000,0.500000,0.500000,0.500000,0.500000,0.500000,0.500000,0.500000,0.500000,0.500000,0.500000,0.500000,0,0,0,0,0,0,0,0,0,0,0,0
A51111,0.25,0.23,0.31,0.42,0.5,0.43,0.43,0.43,0.52,0.52,0.38,0.25,0.25,0.23,0.31,0.42,0.5,0.43,0.43,0.43,0.52,0.52,0.38,0.25,0.1,0.1,0.1,0.1,0.1,0.1,0.1,0.1,0.1,0.1,0.1,0.1,0,0,0,0,0,0,0,0,0,0,0,0
A51113,0.698731,0.642834,0.866425,1.173869,1.397460,1.201817,1.201817,1.201817,1.453359,1.453359,1.062071,0.698731,0.698731,0.642834,0.866425,1.173869,1.397460,1.201817,1.201817,1.201817,1.453359,1.453359,1.062071,0.698731,0.279492,0.279492,0.279492,0.279492,0.279492,0.279492,0.279492,0.279492,0.279492,0.279492,0.279492,0.279492,0,0,0,0,0,0,0,0,0,0,0,0
A51115,2.222466,2.044670,2.755860,3.000000,3.000000,3.000000,3.000000,3.000000,3.000000,3.000000,3.000000,2.222466,2.222466,2.044670,2.755860,3.000000,3.000000,3.000000,3.000000,3.000000,3.000000,3.000000,3.000000,2.222466,0.500000,0.500000,0.500000,0.500000,0.500000,0.500000,0.500000,0.500000,0.500000,0.500000,0.500000,0.500000,0,0,0,0,0,0,0,0,0,0,0,0
A51117,0.25,0.23,0.31,0.42,0.5,0.43,0.43,0.43,0.52,0.52,0.38,0.25,0.25,0.23,0.31,0.42,0.5,0.43,0.43,0.43,0.52,0.52,0.38,0.25,0.1,0.1,0.1,0.1,0.1,0.1,0.1,0.1,0.1,0.1,0.1,0.1,0,0,0,0,0,0,0,0,0,0,0,0
A51119,2.055199,1.890784,2.548443,3.000000,3.000000,3.000000,3.000000,3.000000,3.000000,3.000000,3.000000,2.055199,2.055199,1.890784,2.548443,3.000000,3.000000,3.000000,3.000000,3.000000,3.000000,3.000000,3.000000,2.055199,0.500000,0.500000,0.500000,0.500000,0.500000,0.500000,0.500000,0.500000,0.500000,0.500000,0.500000,0.500000,0,0,0,0,0,0,0,0,0,0,0,0
A51121,0.475513,0.437469,0.589635,0.798862,0.951024,0.817881,0.817881,0.817881,0.989064,0.989064,0.722778,0.475513,0.475513,0.437469,0.589635,0.798862,0.951024,0.817881,0.817881,0.817881,0.989064,0.989064,0.722778,0.475513,0.190205,0.190205,0.190205,0.190205,0.190205,0.190205,0.190205,0.190205,0.190205,0.190205,0.190205,0.190205,0,0,0,0,0,0,0,0,0,0,0,0
A51125,0.865887,0.796619,1.073702,1.454693,1.731777,1.489328,1.489328,1.489328,1.801046,1.801046,1.316149,0.865887,0.865887,0.796619,1.073702,1.454693,1.731777,1.489328,1.489328,1.489328,1.801046,1.801046,1.316149,0.865887,0.346356,0.346356,0.346356,0.346356,0.346356,0.346356,0.346356,0.346356,0.346356,0.346356,0.346356,0.346356,0,0,0,0,0,0,0,0,0,0,0,0
A51127,3.000000,3.000000,3.000000,3.000000,3.000000,3.000000,3.000000,3.000000,3.000000,3.000000,3.000000,3.000000,3.000000,3.000000,3.000000,3.000000,3.000000,3.000000,3.000000,3.000000,3.000000,3.000000,3.000000,3.000000,0.500000,0.500000,0.500000,0.500000,0.500000,0.500000,0.500000,0.500000,0.500000,0.500000,0.500000,0.500000,0,0,0,0,0,0,0,0,0,0,0,0
A51131,3.000000,3.000000,3.000000,3.000000,3.000000,3.000000,3.000000,3.000000,3.000000,3.000000,3.000000,3.000000,3.000000,3.000000,3.000000,3.000000,3.000000,3.000000,3.000000,3.000000,3.000000,3.000000,3.000000,3.000000,0.500000,0.500000,0.500000,0.500000,0.500000,0.500000,0.500000,0.500000,0.500000,0.500000,0.500000,0.500000,0,0,0,0,0,0,0,0,0,0,0,0
A51133,3.000000,3.000000,3.000000,3.000000,3.000000,3.000000,3.000000,3.000000,3.000000,3.000000,3.000000,3.000000,3.000000,3.000000,3.000000,3.000000,3.000000,3.000000,3.000000,3.000000,3.000000,3.000000,3.000000,3.000000,0.500000,0.500000,0.500000,0.500000,0.500000,0.500000,0.500000,0.500000,0.500000,0.500000,0.500000,0.500000,0,0,0,0,0,0,0,0,0,0,0,0
A51135,1.292409,1.189017,1.602589,2.171251,2.584824,2.222948,2.222948,2.222948,2.688218,2.688218,1.964464,1.292409,1.292409,1.189017,1.602589,2.171251,2.584824,2.222948,2.222948,2.222948,2.688218,2.688218,1.964464,1.292409,0.499950,0.499950,0.499950,0.499950,0.499950,0.499950,0.499950,0.499950,0.499950,0.499950,0.499950,0.499950,0,0,0,0,0,0,0,0,0,0,0,0
A51137,0.603190,0.554934,0.747954,1.013357,1.206376,1.037484,1.037484,1.037484,1.254633,1.254633,0.916846,0.603190,0.603190,0.554934,0.747954,1.013357,1.206376,1.037484,1.037484,1.037484,1.254633,1.254633,0.916846,0.603190,0.241276,0.241276,0.241276,0.241276,0.241276,0.241276,0.241276,0.241276,0.241276,0.241276,0.241276,0.241276,0,0,0,0,0,0,0,0,0,0,0,0
A51139,0.198557,0.182672,0.246210,0.333575,0.397113,0.341516,0.341516,0.341516,0.412999,0.412999,0.301805,0.198557,0.198557,0.182672,0.246210,0.333575,0.397113,0.341516,0.341516,0.341516,0.412999,0.412999,0.301805,0.198557,0.079423,0.079423,0.079423,0.079423,0.079423,0.079423,0.079423,0.079423,0.079423,0.079423,0.079423,0.079423,0,0,0,0,0,0,0,0,0,0,0,0
A51141,0.25,0.23,0.31,0.42,0.5,0.43,0.43,0.43,0.52,0.52,0.38,0.25,0.25,0.23,0.31,0.42,0.5,0.43,0.43,0.43,0.52,0.52,0.38,0.25,0.1,0.1,0.1,0.1,0.1,0.1,0.1,0.1,0.1,0.1,0.1,0.1,0,0,0,0,0,0,0,0,0,0,0,0
A51143,0.25,0.23,0.31,0.42,0.5,0.43,0.43,0.43,0.52,0.52,0.38,0.25,0.25,0.23,0.31,0.42,0.5,0.43,0.43,0.43,0.52,0.52,0.38,0.25,0.1,0.1,0.1,0.1,0.1,0.1,0.1,0.1,0.1,0.1,0.1,0.1,0,0,0,0,0,0,0,0,0,0,0,0
A51145,3.000000,3.000000,3.000000,3.000000,3.000000,3.000000,3.000000,3.000000,3.000000,3.000000,3.000000,3.000000,3.000000,3.000000,3.000000,3.000000,3.000000,3.000000,3.000000,3.000000,3.000000,3.000000,3.000000,3.000000,0.500000,0.500000,0.500000,0.500000,0.500000,0.500000,0.500000,0.500000,0.500000,0.500000,0.500000,0.500000,0,0,0,0,0,0,0,0,0,0,0,0
A51147,1.752148,1.611978,2.172662,2.943610,3.000000,3.000000,3.000000,3.000000,3.000000,3.000000,2.663269,1.752148,1.752148,1.611978,2.172662,2.943610,3.000000,3.000000,3.000000,3.000000,3.000000,3.000000,2.663269,1.752148,0.500000,0.500000,0.500000,0.500000,0.500000,0.500000,0.500000,0.500000,0.500000,0.500000,0.500000,0.500000,0,0,0,0,0,0,0,0,0,0,0,0
A51149,0.720011,0.662410,0.892813,1.209618,1.440022,1.238419,1.238419,1.238419,1.497622,1.497622,1.094416,0.720011,0.720011,0.662410,0.892813,1.209618,1.440022,1.238419,1.238419,1.238419,1.497622,1.497622,1.094416,0.720011,0.288004,0.288004,0.288004,0.288004,0.288004,0.288004,0.288004,0.288004,0.288004,0.288004,0.288004,0.288004,0,0,0,0,0,0,0,0,0,0,0,0
A51153,3.000000,3.000000,3.000000,3.000000,3.000000,3.000000,3.000000,3.000000,3.000000,3.000000,3.000000,3.000000,3.000000,3.000000,3.000000,3.000000,3.000000,3.000000,3.000000,3.000000,3.000000,3.000000,3.000000,3.000000,0.500000,0.500000,0.500000,0.500000,0.500000,0.500000,0.500000,0.500000,0.500000,0.500000,0.500000,0.500000,0,0,0,0,0,0,0,0,0,0,0,0
A51155,0.25,0.23,0.31,0.42,0.5,0.43,0.43,0.43,0.52,0.52,0.38,0.25,0.25,0.23,0.31,0.42,0.5,0.43,0.43,0.43,0.52,0.52,0.38,0.25,0.1,0.1,0.1,0.1,0.1,0.1,0.1,0.1,0.1,0.1,0.1,0.1,0,0,0,0,0,0,0,0,0,0,0,0
A51157,0.935360,0.860531,1.159847,1.571408,1.870723,1.608820,1.608820,1.608820,1.945552,1.945552,1.421747,0.935360,0.935360,0.860531,1.159847,1.571408,1.870723,1.608820,1.608820,1.608820,1.945552,1.945552,1.421747,0.935360,0.374143,0.374143,0.374143,0.374143,0.374143,0.374143,0.374143,0.374143,0.374143,0.374143,0.374143,0.374143,0,0,0,0,0,0,0,0,0,0,0,0
A51159,1.030074,0.947666,1.277294,1.730524,2.060149,1.771729,1.771729,1.771729,2.142553,2.142553,1.565714,1.030074,1.030074,0.947666,1.277294,1.730524,2.060149,1.771729,1.771729,1.771729,2.142553,2.142553,1.565714,1.030074,0.412028,0.412028,0.412028,0.412028,0.412028,0.412028,0.412028,0.412028,0.412028,0.412028,0.412028,0.412028,0,0,0,0,0,0,0,0,0,0,0,0
A51161,0.372029,0.342267,0.461317,0.625008,0.744058,0.639889,0.639889,0.639889,0.773821,0.773821,0.565484,0.372029,0.372029,0.342267,0.461317,0.625008,0.744058,0.639889,0.639889,0.639889,0.773821,0.773821,0.565484,0.372029,0.148812,0.148812,0.148812,0.148812,0.148812,0.148812,0.148812,0.148812,0.148812,0.148812,0.148812,0.148812,0,0,0,0,0,0,0,0,0,0,0,0
A51163,0.625377,0.575347,0.775470,1.050635,1.250756,1.075651,1.075651,1.075651,1.300784,1.300784,0.950576,0.625377,0.625377,0.575347,0.775470,1.050635,1.250756,1.075651,1.075651,1.075651,1.300784,1.300784,0.950576,0.625377,0.250153,0.250153,0.250153,0.250153,0.250153,0.250153,0.250153,0.250153,0.250153,0.250153,0.250153,0.250153,0,0,0,0,0,0,0,0,0,0,0,0
A51165,0.181727,0.167188,0.225340,0.305299,0.363450,0.312569,0.312569,0.312569,0.377989,0.377989,0.276223,0.181727,0.181727,0.167188,0.225340,0.305299,0.363450,0.312569,0.312569,0.312569,0.377989,0.377989,0.276223,0.181727,0.072690,0.072690,0.072690,0.072690,0.072690,0.072690,0.072690,0.072690,0.072690,0.072690,0.072690,0.072690,0,0,0,0,0,0,0,0,0,0,0,0
A51167,0.25,0.23,0.31,0.42,0.5,0.43,0.43,0.43,0.52,0.52,0.38,0.25,0.25,0.23,0.31,0.42,0.5,0.43,0.43,0.43,0.52,0.52,0.38,0.25,0.1,0.1,0.1,0.1,0.1,0.1,0.1,0.1,0.1,0.1,0.1,0.1,0,0,0,0,0,0,0,0,0,0,0,0
A51169,0.25,0.23,0.31,0.42,0.5,0.43,0.43,0.43,0.52,0.52,0.38,0.25,0.25,0.23,0.31,0.42,0.5,0.43,0.43,0.43,0.52,0.52,0.38,0.25,0.1,0.1,0.1,0.1,0.1,0.1,0.1,0.1,0.1,0.1,0.1,0.1,0,0,0,0,0,0,0,0,0,0,0,0
A51171,0.298513,0.274631,0.370156,0.501501,0.597023,0.513441,0.513441,0.513441,0.620905,0.620905,0.453738,0.298513,0.298513,0.274631,0.370156,0.501501,0.597023,0.513441,0.513441,0.513441,0.620905,0.620905,0.453738,0.298513,0.119405,0.119405,0.119405,0.119405,0.119405,0.119405,0.119405,0.119405,0.119405,0.119405,0.119405,0.119405,0,0,0,0,0,0,0,0,0,0,0,0
A51173,0.25,0.23,0.31,0.42,0.5,0.43,0.43,0.43,0.52,0.52,0.38,0.25,0.25,0.23,0.31,0.42,0.5,0.43,0.43,0.43,0.52,0.52,0.38,0.25,0.1,0.1,0.1,0.1,0.1,0.1,0.1,0.1,0.1,0.1,0.1,0.1,0,0,0,0,0,0,0,0,0,0,0,0
A51175,0.25,0.23,0.31,0.42,0.5,0.43,0.43,0.43,0.52,0.52,0.38,0.25,0.25,0.23,0.31,0.42,0.5,0.43,0.43,0.43,0.52,0.52,0.38,0.25,0.1,0.1,0.1,0.1,0.1,0.1,0.1,0.1,0.1,0.1,0.1,0.1,0,0,0,0,0,0,0,0,0,0,0,0
A51177,3.000000,3.000000,3.000000,3.000000,3.000000,3.000000,3.000000,3.000000,3.000000,3.000000,3.000000,3.000000,3.000000,3.000000,3.000000,3.000000,3.000000,3.000000,3.000000,3.000000,3.000000,3.000000,3.000000,3.000000,0.500000,0.500000,0.500000,0.500000,0.500000,0.500000,0.500000,0.500000,0.500000,0.500000,0.500000,0.500000,0,0,0,0,0,0,0,0,0,0,0,0
A51179,0.916545,0.843224,1.136515,1.539795,1.833091,1.576456,1.576456,1.576456,1.906414,1.906414,1.393147,0.916545,0.916545,0.843224,1.136515,1.539795,1.833091,1.576456,1.576456,1.576456,1.906414,1.906414,1.393147,0.916545,0.366618,0.366618,0.366618,0.366618,0.366618,0.366618,0.366618,0.366618,0.366618,0.366618,0.366618,0.366618,0,0,0,0,0,0,0,0,0,0,0,0
A51181,2.999309,2.999309,2.999309,2.999309,2.999309,2.999309,2.999309,2.999309,2.999309,2.999309,2.999309,2.999309,2.999309,2.999309,2.999309,2.999309,2.999309,2.999309,2.999309,2.999309,2.999309,2.999309,2.999309,2.999309,0.499885,0.499885,0.499885,0.499885,0.499885,0.499885,0.499885,0.499885,0.499885,0.499885,0.499885,0.499885,0,0,0,0,0,0,0,0,0,0,0,0
A51183,0.25,0.23,0.31,0.42,0.5,0.43,0.43,0.43,0.52,0.52,0.38,0.25,0.25,0.23,0.31,0.42,0.5,0.43,0.43,0.43,0.52,0.52,0.38,0.25,0.1,0.1,0.1,0.1,0.1,0.1,0.1,0.1,0.1,0.1,0.1,0.1,0,0,0,0,0,0,0,0,0,0,0,0
A51185,0.25,0.23,0.31,0.42,0.5,0.43,0.43,0.43,0.52,0.52,0.38,0.25,0.25,0.23,0.31,0.42,0.5,0.43,0.43,0.43,0.52,0.52,0.38,0.25,0.1,0.1,0.1,0.1,0.1,0.1,0.1,0.1,0.1,0.1,0.1,0.1,0,0,0,0,0,0,0,0,0,0,0,0
A51187,0.559181,0.514446,0.693385,0.939423,1.118363,0.961793,0.961793,0.961793,1.163097,1.163097,0.849955,0.559181,0.559181,0.514446,0.693385,0.939423,1.118363,0.961793,0.961793,0.961793,1.163097,1.163097,0.849955,0.559181,0.223672,0.223672,0.223672,0.223672,0.223672,0.223672,0.223672,0.223672,0.223672,0.223672,0.223672,0.223672,0,0,0,0,0,0,0,0,0,0,0,0
A51191,0.25,0.23,0.31,0.42,0.5,0.43,0.43,0.43,0.52,0.52,0.38,0.25,0.25,0.23,0.31,0.42,0.5,0.43,0.43,0.43,0.52,0.52,0.38,0.25,0.1,0.1,0.1,0.1,0.1,0.1,0.1,0.1,0.1,0.1,0.1,0.1,0,0,0,0,0,0,0,0,0,0,0,0
A51193,1.975865,1.817797,2.450072,3.000000,3.000000,3.000000,3.000000,3.000000,3.000000,3.000000,3.000000,1.975865,1.975865,1.817797,2.450072,3.000000,3.000000,3.000000,3.000000,3.000000,3.000000,3.000000,3.000000,1.975865,0.500000,0.500000,0.500000,0.500000,0.500000,0.500000,0.500000,0.500000,0.500000,0.500000,0.500000,0.500000,0,0,0,0,0,0,0,0,0,0,0,0
A51195,0.25,0.23,0.31,0.42,0.5,0.43,0.43,0.43,0.52,0.52,0.38,0.25,0.25,0.23,0.31,0.42,0.5,0.43,0.43,0.43,0.52,0.52,0.38,0.25,0.1,0.1,0.1,0.1,0.1,0.1,0.1,0.1,0.1,0.1,0.1,0.1,0,0,0,0,0,0,0,0,0,0,0,0
A51197,0.25,0.23,0.31,0.42,0.5,0.43,0.43,0.43,0.52,0.52,0.38,0.25,0.25,0.23,0.31,0.42,0.5,0.43,0.43,0.43,0.52,0.52,0.38,0.25,0.1,0.1,0.1,0.1,0.1,0.1,0.1,0.1,0.1,0.1,0.1,0.1,0,0,0,0,0,0,0,0,0,0,0,0
A51199,2.947907,2.947907,2.947907,2.947907,2.947907,2.947907,2.947907,2.947907,2.947907,2.947907,2.947907,2.947907,2.947907,2.947907,2.947907,2.947907,2.947907,2.947907,2.947907,2.947907,2.947907,2.947907,2.947907,2.947907,0.491318,0.491318,0.491318,0.491318,0.491318,0.491318,0.491318,0.491318,0.491318,0.491318,0.491318,0.491318,0,0,0,0,0,0,0,0,0,0,0,0
A51510,0.250000,0.230000,0.310000,0.420000,0.500000,0.430000,0.430000,0.430000,0.520000,0.520000,0.380000,0.250000,0.250000,0.230000,0.310000,0.420000,0.500000,0.430000,0.430000,0.430000,0.520000,0.520000,0.380000,0.250000,0.100000,0.100000,0.100000,0.100000,0.100000,0.100000,0.100000,0.100000,0.100000,0.100000,0.100000,0.100000,0,0,0,0,0,0,0,0,0,0,0,0
A51515,0.25,0.23,0.31,0.42,0.5,0.43,0.43,0.43,0.52,0.52,0.38,0.25,0.25,0.23,0.31,0.42,0.5,0.43,0.43,0.43,0.52,0.52,0.38,0.25,0.1,0.1,0.1,0.1,0.1,0.1,0.1,0.1,0.1,0.1,0.1,0.1,0,0,0,0,0,0,0,0,0,0,0,0
A51520,0.25,0.23,0.31,0.42,0.5,0.43,0.43,0.43,0.52,0.52,0.38,0.25,0.25,0.23,0.31,0.42,0.5,0.43,0.43,0.43,0.52,0.52,0.38,0.25,0.1,0.1,0.1,0.1,0.1,0.1,0.1,0.1,0.1,0.1,0.1,0.1,0,0,0,0,0,0,0,0,0,0,0,0
A51530,0.250000,0.230000,0.310000,0.420000,0.500000,0.430000,0.430000,0.430000,0.520000,0.520000,0.380000,0.250000,0.250000,0.230000,0.310000,0.420000,0.500000,0.430000,0.430000,0.430000,0.520000,0.520000,0.380000,0.250000,0.100000,0.100000,0.100000,0.100000,0.100000,0.100000,0.100000,0.100000,0.100000,0.100000,0.100000,0.100000,0,0,0,0,0,0,0,0,0,0,0,0
A51540,0.250000,0.230000,0.310000,0.420000,0.500000,0.430000,0.430000,0.430000,0.520000,0.520000,0.380000,0.250000,0.250000,0.230000,0.310000,0.420000,0.500000,0.430000,0.430000,0.430000,0.520000,0.520000,0.380000,0.250000,0.100000,0.100000,0.100000,0.100000,0.100000,0.100000,0.100000,0.100000,0.100000,0.100000,0.100000,0.100000,0,0,0,0,0,0,0,0,0,0,0,0
A51550,1.531527,1.409003,1.899095,2.572963,2.827443,2.634224,2.634224,2.634224,2.827443,2.827443,2.327922,1.531527,1.531527,1.409003,1.899095,2.572963,2.827443,2.634224,2.634224,2.634224,2.827443,2.827443,2.327922,1.531527,0.471241,0.471241,0.471241,0.471241,0.471241,0.471241,0.471241,0.471241,0.471241,0.471241,0.471241,0.471241,0,0,0,0,0,0,0,0,0,0,0,0
A51570,0.250000,0.230000,0.310000,0.420000,0.500000,0.430000,0.430000,0.430000,0.520000,0.520000,0.380000,0.250000,0.250000,0.230000,0.310000,0.420000,0.500000,0.430000,0.430000,0.430000,0.520000,0.520000,0.380000,0.250000,0.100000,0.100000,0.100000,0.100000,0.100000,0.100000,0.100000,0.100000,0.100000,0.100000,0.100000,0.100000,0,0,0,0,0,0,0,0,0,0,0,0
A51580,0.250000,0.230000,0.310000,0.420000,0.500000,0.430000,0.430000,0.430000,0.520000,0.520000,0.380000,0.250000,0.250000,0.230000,0.310000,0.420000,0.500000,0.430000,0.430000,0.430000,0.520000,0.520000,0.380000,0.250000,0.100000,0.100000,0.100000,0.100000,0.100000,0.100000,0.100000,0.100000,0.100000,0.100000,0.100000,0.100000,0,0,0,0,0,0,0,0,0,0,0,0
A51590,0.25,0.23,0.31,0.42,0.5,0.43,0.43,0.43,0.52,0.52,0.38,0.25,0.25,0.23,0.31,0.42,0.5,0.43,0.43,0.43,0.52,0.52,0.38,0.25,0.1,0.1,0.1,0.1,0.1,0.1,0.1,0.1,0.1,0.1,0.1,0.1,0,0,0,0,0,0,0,0,0,0,0,0
A51595,0.25,0.23,0.31,0.42,0.5,0.43,0.43,0.43,0.52,0.52,0.38,0.25,0.25,0.23,0.31,0.42,0.5,0.43,0.43,0.43,0.52,0.52,0.38,0.25,0.1,0.1,0.1,0.1,0.1,0.1,0.1,0.1,0.1,0.1,0.1,0.1,0,0,0,0,0,0,0,0,0,0,0,0
A51600,0.250000,0.230000,0.310000,0.420000,0.500000,0.430000,0.430000,0.430000,0.520000,0.520000,0.380000,0.250000,0.250000,0.230000,0.310000,0.420000,0.500000,0.430000,0.430000,0.430000,0.520000,0.520000,0.380000,0.250000,0.100000,0.100000,0.100000,0.100000,0.100000,0.100000,0.100000,0.100000,0.100000,0.100000,0.100000,0.100000,0,0,0,0,0,0,0,0,0,0,0,0
A51610,0.250000,0.230000,0.310000,0.420000,0.500000,0.430000,0.430000,0.430000,0.520000,0.520000,0.380000,0.250000,0.250000,0.230000,0.310000,0.420000,0.500000,0.430000,0.430000,0.430000,0.520000,0.520000,0.380000,0.250000,0.100000,0.100000,0.100000,0.100000,0.100000,0.100000,0.100000,0.100000,0.100000,0.100000,0.100000,0.100000,0,0,0,0,0,0,0,0,0,0,0,0
A51620,0.25,0.23,0.31,0.42,0.5,0.43,0.43,0.43,0.52,0.52,0.38,0.25,0.25,0.23,0.31,0.42,0.5,0.43,0.43,0.43,0.52,0.52,0.38,0.25,0.1,0.1,0.1,0.1,0.1,0.1,0.1,0.1,0.1,0.1,0.1,0.1,0,0,0,0,0,0,0,0,0,0,0,0
A51630,0.250000,0.230000,0.310000,0.420000,0.500000,0.430000,0.430000,0.430000,0.520000,0.520000,0.380000,0.250000,0.250000,0.230000,0.310000,0.420000,0.500000,0.430000,0.430000,0.430000,0.520000,0.520000,0.380000,0.250000,0.100000,0.100000,0.100000,0.100000,0.100000,0.100000,0.100000,0.100000,0.100000,0.100000,0.100000,0.100000,0,0,0,0,0,0,0,0,0,0,0,0
A51640,0.25,0.23,0.31,0.42,0.5,0.43,0.43,0.43,0.52,0.52,0.38,0.25,0.25,0.23,0.31,0.42,0.5,0.43,0.43,0.43,0.52,0.52,0.38,0.25,0.1,0.1,0.1,0.1,0.1,0.1,0.1,0.1,0.1,0.1,0.1,0.1,0,0,0,0,0,0,0,0,0,0,0,0
A51650,0.250000,0.230000,0.310000,0.420000,0.500000,0.430000,0.430000,0.430000,0.520000,0.520000,0.380000,0.250000,0.250000,0.230000,0.310000,0.420000,0.500000,0.430000,0.430000,0.430000,0.520000,0.520000,0.380000,0.250000,0.100000,0.100000,0.100000,0.100000,0.100000,0.100000,0.100000,0.100000,0.100000,0.100000,0.100000,0.100000,0,0,0,0,0,0,0,0,0,0,0,0
A51660,0.250000,0.230000,0.310000,0.420000,0.500000,0.430000,0.430000,0.430000,0.520000,0.520000,0.380000,0.250000,0.250000,0.230000,0.310000,0.420000,0.500000,0.430000,0.430000,0.430000,0.520000,0.520000,0.380000,0.250000,0.100000,0.100000,0.100000,0.100000,0.100000,0.100000,0.100000,0.100000,0.100000,0.100000,0.100000,0.100000,0,0,0,0,0,0,0,0,0,0,0,0
A51670,0.250000,0.230000,0.310000,0.420000,0.500000,0.430000,0.430000,0.430000,0.520000,0.520000,0.380000,0.250000,0.250000,0.230000,0.310000,0.420000,0.500000,0.430000,0.430000,0.430000,0.520000,0.520000,0.380000,0.250000,0.100000,0.100000,0.100000,0.100000,0.100000,0.100000,0.100000,0.100000,0.100000,0.100000,0.100000,0.100000,0,0,0,0,0,0,0,0,0,0,0,0
A51678,0.250000,0.230000,0.310000,0.420000,0.500000,0.430000,0.430000,0.430000,0.520000,0.520000,0.380000,0.250000,0.250000,0.230000,0.310000,0.420000,0.500000,0.430000,0.430000,0.430000,0.520000,0.520000,0.380000,0.250000,0.100000,0.100000,0.100000,0.100000,0.100000,0.100000,0.100000,0.100000,0.100000,0.100000,0.100000,0.100000,0,0,0,0,0,0,0,0,0,0,0,0
A51680,0.250000,0.230000,0.310000,0.420000,0.500000,0.430000,0.430000,0.430000,0.520000,0.520000,0.380000,0.250000,0.250000,0.230000,0.310000,0.420000,0.500000,0.430000,0.430000,0.430000,0.520000,0.520000,0.380000,0.250000,0.100000,0.100000,0.100000,0.100000,0.100000,0.100000,0.100000,0.100000,0.100000,0.100000,0.100000,0.100000,0,0,0,0,0,0,0,0,0,0,0,0
A51683,0.250000,0.230000,0.310000,0.420000,0.500000,0.430000,0.430000,0.430000,0.520000,0.520000,0.380000,0.250000,0.250000,0.230000,0.310000,0.420000,0.500000,0.430000,0.430000,0.430000,0.520000,0.520000,0.380000,0.250000,0.100000,0.100000,0.100000,0.100000,0.100000,0.100000,0.100000,0.100000,0.100000,0.100000,0.100000,0.100000,0,0,0,0,0,0,0,0,0,0,0,0
A51685,0.250000,0.230000,0.310000,0.420000,0.500000,0.430000,0.430000,0.430000,0.520000,0.520000,0.380000,0.250000,0.250000,0.230000,0.310000,0.420000,0.500000,0.430000,0.430000,0.430000,0.520000,0.520000,0.380000,0.250000,0.100000,0.100000,0.100000,0.100000,0.100000,0.100000,0.100000,0.100000,0.100000,0.100000,0.100000,0.100000,0,0,0,0,0,0,0,0,0,0,0,0
A51690,0.25,0.23,0.31,0.42,0.5,0.43,0.43,0.43,0.52,0.52,0.38,0.25,0.25,0.23,0.31,0.42,0.5,0.43,0.43,0.43,0.52,0.52,0.38,0.25,0.1,0.1,0.1,0.1,0.1,0.1,0.1,0.1,0.1,0.1,0.1,0.1,0,0,0,0,0,0,0,0,0,0,0,0
A51700,0.250000,0.230000,0.310000,0.420000,0.500000,0.430000,0.430000,0.430000,0.520000,0.520000,0.380000,0.250000,0.250000,0.230000,0.310000,0.420000,0.500000,0.430000,0.430000,0.430000,0.520000,0.520000,0.380000,0.250000,0.100000,0.100000,0.100000,0.100000,0.100000,0.100000,0.100000,0.100000,0.100000,0.100000,0.100000,0.100000,0,0,0,0,0,0,0,0,0,0,0,0
A51710,0.250000,0.230000,0.310000,0.420000,0.500000,0.430000,0.430000,0.430000,0.520000,0.520000,0.380000,0.250000,0.250000,0.230000,0.310000,0.420000,0.500000,0.430000,0.430000,0.430000,0.520000,0.520000,0.380000,0.250000,0.100000,0.100000,0.100000,0.100000,0.100000,0.100000,0.100000,0.100000,0.100000,0.100000,0.100000,0.100000,0,0,0,0,0,0,0,0,0,0,0,0
A51720,0.25,0.23,0.31,0.42,0.5,0.43,0.43,0.43,0.52,0.52,0.38,0.25,0.25,0.23,0.31,0.42,0.5,0.43,0.43,0.43,0.52,0.52,0.38,0.25,0.1,0.1,0.1,0.1,0.1,0.1,0.1,0.1,0.1,0.1,0.1,0.1,0,0,0,0,0,0,0,0,0,0,0,0
A51730,0.250000,0.230000,0.310000,0.420000,0.500000,0.430000,0.430000,0.430000,0.520000,0.520000,0.380000,0.250000,0.250000,0.230000,0.310000,0.420000,0.500000,0.430000,0.430000,0.430000,0.520000,0.520000,0.380000,0.250000,0.100000,0.100000,0.100000,0.100000,0.100000,0.100000,0.100000,0.100000,0.100000,0.100000,0.100000,0.100000,0,0,0,0,0,0,0,0,0,0,0,0
A51735,0.250000,0.230000,0.310000,0.420000,0.500000,0.430000,0.430000,0.430000,0.520000,0.520000,0.380000,0.250000,0.250000,0.230000,0.310000,0.420000,0.500000,0.430000,0.430000,0.430000,0.520000,0.520000,0.380000,0.250000,0.100000,0.100000,0.100000,0.100000,0.100000,0.100000,0.100000,0.100000,0.100000,0.100000,0.100000,0.100000,0,0,0,0,0,0,0,0,0,0,0,0
A51740,0.250000,0.230000,0.310000,0.420000,0.500000,0.430000,0.430000,0.430000,0.520000,0.520000,0.380000,0.250000,0.250000,0.230000,0.310000,0.420000,0.500000,0.430000,0.430000,0.430000,0.520000,0.520000,0.380000,0.250000,0.100000,0.100000,0.100000,0.100000,0.100000,0.100000,0.100000,0.100000,0.100000,0.100000,0.100000,0.100000,0,0,0,0,0,0,0,0,0,0,0,0
A51750,0.25,0.23,0.31,0.42,0.5,0.43,0.43,0.43,0.52,0.52,0.38,0.25,0.25,0.23,0.31,0.42,0.5,0.43,0.43,0.43,0.52,0.52,0.38,0.25,0.1,0.1,0.1,0.1,0.1,0.1,0.1,0.1,0.1,0.1,0.1,0.1,0,0,0,0,0,0,0,0,0,0,0,0
A51760,0.250000,0.230000,0.310000,0.420000,0.500000,0.430000,0.430000,0.430000,0.520000,0.520000,0.380000,0.250000,0.250000,0.230000,0.310000,0.420000,0.500000,0.430000,0.430000,0.430000,0.520000,0.520000,0.380000,0.250000,0.100000,0.100000,0.100000,0.100000,0.100000,0.100000,0.100000,0.100000,0.100000,0.100000,0.100000,0.100000,0,0,0,0,0,0,0,0,0,0,0,0
A51770,0.25,0.23,0.31,0.42,0.5,0.43,0.43,0.43,0.52,0.52,0.38,0.25,0.25,0.23,0.31,0.42,0.5,0.43,0.43,0.43,0.52,0.52,0.38,0.25,0.1,0.1,0.1,0.1,0.1,0.1,0.1,0.1,0.1,0.1,0.1,0.1,0,0,0,0,0,0,0,0,0,0,0,0
A51775,0.25,0.23,0.31,0.42,0.5,0.43,0.43,0.43,0.52,0.52,0.38,0.25,0.25,0.23,0.31,0.42,0.5,0.43,0.43,0.43,0.52,0.52,0.38,0.25,0.1,0.1,0.1,0.1,0.1,0.1,0.1,0.1,0.1,0.1,0.1,0.1,0,0,0,0,0,0,0,0,0,0,0,0
A51790,0.250000,0.230000,0.310000,0.420000,0.500000,0.430000,0.430000,0.430000,0.520000,0.520000,0.380000,0.250000,0.250000,0.230000,0.310000,0.420000,0.500000,0.430000,0.430000,0.430000,0.520000,0.520000,0.380000,0.250000,0.100000,0.100000,0.100000,0.100000,0.100000,0.100000,0.100000,0.100000,0.100000,0.100000,0.100000,0.100000,0,0,0,0,0,0,0,0,0,0,0,0
A51800,3.000000,3.000000,3.000000,3.000000,3.000000,3.000000,3.000000,3.000000,3.000000,3.000000,3.000000,3.000000,3.000000,3.000000,3.000000,3.000000,3.000000,3.000000,3.000000,3.000000,3.000000,3.000000,3.000000,3.000000,0.500000,0.500000,0.500000,0.500000,0.500000,0.500000,0.500000,0.500000,0.500000,0.500000,0.500000,0.500000,0,0,0,0,0,0,0,0,0,0,0,0
A51810,1.748845,1.608940,2.168566,2.839408,2.839408,2.839408,2.839408,2.839408,2.839408,2.839408,2.658243,1.748845,1.748845,1.608940,2.168566,2.839408,2.839408,2.839408,2.839408,2.839408,2.839408,2.839408,2.658243,1.748845,0.473234,0.473234,0.473234,0.473234,0.473234,0.473234,0.473234,0.473234,0.473234,0.473234,0.473234,0.473234,0,0,0,0,0,0,0,0,0,0,0,0
A51820,0.250000,0.230000,0.310000,0.420000,0.500000,0.430000,0.430000,0.430000,0.520000,0.520000,0.380000,0.250000,0.250000,0.230000,0.310000,0.420000,0.500000,0.430000,0.430000,0.430000,0.520000,0.520000,0.380000,0.250000,0.100000,0.100000,0.100000,0.100000,0.100000,0.100000,0.100000,0.100000,0.100000,0.100000,0.100000,0.100000,0,0,0,0,0,0,0,0,0,0,0,0
A51830,0.250000,0.230000,0.310000,0.420000,0.500000,0.430000,0.430000,0.430000,0.520000,0.520000,0.380000,0.250000,0.250000,0.230000,0.310000,0.420000,0.500000,0.430000,0.430000,0.430000,0.520000,0.520000,0.380000,0.250000,0.100000,0.100000,0.100000,0.100000,0.100000,0.100000,0.100000,0.100000,0.100000,0.100000,0.100000,0.100000,0,0,0,0,0,0,0,0,0,0,0,0
A51840,0.250000,0.230000,0.310000,0.420000,0.500000,0.430000,0.430000,0.430000,0.520000,0.520000,0.380000,0.250000,0.250000,0.230000,0.310000,0.420000,0.500000,0.430000,0.430000,0.430000,0.520000,0.520000,0.380000,0.250000,0.100000,0.100000,0.100000,0.100000,0.100000,0.100000,0.100000,0.100000,0.100000,0.100000,0.100000,0.100000,0,0,0,0,0,0,0,0,0,0,0,0
A54003,0.772083,0.710316,0.957384,1.225750,1.225750,1.225750,1.225750,1.225750,1.225750,1.225750,1.173565,0.772083,0.772083,0.710316,0.957384,1.225750,1.225750,1.225750,1.225750,1.225750,1.225750,1.225750,1.173565,0.772083,0.204291,0.204291,0.204291,0.204291,0.204291,0.204291,0.204291,0.204291,0.204291,0.204291,0.204291,0.204291,0,0,0,0,0,0,0,0,0,0,0,0
A54023,3.000000,3.000000,3.000000,3.000000,3.000000,3.000000,3.000000,3.000000,3.000000,3.000000,3.000000,3.000000,3.000000,3.000000,3.000000,3.000000,3.000000,3.000000,3.000000,3.000000,3.000000,3.000000,3.000000,3.000000,0.500000,0.500000,0.500000,0.500000,0.500000,0.500000,0.500000,0.500000,0.500000,0.500000,0.500000,0.500000,0,0,0,0,0,0,0,0,0,0,0,0
A54027,2.686591,2.679460,2.686591,2.686591,2.686591,2.686591,2.686591,2.686591,2.686591,2.686591,2.686591,2.686591,2.686591,2.679460,2.686591,2.686591,2.686591,2.686591,2.686591,2.686591,2.686591,2.686591,2.686591,2.686591,0.447766,0.447766,0.447766,0.447766,0.447766,0.447766,0.447766,0.447766,0.447766,0.447766,0.447766,0.447766,0,0,0,0,0,0,0,0,0,0,0,0
A54031,0.793187,0.793187,0.793187,0.793187,0.793187,0.793187,0.793187,0.793187,0.793187,0.793187,0.793187,0.793187,0.793187,0.793187,0.793187,0.793187,0.793187,0.793187,0.793187,0.793187,0.793187,0.793187,0.793187,0.793187,0.132198,0.132198,0.132198,0.132198,0.132198,0.132198,0.132198,0.132198,0.132198,0.132198,0.132198,0.132198,0,0,0,0,0,0,0,0,0,0,0,0
A54037,0.616615,0.567286,0.764604,1.035915,1.090321,1.060581,1.060581,1.060581,1.090321,1.090321,0.937258,0.616615,0.616615,0.567286,0.764604,1.035915,1.090321,1.060581,1.060581,1.060581,1.090321,1.090321,0.937258,0.616615,0.181719,0.181719,0.181719,0.181719,0.181719,0.181719,0.181719,0.181719,0.181719,0.181719,0.181719,0.181719,0,0,0,0,0,0,0,0,0,0,0,0
A54057,2.710663,2.493805,2.983738,2.983738,2.983738,2.983738,2.983738,2.983738,2.983738,2.983738,2.983738,2.710663,2.710663,2.493805,2.983738,2.983738,2.983738,2.983738,2.983738,2.983738,2.983738,2.983738,2.983738,2.710663,0.497290,0.497290,0.497290,0.497290,0.497290,0.497290,0.497290,0.497290,0.497290,0.497290,0.497290,0.497290,0,0,0,0,0,0,0,0,0,0,0,0
A54063,3.000000,3.000000,3.000000,3.000000,3.000000,3.000000,3.000000,3.000000,3.000000,3.000000,3.000000,3.000000,3.000000,3.000000,3.000000,3.000000,3.000000,3.000000,3.000000,3.000000,3.000000,3.000000,3.000000,3.000000,0.500000,0.500000,0.500000,0.500000,0.500000,0.500000,0.500000,0.500000,0.500000,0.500000,0.500000,0.500000,0,0,0,0,0,0,0,0,0,0,0,0
A54065,2.413431,2.220356,2.992650,3.000000,3.000000,3.000000,3.000000,3.000000,3.000000,3.000000,3.000000,2.413431,2.413431,2.220356,2.992650,3.000000,3.000000,3.000000,3.000000,3.000000,3.000000,3.000000,3.000000,2.413431,0.500000,0.500000,0.500000,0.500000,0.500000,0.500000,0.500000,0.500000,0.500000,0.500000,0.500000,0.500000,0,0,0,0,0,0,0,0,0,0,0,0
A54071,0.826877,0.826877,0.826877,0.826877,0.826877,0.826877,0.826877,0.826877,0.826877,0.826877,0.826877,0.826877,0.826877,0.826877,0.826877,0.826877,0.826877,0.826877,0.826877,0.826877,0.826877,0.826877,0.826877,0.826877,0.137813,0.137813,0.137813,0.137813,0.137813,0.137813,0.137813,0.137813,0.137813,0.137813,0.137813,0.137813,0,0,0,0,0,0,0,0,0,0,0,0
A54077,3.000000,3.000000,3.000000,3.000000,3.000000,3.000000,3.000000,3.000000,3.000000,3.000000,3.000000,3.000000,3.000000,3.000000,3.000000,3.000000,3.000000,3.000000,3.000000,3.000000,3.000000,3.000000,3.000000,3.000000,0.500000,0.500000,0.500000,0.500000,0.500000,0.500000,0.500000,0.500000,0.500000,0.500000,0.500000,0.500000,0,0,0,0,0,0,0,0,0,0,0,0
A54093,3.000000,3.000000,3.000000,3.000000,3.000000,3.000000,3.000000,3.000000,3.000000,3.000000,3.000000,3.000000,3.000000,3.000000,3.000000,3.000000,3.000000,3.000000,3.000000,3.000000,3.000000,3.000000,3.000000,3.000000,0.500000,0.500000,0.500000,0.500000,0.500000,0.500000,0.500000,0.500000,0.500000,0.500000,0.500000,0.500000,0,0,0,0,0,0,0,0,0,0,0,0
B24001,3.000000,3.000000,3.000000,3.000000,3.000000,3.000000,3.000000,3.000000,3.000000,3.000000,3.000000,3.000000,3.000000,3.000000,3.000000,3.000000,3.000000,3.000000,3.000000,3.000000,3.000000,3.000000,3.000000,3.000000,0.500000,0.500000,0.500000,0.500000,0.500000,0.500000,0.500000,0.500000,0.500000,0.500000,0.500000,0.500000,0,0,0,0,0,0,0,0,0,0,0,0
B24021,3.000000,3.000000,3.000000,3.000000,3.000000,3.000000,3.000000,3.000000,3.000000,3.000000,3.000000,3.000000,3.000000,3.000000,3.000000,3.000000,3.000000,3.000000,3.000000,3.000000,3.000000,3.000000,3.000000,3.000000,0.500000,0.500000,0.500000,0.500000,0.500000,0.500000,0.500000,0.500000,0.500000,0.500000,0.500000,0.500000,0,0,0,0,0,0,0,0,0,0,0,0
B37005,0.25,0.23,0.31,0.42,0.5,0.43,0.43,0.43,0.52,0.52,0.38,0.25,0.25,0.23,0.31,0.42,0.5,0.43,0.43,0.43,0.52,0.52,0.38,0.25,0.1,0.1,0.1,0.1,0.1,0.1,0.1,0.1,0.1,0.1,0.1,0.1,0,0,0,0,0,0,0,0,0,0,0,0
B37009,0.25,0.23,0.31,0.42,0.5,0.43,0.43,0.43,0.52,0.52,0.38,0.25,0.25,0.23,0.31,0.42,0.5,0.43,0.43,0.43,0.52,0.52,0.38,0.25,0.1,0.1,0.1,0.1,0.1,0.1,0.1,0.1,0.1,0.1,0.1,0.1,0,0,0,0,0,0,0,0,0,0,0,0
B42001,3.000000,3.000000,3.000000,3.000000,3.000000,3.000000,3.000000,3.000000,3.000000,3.000000,3.000000,3.000000,3.000000,3.000000,3.000000,3.000000,3.000000,3.000000,3.000000,3.000000,3.000000,3.000000,3.000000,3.000000,0.500000,0.500000,0.500000,0.500000,0.500000,0.500000,0.500000,0.500000,0.500000,0.500000,0.500000,0.500000,0,0,0,0,0,0,0,0,0,0,0,0
B42009,3.000000,3.000000,3.000000,3.000000,3.000000,3.000000,3.000000,3.000000,3.000000,3.000000,3.000000,3.000000,3.000000,3.000000,3.000000,3.000000,3.000000,3.000000,3.000000,3.000000,3.000000,3.000000,3.000000,3.000000,0.500000,0.500000,0.500000,0.500000,0.500000,0.500000,0.500000,0.500000,0.500000,0.500000,0.500000,0.500000,0,0,0,0,0,0,0,0,0,0,0,0
B42015,3.000000,3.000000,3.000000,3.000000,3.000000,3.000000,3.000000,3.000000,3.000000,3.000000,3.000000,3.000000,3.000000,3.000000,3.000000,3.000000,3.000000,3.000000,3.000000,3.000000,3.000000,3.000000,3.000000,3.000000,0.500000,0.500000,0.500000,0.500000,0.500000,0.500000,0.500000,0.500000,0.500000,0.500000,0.500000,0.500000,0,0,0,0,0,0,0,0,0,0,0,0
B42027,3.000000,3.000000,3.000000,3.000000,3.000000,3.000000,3.000000,3.000000,3.000000,3.000000,3.000000,3.000000,3.000000,3.000000,3.000000,3.000000,3.000000,3.000000,3.000000,3.000000,3.000000,3.000000,3.000000,3.000000,0.500000,0.500000,0.500000,0.500000,0.500000,0.500000,0.500000,0.500000,0.500000,0.500000,0.500000,0.500000,0,0,0,0,0,0,0,0,0,0,0,0
B42035,3.000000,3.000000,3.000000,3.000000,3.000000,3.000000,3.000000,3.000000,3.000000,3.000000,3.000000,3.000000,3.000000,3.000000,3.000000,3.000000,3.000000,3.000000,3.000000,3.000000,3.000000,3.000000,3.000000,3.000000,0.500000,0.500000,0.500000,0.500000,0.500000,0.500000,0.500000,0.500000,0.500000,0.500000,0.500000,0.500000,0,0,0,0,0,0,0,0,0,0,0,0
B42041,3.000000,3.000000,3.000000,3.000000,3.000000,3.000000,3.000000,3.000000,3.000000,3.000000,3.000000,3.000000,3.000000,3.000000,3.000000,3.000000,3.000000,3.000000,3.000000,3.000000,3.000000,3.000000,3.000000,3.000000,0.500000,0.500000,0.500000,0.500000,0.500000,0.500000,0.500000,0.500000,0.500000,0.500000,0.500000,0.500000,0,0,0,0,0,0,0,0,0,0,0,0
B42043,3.000000,3.000000,3.000000,3.000000,3.000000,3.000000,3.000000,3.000000,3.000000,3.000000,3.000000,3.000000,3.000000,3.000000,3.000000,3.000000,3.000000,3.000000,3.000000,3.000000,3.000000,3.000000,3.000000,3.000000,0.500000,0.500000,0.500000,0.500000,0.500000,0.500000,0.500000,0.500000,0.500000,0.500000,0.500000,0.500000,0,0,0,0,0,0,0,0,0,0,0,0
B42055,3.000000,3.000000,3.000000,3.000000,3.000000,3.000000,3.000000,3.000000,3.000000,3.000000,3.000000,3.000000,3.000000,3.000000,3.000000,3.000000,3.000000,3.000000,3.000000,3.000000,3.000000,3.000000,3.000000,3.000000,0.500000,0.500000,0.500000,0.500000,0.500000,0.500000,0.500000,0.500000,0.500000,0.500000,0.500000,0.500000,0,0,0,0,0,0,0,0,0,0,0,0
B42079,3.000000,3.000000,3.000000,3.000000,3.000000,3.000000,3.000000,3.000000,3.000000,3.000000,3.000000,3.000000,3.000000,3.000000,3.000000,3.000000,3.000000,3.000000,3.000000,3.000000,3.000000,3.000000,3.000000,3.000000,0.500000,0.500000,0.500000,0.500000,0.500000,0.500000,0.500000,0.500000,0.500000,0.500000,0.500000,0.500000,0,0,0,0,0,0,0,0,0,0,0,0
B42081,3.000000,3.000000,3.000000,3.000000,3.000000,3.000000,3.000000,3.000000,3.000000,3.000000,3.000000,3.000000,3.000000,3.000000,3.000000,3.000000,3.000000,3.000000,3.000000,3.000000,3.000000,3.000000,3.000000,3.000000,0.500000,0.500000,0.500000,0.500000,0.500000,0.500000,0.500000,0.500000,0.500000,0.500000,0.500000,0.500000,0,0,0,0,0,0,0,0,0,0,0,0
B42119,3.000000,3.000000,3.000000,3.000000,3.000000,3.000000,3.000000,3.000000,3.000000,3.000000,3.000000,3.000000,3.000000,3.000000,3.000000,3.000000,3.000000,3.000000,3.000000,3.000000,3.000000,3.000000,3.000000,3.000000,0.500000,0.500000,0.500000,0.500000,0.500000,0.500000,0.500000,0.500000,0.500000,0.500000,0.500000,0.500000,0,0,0,0,0,0,0,0,0,0,0,0
B42131,3.000000,3.000000,3.000000,3.000000,3.000000,3.000000,3.000000,3.000000,3.000000,3.000000,3.000000,3.000000,3.000000,3.000000,3.000000,3.000000,3.000000,3.000000,3.000000,3.000000,3.000000,3.000000,3.000000,3.000000,0.500000,0.500000,0.500000,0.500000,0.500000,0.500000,0.500000,0.500000,0.500000,0.500000,0.500000,0.500000,0,0,0,0,0,0,0,0,0,0,0,0
B51003,0.812980,0.747943,1.008096,1.365806,1.625960,1.398326,1.398326,1.398326,1.690999,1.690999,1.235730,0.812980,0.812980,0.747943,1.008096,1.365806,1.625960,1.398326,1.398326,1.398326,1.690999,1.690999,1.235730,0.812980,0.325192,0.325192,0.325192,0.325192,0.325192,0.325192,0.325192,0.325192,0.325192,0.325192,0.325192,0.325192,0,0,0,0,0,0,0,0,0,0,0,0
B51009,1.864970,1.715768,2.312562,2.884171,2.884171,2.884171,2.884171,2.884171,2.884171,2.884171,2.834753,1.864970,1.864970,1.715768,2.312562,2.884171,2.884171,2.884171,2.884171,2.884171,2.884171,2.884171,2.834753,1.864970,0.480695,0.480695,0.480695,0.480695,0.480695,0.480695,0.480695,0.480695,0.480695,0.480695,0.480695,0.480695,0,0,0,0,0,0,0,0,0,0,0,0
B51015,0.839932,0.772737,1.041515,1.411086,1.679862,1.444682,1.444682,1.444682,1.747056,1.747056,1.276695,0.839932,0.839932,0.772737,1.041515,1.411086,1.679862,1.444682,1.444682,1.444682,1.747056,1.747056,1.276695,0.839932,0.315473,0.315473,0.315473,0.315473,0.315473,0.315473,0.315473,0.315473,0.315473,0.315473,0.315473,0.315473,0,0,0,0,0,0,0,0,0,0,0,0
B51017,0.621968,0.572210,0.771241,1.044904,1.243934,1.069786,1.069786,1.069786,1.293692,1.293692,0.945390,0.621968,0.621968,0.572210,0.771241,1.044904,1.243934,1.069786,1.069786,1.069786,1.293692,1.293692,0.945390,0.621968,0.248786,0.248786,0.248786,0.248786,0.248786,0.248786,0.248786,0.248786,0.248786,0.248786,0.248786,0.248786,0,0,0,0,0,0,0,0,0,0,0,0
B51019,0.648331,0.596465,0.803928,1.089195,1.296659,1.115128,1.115128,1.115128,1.348525,1.348525,0.985462,0.648331,0.648331,0.596465,0.803928,1.089195,1.296659,1.115128,1.115128,1.115128,1.348525,1.348525,0.985462,0.648331,0.259331,0.259331,0.259331,0.259331,0.259331,0.259331,0.259331,0.259331,0.259331,0.259331,0.259331,0.259331,0,0,0,0,0,0,0,0,0,0,0,0
B51023,0.681970,0.627412,0.845642,1.145709,1.363938,1.172987,1.172987,1.172987,1.418497,1.418497,1.036593,0.681970,0.681970,0.627412,0.845642,1.145709,1.363938,1.172987,1.172987,1.172987,1.418497,1.418497,1.036593,0.681970,0.272787,0.272787,0.272787,0.272787,0.272787,0.272787,0.272787,0.272787,0.272787,0.272787,0.272787,0.272787,0,0,0,0,0,0,0,0,0,0,0,0
B51035,0.25,0.23,0.31,0.42,0.5,0.43,0.43,0.43,0.52,0.52,0.38,0.25,0.25,0.23,0.31,0.42,0.5,0.43,0.43,0.43,0.52,0.52,0.38,0.25,0.1,0.1,0.1,0.1,0.1,0.1,0.1,0.1,0.1,0.1,0.1,0.1,0,0,0,0,0,0,0,0,0,0,0,0
B51061,0.906487,0.833970,1.124047,1.522903,1.812981,1.559162,1.559162,1.559162,1.885499,1.885499,1.377864,0.906487,0.906487,0.833970,1.124047,1.522903,1.812981,1.559162,1.559162,1.559162,1.885499,1.885499,1.377864,0.906487,0.362594,0.362594,0.362594,0.362594,0.362594,0.362594,0.362594,0.362594,0.362594,0.362594,0.362594,0.362594,0,0,0,0,0,0,0,0,0,0,0,0
B51067,0.25,0.23,0.31,0.42,0.5,0.43,0.43,0.43,0.52,0.52,0.38,0.25,0.25,0.23,0.31,0.42,0.5,0.43,0.43,0.43,0.52,0.52,0.38,0.25,0.1,0.1,0.1,0.1,0.1,0.1,0.1,0.1,0.1,0.1,0.1,0.1,0,0,0,0,0,0,0,0,0,0,0,0
B51071,0.25,0.23,0.31,0.42,0.5,0.43,0.43,0.43,0.52,0.52,0.38,0.25,0.25,0.23,0.31,0.42,0.5,0.43,0.43,0.43,0.52,0.52,0.38,0.25,0.1,0.1,0.1,0.1,0.1,0.1,0.1,0.1,0.1,0.1,0.1,0.1,0,0,0,0,0,0,0,0,0,0,0,0
B51077,0.25,0.23,0.31,0.42,0.5,0.43,0.43,0.43,0.52,0.52,0.38,0.25,0.25,0.23,0.31,0.42,0.5,0.43,0.43,0.43,0.52,0.52,0.38,0.25,0.1,0.1,0.1,0.1,0.1,0.1,0.1,0.1,0.1,0.1,0.1,0.1,0,0,0,0,0,0,0,0,0,0,0,0
B51079,0.892542,0.821139,1.106750,1.499467,1.785085,1.535170,1.535170,1.535170,1.856486,1.856486,1.356662,0.892542,0.892542,0.821139,1.106750,1.499467,1.785085,1.535170,1.535170,1.535170,1.856486,1.856486,1.356662,0.892542,0.357017,0.357017,0.357017,0.357017,0.357017,0.357017,0.357017,0.357017,0.357017,0.357017,0.357017,0.357017,0,0,0,0,0,0,0,0,0,0,0,0
B51091,0.589391,0.542237,0.730843,0.990175,1.178777,1.013750,1.013750,1.013750,1.225928,1.225928,0.895872,0.589391,0.589391,0.542237,0.730843,0.990175,1.178777,1.013750,1.013750,1.013750,1.225928,1.225928,0.895872,0.589391,0.235754,0.235754,0.235754,0.235754,0.235754,0.235754,0.235754,0.235754,0.235754,0.235754,0.235754,0.235754,0,0,0,0,0,0,0,0,0,0,0,0
B51105,0.25,0.23,0.31,0.42,0.5,0.43,0.43,0.43,0.52,0.52,0.38,0.25,0.25,0.23,0.31,0.42,0.5,0.43,0.43,0.43,0.52,0.52,0.38,0.25,0.1,0.1,0.1,0.1,0.1,0.1,0.1,0.1,0.1,0.1,0.1,0.1,0,0,0,0,0,0,0,0,0,0,0,0
B51113,1.351855,1.243711,1.676301,2.271122,2.701540,2.325195,2.325195,2.325195,2.701540,2.701540,2.054821,1.351855,1.351855,1.243711,1.676301,2.271122,2.701540,2.325195,2.325195,2.325195,2.701540,2.701540,2.054821,1.351855,0.450257,0.450257,0.450257,0.450257,0.450257,0.450257,0.450257,0.450257,0.450257,0.450257,0.450257,0.450257,0,0,0,0,0,0,0,0,0,0,0,0
B51125,2.775206,2.553197,3.000000,3.000000,3.000000,3.000000,3.000000,3.000000,3.000000,3.000000,3.000000,2.775206,2.775206,2.553197,3.000000,3.000000,3.000000,3.000000,3.000000,3.000000,3.000000,3.000000,3.000000,2.775206,0.500000,0.500000,0.500000,0.500000,0.500000,0.500000,0.500000,0.500000,0.500000,0.500000,0.500000,0.500000,0,0,0,0,0,0,0,0,0,0,0,0
B51139,0.265278,0.244056,0.328944,0.445666,0.530556,0.456278,0.456278,0.456278,0.551778,0.551778,0.403223,0.265278,0.265278,0.244056,0.328944,0.445666,0.530556,0.456278,0.456278,0.456278,0.551778,0.551778,0.403223,0.265278,0.093926,0.093926,0.093926,0.093926,0.093926,0.093926,0.093926,0.093926,0.093926,0.093926,0.093926,0.093926,0,0,0,0,0,0,0,0,0,0,0,0
B51141,0.25,0.23,0.31,0.42,0.5,0.43,0.43,0.43,0.52,0.52,0.38,0.25,0.25,0.23,0.31,0.42,0.5,0.43,0.43,0.43,0.52,0.52,0.38,0.25,0.1,0.1,0.1,0.1,0.1,0.1,0.1,0.1,0.1,0.1,0.1,0.1,0,0,0,0,0,0,0,0,0,0,0,0
B51157,2.617374,2.407983,3.000000,3.000000,3.000000,3.000000,3.000000,3.000000,3.000000,3.000000,3.000000,2.617374,2.617374,2.407983,3.000000,3.000000,3.000000,3.000000,3.000000,3.000000,3.000000,3.000000,3.000000,2.617374,0.500000,0.500000,0.500000,0.500000,0.500000,0.500000,0.500000,0.500000,0.500000,0.500000,0.500000,0.500000,0,0,0,0,0,0,0,0,0,0,0,0
B51161,0.25,0.23,0.31,0.42,0.5,0.43,0.43,0.43,0.52,0.52,0.38,0.25,0.25,0.23,0.31,0.42,0.5,0.43,0.43,0.43,0.52,0.52,0.38,0.25,0.1,0.1,0.1,0.1,0.1,0.1,0.1,0.1,0.1,0.1,0.1,0.1,0,0,0,0,0,0,0,0,0,0,0,0
B51163,0.528757,0.486457,0.655659,0.888310,1.057513,0.909463,0.909463,0.909463,1.099814,1.099814,0.803710,0.528757,0.528757,0.486457,0.655659,0.888310,1.057513,0.909463,0.909463,0.909463,1.099814,1.099814,0.803710,0.528757,0.211502,0.211502,0.211502,0.211502,0.211502,0.211502,0.211502,0.211502,0.211502,0.211502,0.211502,0.211502,0,0,0,0,0,0,0,0,0,0,0,0
B51165,0.385768,0.354908,0.478350,0.606999,0.606999,0.606999,0.606999,0.606999,0.606999,0.606999,0.586368,0.385768,0.385768,0.354908,0.478350,0.606999,0.606999,0.606999,0.606999,0.606999,0.606999,0.606999,0.586368,0.385768,0.101166,0.101166,0.101166,0.101166,0.101166,0.101166,0.101166,0.101166,0.101166,0.101166,0.101166,0.101166,0,0,0,0,0,0,0,0,0,0,0,0
B51167,0.25,0.23,0.31,0.42,0.5,0.43,0.43,0.43,0.52,0.52,0.38,0.25,0.25,0.23,0.31,0.42,0.5,0.43,0.43,0.43,0.52,0.52,0.38,0.25,0.1,0.1,0.1,0.1,0.1,0.1,0.1,0.1,0.1,0.1,0.1,0.1,0,0,0,0,0,0,0,0,0,0,0,0
B51169,0.25,0.23,0.31,0.42,0.5,0.43,0.43,0.43,0.52,0.52,0.38,0.25,0.25,0.23,0.31,0.42,0.5,0.43,0.43,0.43,0.52,0.52,0.38,0.25,0.1,0.1,0.1,0.1,0.1,0.1,0.1,0.1,0.1,0.1,0.1,0.1,0,0,0,0,0,0,0,0,0,0,0,0
B51171,0.612874,0.563843,0.759964,1.029629,1.190655,1.054144,1.054144,1.054144,1.190655,1.190655,0.931569,0.612874,0.612874,0.563843,0.759964,1.029629,1.190655,1.054144,1.054144,1.054144,1.190655,1.190655,0.931569,0.612874,0.198443,0.198443,0.198443,0.198443,0.198443,0.198443,0.198443,0.198443,0.198443,0.198443,0.198443,0.198443,0,0,0,0,0,0,0,0,0,0,0,0
B51173,0.25,0.23,0.31,0.42,0.5,0.43,0.43,0.43,0.52,0.52,0.38,0.25,0.25,0.23,0.31,0.42,0.5,0.43,0.43,0.43,0.52,0.52,0.38,0.25,0.1,0.1,0.1,0.1,0.1,0.1,0.1,0.1,0.1,0.1,0.1,0.1,0,0,0,0,0,0,0,0,0,0,0,0
B51185,0.25,0.23,0.31,0.42,0.5,0.43,0.43,0.43,0.52,0.52,0.38,0.25,0.25,0.23,0.31,0.42,0.5,0.43,0.43,0.43,0.52,0.52,0.38,0.25,0.1,0.1,0.1,0.1,0.1,0.1,0.1,0.1,0.1,0.1,0.1,0.1,0,0,0,0,0,0,0,0,0,0,0,0
B51187,0.692380,0.636993,0.858554,1.163202,1.384764,1.190899,1.190899,1.190899,1.440154,1.440154,1.052420,0.692380,0.692380,0.636993,0.858554,1.163202,1.384764,1.190899,1.190899,1.190899,1.440154,1.440154,1.052420,0.692380,0.276951,0.276951,0.276951,0.276951,0.276951,0.276951,0.276951,0.276951,0.276951,0.276951,0.276951,0.276951,0,0,0,0,0,0,0,0,0,0,0,0
B51191,0.25,0.23,0.31,0.42,0.5,0.43,0.43,0.43,0.52,0.52,0.38,0.25,0.25,0.23,0.31,0.42,0.5,0.43,0.43,0.43,0.52,0.52,0.38,0.25,0.1,0.1,0.1,0.1,0.1,0.1,0.1,0.1,0.1,0.1,0.1,0.1,0,0,0,0,0,0,0,0,0,0,0,0
B51195,0.25,0.23,0.31,0.42,0.5,0.43,0.43,0.43,0.52,0.52,0.38,0.25,0.25,0.23,0.31,0.42,0.5,0.43,0.43,0.43,0.52,0.52,0.38,0.25,0.1,0.1,0.1,0.1,0.1,0.1,0.1,0.1,0.1,0.1,0.1,0.1,0,0,0,0,0,0,0,0,0,0,0,0
B51197,0.25,0.23,0.31,0.42,0.5,0.43,0.43,0.43,0.52,0.52,0.38,0.25,0.25,0.23,0.31,0.42,0.5,0.43,0.43,0.43,0.52,0.52,0.38,0.25,0.1,0.1,0.1,0.1,0.1,0.1,0.1,0.1,0.1,0.1,0.1,0.1,0,0,0,0,0,0,0,0,0,0,0,0
B54023,0.645417,0.593783,0.703474,0.703474,0.703474,0.703474,0.703474,0.703474,0.703474,0.703474,0.703474,0.645417,0.645417,0.593783,0.703474,0.703474,0.703474,0.703474,0.703474,0.703474,0.703474,0.703474,0.703474,0.645417,0.117245,0.117245,0.117245,0.117245,0.117245,0.117245,0.117245,0.117245,0.117245,0.117245,0.117245,0.117245,0,0,0,0,0,0,0,0,0,0,0,0
B54031,0.572474,0.526675,0.610825,0.610825,0.610825,0.610825,0.610825,0.610825,0.610825,0.610825,0.610825,0.572474,0.572474,0.526675,0.610825,0.610825,0.610825,0.610825,0.610825,0.610825,0.610825,0.610825,0.610825,0.572474,0.101805,0.101805,0.101805,0.101805,0.101805,0.101805,0.101805,0.101805,0.101805,0.101805,0.101805,0.101805,0,0,0,0,0,0,0,0,0,0,0,0
B54057,0.493915,0.454402,0.612455,0.829778,0.875729,0.849534,0.849534,0.849534,0.875729,0.875729,0.750750,0.493915,0.493915,0.454402,0.612455,0.829778,0.875729,0.849534,0.849534,0.849534,0.875729,0.875729,0.750750,0.493915,0.145955,0.145955,0.145955,0.145955,0.145955,0.145955,0.145955,0.145955,0.145955,0.145955,0.145955,0.145955,0,0,0,0,0,0,0,0,0,0,0,0
B54071,0.839666,0.839666,0.839666,0.839666,0.839666,0.839666,0.839666,0.839666,0.839666,0.839666,0.839666,0.839666,0.839666,0.839666,0.839666,0.839666,0.839666,0.839666,0.839666,0.839666,0.839666,0.839666,0.839666,0.839666,0.139945,0.139945,0.139945,0.139945,0.139945,0.139945,0.139945,0.139945,0.139945,0.139945,0.139945,0.139945,0,0,0,0,0,0,0,0,0,0,0,0
C42009,3.000000,3.000000,3.000000,3.000000,3.000000,3.000000,3.000000,3.000000,3.000000,3.000000,3.000000,3.000000,3.000000,3.000000,3.000000,3.000000,3.000000,3.000000,3.000000,3.000000,3.000000,3.000000,3.000000,3.000000,0.500000,0.500000,0.500000,0.500000,0.500000,0.500000,0.500000,0.500000,0.500000,0.500000,0.500000,0.500000,0,0,0,0,0,0,0,0,0,0,0,0
C51015,1.558732,1.434035,1.932828,2.618670,2.945928,2.681019,2.681019,2.681019,2.945928,2.945928,2.369276,1.558732,1.558732,1.434035,1.932828,2.618670,2.945928,2.681019,2.681019,2.681019,2.945928,2.945928,2.369276,1.558732,0.490988,0.490988,0.490988,0.490988,0.490988,0.490988,0.490988,0.490988,0.490988,0.490988,0.490988,0.490988,0,0,0,0,0,0,0,0,0,0,0,0
C51071,0.25,0.23,0.31,0.42,0.5,0.43,0.43,0.43,0.52,0.52,0.38,0.25,0.25,0.23,0.31,0.42,0.5,0.43,0.43,0.43,0.52,0.52,0.38,0.25,0.1,0.1,0.1,0.1,0.1,0.1,0.1,0.1,0.1,0.1,0.1,0.1,0,0,0,0,0,0,0,0,0,0,0,0
C51165,0.319020,0.293499,0.395584,0.535955,0.605788,0.548714,0.548714,0.548714,0.605788,0.605788,0.484912,0.319020,0.319020,0.293499,0.395584,0.535955,0.605788,0.548714,0.548714,0.548714,0.605788,0.605788,0.484912,0.319020,0.100966,0.100966,0.100966,0.100966,0.100966,0.100966,0.100966,0.100966,0.100966,0.100966,0.100966,0.100966,0,0,0,0,0,0,0,0,0,0,0,0
end,,,,,,,,,,,,,,,,,,,,,,,,,,,,,,,,,,,,,,,,,,,,,,,,
