TABLE->,QUAL-PROPS#3,QUAL-PROPS#3,QUAL-PROPS#3,QUAL-PROPS#3,QUAL-PROPS#3,QUAL-PROPS#3,QUAL-PROPS#3,QUAL-PROPS#3,QUAL-PROPS#3,QUAL-INPUT#3,QUAL-INPUT#3,QUAL-INPUT#3,QUAL-INPUT#3,QUAL-INPUT#3,QUAL-INPUT#3,QUAL-INPUT#3,QUAL-INPUT#3
VARS->,QSD,VPFW,VPFS,QSO,VQO,QIFW,VIQC,QAGW,VAQC,SQO,POTFW,POTFS,ACQOP,SQOLIM,WSQOP,IOQC,AOQC
A10001,1,0,0,1,0,1,0,1,0,0.000354,0.055731,0,0.000035,0.000354,0.500000,0.000056,0.004170
A10003,1,0,0,1,0,1,0,1,0,0.000257,0.040437,0,0.000026,0.000257,0.500000,0.000040,0.003097
A10005,1,0,0,1,0,1,0,1,0,0.000964,0.151872,0,0.000096,0.000964,0.500000,0.000152,0.002733
A11001,1,0,0,1,0,1,0,1,0,0.000859,0.135231,0,0.000086,0.000859,0.500000,0.000135,0.006204
A24001,1,0,0,1,0,1,0,1,0,0.000264,0.041631,0,0.000026,0.000264,0.500000,0.000042,0.007377
A24003,1,0,0,1,0,1,0,1,0,0.000113,0.017673,0,0.000011,0.000113,0.500000,0.000017,0.003603
A24005,1,0,0,1,0,1,0,1,0,0.000095,0.015034,0,0.981E-05,0.000095,0.500000,0.000015,0.003547
A24009,1,0,0,1,0,1,0,1,0,0.000052,0.008193,0,0.520E-05,0.000052,0.500000,0.812E-05,0.004132
A24011,1,0,0,1,0,1,0,1,0,0.000435,0.068547,0,0.000044,0.000435,0.500000,0.000069,0.003372
A24013,1,0,0,1,0,1,0,1,0,0.000292,0.046004,0,0.000029,0.000292,0.500000,0.000046,0.004529
A24015,1,0,0,1,0,1,0,1,0,0.000171,0.026920,0,0.000017,0.000171,0.500000,0.000027,0.004404
A24017,1,0,0,1,0,1,0,1,0,0.000080,0.012558,0,0.797E-05,0.000080,0.500000,0.000012,0.005637
A24019,1,0,0,1,0,1,0,1,0,0.000446,0.070211,0,0.000045,0.000446,0.500000,0.000070,0.004105
A24021,1,0,0,1,0,1,0,1,0,0.000119,0.018667,0,0.000012,0.000119,0.500000,0.000018,0.004708
A24023,1,0,0,1,0,1,0,1,0,0.000265,0.041777,0,0.000027,0.000265,0.500000,0.000042,0.003100
A24025,1,0,0,1,0,1,0,1,0,0.000156,0.024539,0,0.000016,0.000156,0.500000,0.000024,0.003050
A24027,1,0,0,1,0,1,0,1,0,0.000140,0.022043,0,0.000014,0.000140,0.500000,0.000022,0.003991
A24029,1,0,0,1,0,1,0,1,0,0.000203,0.031965,0,0.000020,0.000203,0.500000,0.000032,0.003111
A24031,1,0,0,1,0,1,0,1,0,0.000098,0.015450,0,0.984E-05,0.000098,0.500000,0.000015,0.004376
A24033,1,0,0,1,0,1,0,1,0,0.000051,0.008094,0,0.514E-05,0.000051,0.500000,0.809E-05,0.005431
A24035,1,0,0,1,0,1,0,1,0,0.000275,0.043341,0,0.000028,0.000275,0.500000,0.000043,0.003243
A24037,1,0,0,1,0,1,0,1,0,0.000147,0.023125,0,0.000015,0.000147,0.500000,0.000023,0.005732
A24039,1,0,0,1,0,1,0,1,0,0.000525,0.082730,0,0.000053,0.000525,0.500000,0.000083,0.004148
A24041,1,0,0,1,0,1,0,1,0,0.000508,0.079987,0,0.000051,0.000508,0.500000,0.000080,0.003275
A24043,1,0,0,1,0,1,0,1,0,0.000180,0.028356,0,0.000018,0.000180,0.500000,0.000028,0.003271
A24045,1,0,0,1,0,1,0,1,0,0.000411,0.064794,0,0.000041,0.000411,0.500000,0.000065,0.004962
A24047,1,0,0,1,0,1,0,1,0,0.000370,0.058202,0,0.000037,0.000370,0.500000,0.000058,0.004747
A24510,1,0,0,1,0,1,0,1,0,0.000365,0.057542,0,0.000037,0.000365,0.500000,0.000058,0.003095
A36003,1,0,0,1,0,1,0,1,0,0.000420,0.066174,0,0.000042,0.000420,0.500000,0.000066,0.006274
A36007,1,0,0,1,0,1,0,1,0,0.000434,0.068420,0,0.000043,0.000434,0.500000,0.000068,0.003633
A36011,1,0,0,1,0,1,0,1,0,0.245,22.75,0,0.245,2.45,1.64,0.002184,0.002184
A36015,1,0,0,1,0,1,0,1,0,0.000274,0.043208,0,0.000027,0.000274,0.500000,0.000043,0.006594
A36017,1,0,0,1,0,1,0,1,0,0.000248,0.039098,0,0.000025,0.000248,0.500000,0.000039,0.002924
A36023,1,0,0,1,0,1,0,1,0,0.000329,0.051785,0,0.000033,0.000329,0.500000,0.000052,0.002649
A36025,1,0,0,1,0,1,0,1,0,0.000328,0.051707,0,0.000033,0.000328,0.500000,0.000052,0.003416
A36043,1,0,0,1,0,1,0,1,0,0.000200,0.031605,0,0.000020,0.000200,0.500000,0.000031,0.003071
A36051,1,0,0,1,0,1,0,1,0,0.000228,0.035963,0,0.000023,0.000228,0.500000,0.000036,0.004302
A36053,1,0,0,1,0,1,0,1,0,0.000262,0.041334,0,0.000026,0.000262,0.500000,0.000041,0.002825
A36065,1,0,0,1,0,1,0,1,0,0.000290,0.045605,0,0.000029,0.000290,0.500000,0.000046,0.002887
A36067,1,0,0,1,0,1,0,1,0,0.000320,0.050323,0,0.000032,0.000320,0.500000,0.000050,0.002682
A36069,1,0,0,1,0,1,0,1,0,0.000356,0.056069,0,0.000036,0.000356,0.500000,0.000056,0.004601
A36077,1,0,0,1,0,1,0,1,0,0.000286,0.045059,0,0.000029,0.000286,0.500000,0.000045,0.003148
A36095,1,0,0,1,0,1,0,1,0,0.000302,0.047493,0,0.000030,0.000302,0.500000,0.000047,0.003122
A36097,1,0,0,1,0,1,0,1,0,0.000569,0.089662,0,0.000057,0.000569,0.500000,0.000090,0.004848
A36101,1,0,0,1,0,1,0,1,0,0.000297,0.046736,0,0.000030,0.000297,0.500000,0.000047,0.005640
A36107,1,0,0,1,0,1,0,1,0,0.000542,0.085399,0,0.000054,0.000542,0.500000,0.000085,0.004421
A36109,1,0,0,1,0,1,0,1,0,0.000489,0.077024,0,0.000049,0.000489,0.500000,0.000077,0.004247
A36123,1,0,0,1,0,1,0,1,0,0.000292,0.046026,0,0.000029,0.000292,0.500000,0.000046,0.004605
A37001,1,0,0,1,0,1,0,1,0,0.000131,0.005894,0,0.000013,0.000131,0.500000,0.589E-05,0.586E-06
A37005,1,0,0,1,0,1,0,1,0,0.000114,0.005344,0,0.000011,0.000114,0.500000,0.534E-05,0.267E-06
A37009,1,0,0,1,0,1,0,1,0,0.000114,0.005750,0,0.000011,0.000114,0.500000,0.575E-05,0.222E-06
A37033,1,0,0,1,0,1,0,1,0,0.000164,0.008329,0,0.000017,0.000164,0.500000,0.870E-05,0.659E-06
A37067,1,0,0,1,0,1,0,1,0,0.000202,0.009553,0,0.000020,0.000202,0.500000,0.932E-05,0.527E-06
A37077,1,0,0,1,0,1,0,1,0,0.000106,0.005157,0,0.000011,0.000106,0.500000,0.515E-05,0.524E-06
A37081,1,0,0,1,0,1,0,1,0,0.000206,0.010576,0,0.000021,0.000206,0.500000,0.000010,0.490E-06
A37131,1,0,0,1,0,1,0,1,0,0.000160,0.007672,0,0.000016,0.000160,0.500000,0.767E-05,0.801E-06
A37135,1,0,0,1,0,1,0,1,0,0.000145,0.006561,0,0.000015,0.000145,0.500000,0.656E-05,0.583E-06
A37145,1,0,0,1,0,1,0,1,0,0.000141,0.007251,0,0.000014,0.000141,0.500000,0.725E-05,0.612E-06
A37157,1,0,0,1,0,1,0,1,0,0.000175,0.009038,0,0.000017,0.000175,0.500000,0.907E-05,0.533E-06
A37169,1,0,0,1,0,1,0,1,0,0.000145,0.007204,0,0.000014,0.000145,0.500000,0.721E-05,0.431E-06
A37171,1,0,0,1,0,1,0,1,0,0.000128,0.005784,0,0.000013,0.000128,0.500000,0.579E-05,0.325E-06
A37181,1,0,0,1,0,1,0,1,0,0.000103,0.005456,0,0.000010,0.000103,0.500000,0.545E-05,0.518E-06
A37185,1,0,0,1,0,1,0,1,0,0.000129,0.006056,0,0.000013,0.000129,0.500000,0.605E-05,0.582E-06
A37189,1,0,0,1,0,1,0,1,0,0.000078,0.003801,0,0.794E-05,0.000078,0.500000,0.380E-05,0.221E-06
A42001,1,0,0,1,0,1,0,1,0,0.000198,0.031211,0,0.000020,0.000198,0.500000,0.000031,0.007061
A42009,1,0,0,1,0,1,0,1,0,0.000200,0.031554,0,0.000020,0.000200,0.500000,0.000031,0.004131
A42011,1,0,0,1,0,1,0,1,0,0.000133,0.020924,0,0.000013,0.000133,0.500000,0.000021,0.003778
A42013,1,0,0,1,0,1,0,1,0,0.000269,0.042310,0,0.000027,0.000269,0.500000,0.000042,0.003496
A42015,1,0,0,1,0,1,0,1,0,0.000196,0.030927,0,0.000020,0.000196,0.500000,0.000031,0.005122
A42021,1,0,0,1,0,1,0,1,0,0.000291,0.045890,0,0.000029,0.000291,0.500000,0.000046,0.003226
A42023,1,0,0,1,0,1,0,1,0,0.000299,0.047034,0,0.000030,0.000299,0.500000,0.000047,0.003634
A42025,1,0,0,1,0,1,0,1,0,0.000242,0.038093,0,0.000024,0.000242,0.500000,0.000038,0.004081
A42027,1,0,0,1,0,1,0,1,0,0.000161,0.025358,0,0.000016,0.000161,0.500000,0.000025,0.003004
A42029,1,0,0,1,0,1,0,1,0,0.000123,0.019311,0,0.000012,0.000123,0.500000,0.000019,0.003866
A42033,1,0,0,1,0,1,0,1,0,0.000974,0.153375,0,0.000097,0.000974,0.500000,0.000153,0.002856
A42035,1,0,0,1,0,1,0,1,0,0.000335,0.052750,0,0.000033,0.000335,0.500000,0.000053,0.002856
A42037,1,0,0,1,0,1,0,1,0,0.000193,0.030474,0,0.000019,0.000193,0.500000,0.000030,0.003061
A42041,1,0,0,1,0,1,0,1,0,0.000145,0.022814,0,0.000015,0.000145,0.500000,0.000023,0.003651
A42043,1,0,0,1,0,1,0,1,0,0.000208,0.032738,0,0.000021,0.000208,0.500000,0.000032,0.005039
A42047,1,0,0,1,0,1,0,1,0,0.001018,0.160262,0,0.000102,0.001018,0.500000,0.000160,0.003520
A42055,1,0,0,1,0,1,0,1,0,0.000154,0.024318,0,0.000016,0.000154,0.500000,0.000024,0.003561
A42057,1,0,0,1,0,1,0,1,0,0.000321,0.050616,0,0.000032,0.000321,0.500000,0.000051,0.006263
A42061,1,0,0,1,0,1,0,1,0,0.000157,0.024798,0,0.000016,0.000157,0.500000,0.000025,0.004126
A42063,1,0,0,1,0,1,0,1,0,0.000448,0.070512,0,0.000045,0.000448,0.500000,0.000071,0.003581
A42065,1,0,0,1,0,1,0,1,0,0.000276,0.043397,0,0.000028,0.000276,0.500000,0.000043,0.003623
A42067,1,0,0,1,0,1,0,1,0,0.000181,0.028543,0,0.000018,0.000181,0.500000,0.000028,0.004550
A42069,1,0,0,1,0,1,0,1,0,0.000530,0.083453,0,0.000053,0.000530,0.500000,0.000083,0.002811
A42071,1,0,0,1,0,1,0,1,0,0.000114,0.017919,0,0.000012,0.000114,0.500000,0.000018,0.003460
A42075,1,0,0,1,0,1,0,1,0,0.000134,0.021057,0,0.000013,0.000134,0.500000,0.000021,0.002890
A42079,1,0,0,1,0,1,0,1,0,0.000333,0.052438,0,0.000033,0.000333,0.500000,0.000052,0.003297
A42081,1,0,0,1,0,1,0,1,0,0.000161,0.025402,0,0.000016,0.000161,0.500000,0.000025,0.002912
A42083,1,0,0,1,0,1,0,1,0,0.001556,0.245098,0,0.000156,0.001556,0.500000,0.000245,0.003561
A42087,1,0,0,1,0,1,0,1,0,0.000167,0.026317,0,0.000017,0.000167,0.500000,0.000026,0.003607
A42093,1,0,0,1,0,1,0,1,0,0.000096,0.015170,0,0.981E-05,0.000096,0.500000,0.000015,0.006169
A42097,1,0,0,1,0,1,0,1,0,0.000115,0.018092,0,0.000012,0.000115,0.500000,0.000018,0.002682
A42099,1,0,0,1,0,1,0,1,0,0.000197,0.031079,0,0.000020,0.000197,0.500000,0.000031,0.003657
A42105,1,0,0,1,0,1,0,1,0,0.000359,0.056466,0,0.000036,0.000359,0.500000,0.000056,0.003531
A42107,1,0,0,1,0,1,0,1,0,0.000162,0.025491,0,0.000016,0.000162,0.500000,0.000025,0.002911
A42109,1,0,0,1,0,1,0,1,0,0.000154,0.024311,0,0.000016,0.000154,0.500000,0.000024,0.004340
A42111,1,0,0,1,0,1,0,1,0,0.000314,0.049389,0,0.000031,0.000314,0.500000,0.000049,0.003721
A42113,1,0,0,1,0,1,0,1,0,0.000642,0.101158,0,0.000064,0.000642,0.500000,0.000101,0.002947
A42115,1,0,0,1,0,1,0,1,0,0.000959,0.151055,0,0.000096,0.000959,0.500000,0.000151,0.003462
A42117,1,0,0,1,0,1,0,1,0,0.000276,0.043536,0,0.000028,0.000276,0.500000,0.000044,0.004495
A42119,1,0,0,1,0,1,0,1,0,0.000185,0.029131,0,0.000019,0.000185,0.500000,0.000029,0.002997
A42127,1,0,0,1,0,1,0,1,0,0.001389,0.218777,0,0.000139,0.001389,0.500000,0.000219,0.002448
A42131,1,0,0,1,0,1,0,1,0,0.000226,0.035517,0,0.000023,0.000226,0.500000,0.000036,0.005023
A42133,1,0,0,1,0,1,0,1,0,0.000105,0.016537,0,0.000011,0.000105,0.500000,0.000016,0.004299
A47091,1,0,0,1,0,1,0,1,0,0.000129,0.006342,0,0.000013,0.000129,0.500000,0.634E-05,0.262E-06
A47163,1,0,0,1,0,1,0,1,0,0.000378,0.015880,0,0.000038,0.000378,0.500000,0.000015,0.318E-06
A51001,1,0,0,1,0,1,0,1,0,0.000469,0.073934,0,0.000047,0.000469,0.500000,0.000074,0.004024
A51003,1,0,0,1,0,1,0,1,0,0.001013,0.159497,0,0.000101,0.001013,0.500000,0.000159,0.004168
A51005,1,0,0,1,0,1,0,1,0,0.003327,0.523902,0,0.000333,0.003327,0.500000,0.000524,0.005601
A51007,1,0,0,1,0,1,0,1,0,0.000092,0.014605,0,0.889E-05,0.000092,0.500000,0.000014,0.008213
A51009,1,0,0,1,0,1,0,1,0,0.000369,0.058109,0,0.000037,0.000369,0.500000,0.000058,0.003632
A51011,1,0,0,1,0,1,0,1,0,0.000241,0.038010,0,0.000024,0.000241,0.500000,0.000038,0.005168
A51013,1,0,0,1,0,1,0,1,0,0.000229,0.036006,0,0.000023,0.000229,0.500000,0.000036,0.004967
A51015,1,0,0,1,0,1,0,1,0,0.000090,0.014231,0,0.886E-05,0.000090,0.500000,0.000014,0.004470
A51017,1,0,0,1,0,1,0,1,0,0.001267,0.199472,0,0.000127,0.001267,0.500000,0.000199,0.006276
A51019,1,0,0,1,0,1,0,1,0,0.000335,0.052736,0,0.000033,0.000335,0.500000,0.000053,0.004599
A51021,1,0,0,1,0,1,0,1,0,0.000185,0.008489,0,0.000018,0.000185,0.500000,0.831E-05,0.398E-06
A51023,1,0,0,1,0,1,0,1,0,0.000133,0.020962,0,0.000013,0.000133,0.500000,0.000021,0.004683
A51025,1,0,0,1,0,1,0,1,0,0.000228,0.008852,0,0.000023,0.000228,0.500000,0.898E-05,0.827E-06
A51027,1,0,0,1,0,1,0,1,0,0.000183,0.007482,0,0.000018,0.000183,0.500000,0.748E-05,0.453E-06
A51029,1,0,0,1,0,1,0,1,0,0.000309,0.048721,0,0.000031,0.000309,0.500000,0.000049,0.006190
A51031,1,0,0,1,0,1,0,1,0,0.000296,0.046653,0,0.000030,0.000296,0.500000,0.000047,0.005419
A51033,1,0,0,1,0,1,0,1,0,0.000228,0.035917,0,0.000023,0.000228,0.500000,0.000036,0.004907
A51035,1,0,0,1,0,1,0,1,0,0.000124,0.005920,0,0.000012,0.000124,0.500000,0.592E-05,0.287E-06
A51036,1,0,0,1,0,1,0,1,0,0.000261,0.041057,0,0.000026,0.000261,0.500000,0.000041,0.005445
A51037,1,0,0,1,0,1,0,1,0,0.000304,0.012136,0,0.000030,0.000304,0.500000,0.000012,0.614E-06
A51041,1,0,0,1,0,1,0,1,0,0.000192,0.030270,0,0.000019,0.000192,0.500000,0.000030,0.006433
A51043,1,0,0,1,0,1,0,1,0,0.000509,0.080205,0,0.000051,0.000509,0.500000,0.000080,0.006481
A51045,1,0,0,1,0,1,0,1,0,0.000306,0.048164,0,0.000031,0.000306,0.500000,0.000048,0.003785
A51047,1,0,0,1,0,1,0,1,0,0.000127,0.019925,0,0.000013,0.000127,0.500000,0.000020,0.004417
A51049,1,0,0,1,0,1,0,1,0,0.000326,0.051320,0,0.000033,0.000326,0.500000,0.000051,0.006266
A51051,1,0,0,1,0,1,0,1,0,0.000205,0.008584,0,0.000021,0.000205,0.500000,0.835E-05,0.529E-06
A51053,1,0,0,1,0,1,0,1,0,0.000088,0.013895,0,0.882E-05,0.000088,0.500000,0.000014,0.007067
A51057,1,0,0,1,0,1,0,1,0,0.000173,0.027190,0,0.000017,0.000173,0.500000,0.000027,0.003697
A51059,1,0,0,1,0,1,0,1,0,0.000208,0.032793,0,0.000021,0.000208,0.500000,0.000032,0.006559
A51061,1,0,0,1,0,1,0,1,0,0.000246,0.038763,0,0.000025,0.000246,0.500000,0.000039,0.006784
A51063,1,0,0,1,0,1,0,1,0,0.000223,0.009941,0,0.000023,0.000223,0.500000,0.000010,0.366E-06
A51065,1,0,0,1,0,1,0,1,0,0.000470,0.074047,0,0.000047,0.000470,0.500000,0.000074,0.005662
A51067,1,0,0,1,0,1,0,1,0,0.000163,0.008540,0,0.000016,0.000163,0.500000,0.881E-05,0.371E-06
A51069,1,0,0,1,0,1,0,1,0,0.000280,0.044064,0,0.000028,0.000280,0.500000,0.000044,0.007009
A51071,1,0,0,1,0,1,0,1,0,0.003809,0.599884,0,0.000381,0.003809,0.500000,0.000600,0.003897
A51073,1,0,0,1,0,1,0,1,0,0.000254,0.039973,0,0.000025,0.000254,0.500000,0.000040,0.003092
A51075,1,0,0,1,0,1,0,1,0,0.000625,0.098349,0,0.000062,0.000625,0.500000,0.000098,0.005987
A51077,1,0,0,1,0,1,0,1,0,0.000162,0.008514,0,0.000016,0.000162,0.500000,0.879E-05,0.276E-06
A51079,1,0,0,1,0,1,0,1,0,0.000242,0.038167,0,0.000024,0.000242,0.500000,0.000038,0.004673
A51081,1,0,0,1,0,1,0,1,0,0.000138,0.007486,0,0.000014,0.000138,0.500000,0.749E-05,0.674E-06
A51083,1,0,0,1,0,1,0,1,0,0.000167,0.007844,0,0.000017,0.000167,0.500000,0.785E-05,0.683E-06
A51085,1,0,0,1,0,1,0,1,0,0.000160,0.025241,0,0.000016,0.000160,0.500000,0.000025,0.005237
A51087,1,0,0,1,0,1,0,1,0,0.000167,0.026232,0,0.000017,0.000167,0.500000,0.000026,0.005471
A51089,1,0,0,1,0,1,0,1,0,0.000246,0.009635,0,0.000025,0.000246,0.500000,0.938E-05,0.503E-06
A51091,1,0,0,1,0,1,0,1,0,0.001741,0.274146,0,0.000174,0.001741,0.500000,0.000274,0.005569
A51093,1,0,0,1,0,1,0,1,0,0.000189,0.029800,0,0.000019,0.000189,0.500000,0.000029,0.002848
A51095,1,0,0,1,0,1,0,1,0,0.000197,0.031033,0,0.000020,0.000197,0.500000,0.000031,0.003203
A51097,1,0,0,1,0,1,0,1,0,0.000268,0.042265,0,0.000027,0.000268,0.500000,0.000042,0.004269
A51099,1,0,0,1,0,1,0,1,0,0.000461,0.072521,0,0.000046,0.000461,0.500000,0.000073,0.003158
A51101,1,0,0,1,0,1,0,1,0,0.000224,0.035248,0,0.000022,0.000224,0.500000,0.000035,0.004583
A51103,1,0,0,1,0,1,0,1,0,0.001315,0.207138,0,0.000132,0.001315,0.500000,0.000207,0.003825
A51105,1,0,0,1,0,1,0,1,0,0.000145,0.005653,0,0.000014,0.000145,0.500000,0.565E-05,0.408E-06
A51107,1,0,0,1,0,1,0,1,0,0.000196,0.030861,0,0.000020,0.000196,0.500000,0.000031,0.004678
A51109,1,0,0,1,0,1,0,1,0,0.000258,0.040706,0,0.000026,0.000258,0.500000,0.000041,0.008131
A51111,1,0,0,1,0,1,0,1,0,0.000241,0.010145,0,0.000024,0.000241,0.500000,0.000010,0.792E-06
A51113,1,0,0,1,0,1,0,1,0,0.000107,0.016823,0,0.000011,0.000107,0.500000,0.000017,0.003648
A51115,1,0,0,1,0,1,0,1,0,0.000560,0.088188,0,0.000056,0.000560,0.500000,0.000088,0.003129
A51117,1,0,0,1,0,1,0,1,0,0.000196,0.008266,0,0.000020,0.000196,0.500000,0.819E-05,0.727E-06
A51119,1,0,0,1,0,1,0,1,0,0.000183,0.028920,0,0.000018,0.000183,0.500000,0.000029,0.003216
A51121,1,0,0,1,0,1,0,1,0,0.000135,0.021185,0,0.000014,0.000135,0.500000,0.000021,0.004724
A51125,1,0,0,1,0,1,0,1,0,0.000147,0.023149,0,0.000015,0.000147,0.500000,0.000023,0.002921
A51127,1,0,0,1,0,1,0,1,0,0.000212,0.033316,0,0.000021,0.000212,0.500000,0.000033,0.005329
A51131,1,0,0,1,0,1,0,1,0,0.000452,0.071206,0,0.000045,0.000452,0.500000,0.000071,0.003767
A51133,1,0,0,1,0,1,0,1,0,0.000273,0.043022,0,0.000027,0.000273,0.500000,0.000043,0.003864
A51135,1,0,0,1,0,1,0,1,0,0.000124,0.019470,0,0.000012,0.000124,0.500000,0.000019,0.006674
A51137,1,0,0,1,0,1,0,1,0,0.000155,0.024333,0,0.000016,0.000155,0.500000,0.000024,0.005958
A51139,1,0,0,1,0,1,0,1,0,0.000149,0.023517,0,0.000015,0.000149,0.500000,0.000023,0.005306
A51141,1,0,0,1,0,1,0,1,0,0.000173,0.007773,0,0.000017,0.000173,0.500000,0.777E-05,0.318E-06
A51143,1,0,0,1,0,1,0,1,0,0.000221,0.009700,0,0.000022,0.000221,0.500000,0.991E-05,0.573E-06
A51145,1,0,0,1,0,1,0,1,0,0.000370,0.058340,0,0.000037,0.000370,0.500000,0.000058,0.006296
A51147,1,0,0,1,0,1,0,1,0,0.000256,0.040249,0,0.000026,0.000256,0.500000,0.000040,0.006795
A51149,1,0,0,1,0,1,0,1,0,0.000130,0.020502,0,0.000013,0.000130,0.500000,0.000020,0.003837
A51153,1,0,0,1,0,1,0,1,0,0.000319,0.050229,0,0.000032,0.000319,0.500000,0.000050,0.006802
A51155,1,0,0,1,0,1,0,1,0,0.000370,0.015652,0,0.000037,0.000370,0.500000,0.000015,0.489E-06
A51157,1,0,0,1,0,1,0,1,0,0.000074,0.011751,0,0.747E-05,0.000074,0.500000,0.000012,0.003761
A51159,1,0,0,1,0,1,0,1,0,0.001106,0.174097,0,0.000111,0.001106,0.500000,0.000174,0.004195
A51161,1,0,0,1,0,1,0,1,0,0.000155,0.024437,0,0.000016,0.000155,0.500000,0.000024,0.004635
A51163,1,0,0,1,0,1,0,1,0,0.000155,0.024373,0,0.000016,0.000155,0.500000,0.000024,0.004685
A51165,1,0,0,1,0,1,0,1,0,0.000103,0.016323,0,0.000011,0.000103,0.500000,0.000016,0.005145
A51167,1,0,0,1,0,1,0,1,0,0.000355,0.013459,0,0.000035,0.000355,0.500000,0.000014,0.497E-06
A51169,1,0,0,1,0,1,0,1,0,0.000450,0.016848,0,0.000045,0.000450,0.500000,0.000017,0.534E-06
A51171,1,0,0,1,0,1,0,1,0,0.000135,0.021144,0,0.000014,0.000135,0.500000,0.000021,0.005864
A51173,1,0,0,1,0,1,0,1,0,0.000208,0.010131,0,0.000021,0.000208,0.500000,0.000010,0.343E-06
A51175,1,0,0,1,0,1,0,1,0,0.000137,0.008607,0,0.000014,0.000137,0.500000,0.884E-05,0.247E-06
A51177,1,0,0,1,0,1,0,1,0,0.000201,0.031671,0,0.000020,0.000201,0.500000,0.000031,0.008437
A51179,1,0,0,1,0,1,0,1,0,0.000090,0.014255,0,0.886E-05,0.000090,0.500000,0.000014,0.006366
A51181,1,0,0,1,0,1,0,1,0,0.000158,0.024801,0,0.000016,0.000158,0.500000,0.000025,0.003627
A51183,1,0,0,1,0,1,0,1,0,0.000126,0.006450,0,0.000012,0.000126,0.500000,0.645E-05,0.387E-06
A51185,1,0,0,1,0,1,0,1,0,0.000218,0.008358,0,0.000021,0.000218,0.500000,0.824E-05,0.470E-06
A51187,1,0,0,1,0,1,0,1,0,0.000147,0.023182,0,0.000015,0.000147,0.500000,0.000023,0.006697
A51191,1,0,0,1,0,1,0,1,0,0.000308,0.014608,0,0.000031,0.000308,0.500000,0.000014,0.315E-06
A51193,1,0,0,1,0,1,0,1,0,0.000914,0.143986,0,0.000091,0.000914,0.500000,0.000144,0.004047
A51195,1,0,0,1,0,1,0,1,0,0.000301,0.011981,0,0.000030,0.000301,0.500000,0.000012,0.401E-06
A51197,1,0,0,1,0,1,0,1,0,0.000289,0.011662,0,0.000029,0.000289,0.500000,0.000012,0.468E-06
A51199,1,0,0,1,0,1,0,1,0,0.000313,0.049336,0,0.000031,0.000313,0.500000,0.000049,0.002891
A51510,1,0,0,1,0,1,0,1,0,0.000317,0.049951,0,0.000032,0.000317,0.500000,0.000050,0.004005
A51515,1,0,0,1,0,1,0,1,0,0.000054,0.004647,0,0.539E-05,0.000054,0.500000,0.465E-05,0.223E-06
A51520,1,0,0,1,0,1,0,1,0,0.000045,0.003900,0,0.455E-05,0.000045,0.500000,0.390E-05,0.143E-06
A51530,1,0,0,1,0,1,0,1,0,0.000309,0.048595,0,0.000031,0.000309,0.500000,0.000049,0.005438
A51540,1,0,0,1,0,1,0,1,0,0.000306,0.048216,0,0.000031,0.000306,0.500000,0.000048,0.006594
A51550,1,0,0,1,0,1,0,1,0,0.000439,0.069181,0,0.000044,0.000439,0.500000,0.000069,0.002782
A51570,1,0,0,1,0,1,0,1,0,0.000444,0.069846,0,0.000044,0.000444,0.500000,0.000070,0.003145
A51580,1,0,0,1,0,1,0,1,0,0.000426,0.067076,0,0.000043,0.000426,0.500000,0.000067,0.005621
A51590,1,0,0,1,0,1,0,1,0,0.000069,0.005919,0,0.695E-05,0.000069,0.500000,0.592E-05,0.385E-06
A51595,1,0,0,1,0,1,0,1,0,0.000040,0.003388,0,0.398E-05,0.000040,0.500000,0.339E-05,0.352E-06
A51600,1,0,0,1,0,1,0,1,0,0.000419,0.066025,0,0.000042,0.000419,0.500000,0.000066,0.005532
A51610,1,0,0,1,0,1,0,1,0,0.000448,0.070602,0,0.000045,0.000448,0.500000,0.000071,0.003679
A51620,1,0,0,1,0,1,0,1,0,0.000036,0.003058,0,0.361E-05,0.000036,0.500000,0.307E-05,0.132E-06
A51630,1,0,0,1,0,1,0,1,0,0.000435,0.068498,0,0.000043,0.000435,0.500000,0.000068,0.006764
A51640,1,0,0,1,0,1,0,1,0,0.000055,0.004702,0,0.548E-05,0.000055,0.500000,0.470E-05,0.193E-06
A51650,1,0,0,1,0,1,0,1,0,0.000444,0.069945,0,0.000044,0.000444,0.500000,0.000070,0.002857
A51660,1,0,0,1,0,1,0,1,0,0.000448,0.070616,0,0.000045,0.000448,0.500000,0.000071,0.003704
A51670,1,0,0,1,0,1,0,1,0,0.000442,0.069613,0,0.000044,0.000442,0.500000,0.000070,0.003159
A51678,1,0,0,1,0,1,0,1,0,0.000443,0.069725,0,0.000044,0.000443,0.500000,0.000070,0.004716
A51680,1,0,0,1,0,1,0,1,0,0.000435,0.068475,0,0.000043,0.000435,0.500000,0.000068,0.004654
A51683,1,0,0,1,0,1,0,1,0,0.000422,0.066534,0,0.000042,0.000422,0.500000,0.000067,0.005111
A51685,1,0,0,1,0,1,0,1,0,0.000417,0.065695,0,0.000042,0.000417,0.500000,0.000066,0.005152
A51690,1,0,0,1,0,1,0,1,0,0.000043,0.003662,0,0.430E-05,0.000043,0.500000,0.366E-05,0.265E-06
A51700,1,0,0,1,0,1,0,1,0,0.000443,0.069836,0,0.000044,0.000443,0.500000,0.000070,0.002806
A51710,1,0,0,1,0,1,0,1,0,0.000444,0.069844,0,0.000044,0.000444,0.500000,0.000070,0.002874
A51720,1,0,0,1,0,1,0,1,0,0.000032,0.002746,0,0.319E-05,0.000032,0.500000,0.274E-05,0.183E-06
A51730,1,0,0,1,0,1,0,1,0,0.000447,0.070456,0,0.000045,0.000447,0.500000,0.000070,0.004083
A51735,1,0,0,1,0,1,0,1,0,0.000445,0.070130,0,0.000045,0.000445,0.500000,0.000070,0.002846
A51740,1,0,0,1,0,1,0,1,0,0.000444,0.069956,0,0.000044,0.000444,0.500000,0.000070,0.002908
A51750,1,0,0,1,0,1,0,1,0,0.000044,0.003819,0,0.443E-05,0.000044,0.500000,0.382E-05,0.241E-06
A51760,1,0,0,1,0,1,0,1,0,0.000438,0.068942,0,0.000044,0.000438,0.500000,0.000069,0.005729
A51770,1,0,0,1,0,1,0,1,0,0.000096,0.008220,0,0.980E-05,0.000096,0.500000,0.816E-05,0.229E-06
A51775,1,0,0,1,0,1,0,1,0,0.000108,0.009217,0,0.000011,0.000108,0.500000,0.917E-05,0.232E-06
A51790,1,0,0,1,0,1,0,1,0,0.000439,0.069149,0,0.000044,0.000439,0.500000,0.000069,0.005310
A51800,1,0,0,1,0,1,0,1,0,0.000299,0.047156,0,0.000030,0.000299,0.500000,0.000047,0.006687
A51810,1,0,0,1,0,1,0,1,0,0.000488,0.076853,0,0.000049,0.000488,0.500000,0.000077,0.002858
A51820,1,0,0,1,0,1,0,1,0,0.000471,0.074207,0,0.000047,0.000471,0.500000,0.000074,0.003153
A51830,1,0,0,1,0,1,0,1,0,0.000481,0.075751,0,0.000048,0.000481,0.500000,0.000076,0.003110
A51840,1,0,0,1,0,1,0,1,0,0.000478,0.075339,0,0.000048,0.000478,0.500000,0.000075,0.006654
A54003,1,0,0,1,0,1,0,1,0,0.000464,0.073049,0,0.000046,0.000464,0.500000,0.000073,0.004245
A54023,1,0,0,1,0,1,0,1,0,0.001097,0.172825,0,0.000110,0.001097,0.500000,0.000173,0.002700
A54027,1,0,0,1,0,1,0,1,0,0.000709,0.111712,0,0.000071,0.000709,0.500000,0.000112,0.006415
A54031,1,0,0,1,0,1,0,1,0,0.000579,0.091222,0,0.000058,0.000579,0.500000,0.000091,0.006200
A54037,1,0,0,1,0,1,0,1,0,0.000513,0.080830,0,0.000051,0.000513,0.500000,0.000081,0.004465
A54057,1,0,0,1,0,1,0,1,0,0.001271,0.200103,0,0.000127,0.001271,0.500000,0.000200,0.004507
A54063,1,0,0,1,0,1,0,1,0,0.000134,0.021054,0,0.000013,0.000134,0.500000,0.000021,0.004367
A54065,1,0,0,1,0,1,0,1,0,0.000105,0.016581,0,0.000011,0.000105,0.500000,0.000016,0.006351
A54071,1,0,0,1,0,1,0,1,0,0.000740,0.116589,0,0.000074,0.000740,0.500000,0.000117,0.007138
A54077,1,0,0,1,0,1,0,1,0,0.000138,0.021714,0,0.000014,0.000138,0.500000,0.000021,0.003399
A54093,1,0,0,1,0,1,0,1,0,0.001408,0.221672,0,0.000141,0.001408,0.500000,0.000222,0.003346
B24001,1,0,0,1,0,1,0,1,0,0.000266,0.041855,0,0.000027,0.000266,0.500000,0.000042,0.003949
B24021,1,0,0,1,0,1,0,1,0,0.000119,0.018697,0,0.000012,0.000119,0.500000,0.000018,0.003721
B37005,1,0,0,1,0,1,0,1,0,0.000157,0.007215,0,0.000016,0.000157,0.500000,0.722E-05,0.286E-06
B37009,1,0,0,1,0,1,0,1,0,0.000107,0.005402,0,0.000011,0.000107,0.500000,0.540E-05,0.224E-06
B42001,1,0,0,1,0,1,0,1,0,0.000195,0.030689,0,0.000020,0.000195,0.500000,0.000030,0.005964
B42009,1,0,0,1,0,1,0,1,0,0.000197,0.031023,0,0.000020,0.000197,0.500000,0.000031,0.004601
B42015,1,0,0,1,0,1,0,1,0,0.000194,0.030668,0,0.000020,0.000194,0.500000,0.000030,0.004739
B42027,1,0,0,1,0,1,0,1,0,0.000158,0.024810,0,0.000016,0.000158,0.500000,0.000025,0.002687
B42035,1,0,0,1,0,1,0,1,0,0.000332,0.052314,0,0.000033,0.000332,0.500000,0.000052,0.003472
B42041,1,0,0,1,0,1,0,1,0,0.000154,0.024210,0,0.000015,0.000154,0.500000,0.000024,0.002753
B42043,1,0,0,1,0,1,0,1,0,0.000208,0.032776,0,0.000021,0.000208,0.500000,0.000032,0.004115
B42055,1,0,0,1,0,1,0,1,0,0.000151,0.023700,0,0.000015,0.000151,0.500000,0.000023,0.003764
B42079,1,0,0,1,0,1,0,1,0,0.000324,0.050995,0,0.000032,0.000324,0.500000,0.000051,0.003024
B42081,1,0,0,1,0,1,0,1,0,0.000163,0.025616,0,0.000016,0.000163,0.500000,0.000025,0.003666
B42119,1,0,0,1,0,1,0,1,0,0.000187,0.029530,0,0.000019,0.000187,0.500000,0.000029,0.003902
B42131,1,0,0,1,0,1,0,1,0,0.000208,0.032774,0,0.000021,0.000208,0.500000,0.000032,0.004149
B51003,1,0,0,1,0,1,0,1,0,0.000988,0.155547,0,0.000099,0.000988,0.500000,0.000156,0.003923
B51009,1,0,0,1,0,1,0,1,0,0.000359,0.056524,0,0.000036,0.000359,0.500000,0.000057,0.002643
B51015,1,0,0,1,0,1,0,1,0,0.000090,0.014186,0,0.885E-05,0.000090,0.500000,0.000014,0.003043
B51017,1,0,0,1,0,1,0,1,0,0.001225,0.192890,0,0.000122,0.001225,0.500000,0.000193,0.005680
B51019,1,0,0,1,0,1,0,1,0,0.000325,0.051202,0,0.000033,0.000325,0.500000,0.000051,0.004543
B51023,1,0,0,1,0,1,0,1,0,0.000132,0.020813,0,0.000013,0.000132,0.500000,0.000021,0.004381
B51035,1,0,0,1,0,1,0,1,0,0.000086,0.004186,0,0.889E-05,0.000086,0.500000,0.418E-05,0.301E-06
B51061,1,0,0,1,0,1,0,1,0,0.000249,0.039256,0,0.000025,0.000249,0.500000,0.000039,0.003239
B51067,1,0,0,1,0,1,0,1,0,0.000206,0.010211,0,0.000020,0.000206,0.500000,0.000010,0.323E-06
B51071,1,0,0,1,0,1,0,1,0,0.000350,0.015550,0,0.000035,0.000350,0.500000,0.000016,0.601E-06
B51077,1,0,0,1,0,1,0,1,0,0.000124,0.006479,0,0.000012,0.000124,0.500000,0.648E-05,0.256E-06
B51079,1,0,0,1,0,1,0,1,0,0.000234,0.036831,0,0.000023,0.000234,0.500000,0.000037,0.003482
B51091,1,0,0,1,0,1,0,1,0,0.002009,0.316391,0,0.000201,0.002009,0.500000,0.000316,0.003583
B51105,1,0,0,1,0,1,0,1,0,0.000144,0.005683,0,0.000014,0.000144,0.500000,0.568E-05,0.424E-06
B51113,1,0,0,1,0,1,0,1,0,0.000104,0.016429,0,0.000011,0.000104,0.500000,0.000016,0.003188
B51125,1,0,0,1,0,1,0,1,0,0.000142,0.022318,0,0.000014,0.000142,0.500000,0.000022,0.002628
B51139,1,0,0,1,0,1,0,1,0,0.000149,0.023522,0,0.000015,0.000149,0.500000,0.000023,0.004270
B51141,1,0,0,1,0,1,0,1,0,0.000091,0.004166,0,0.887E-05,0.000091,0.500000,0.417E-05,0.285E-06
B51157,1,0,0,1,0,1,0,1,0,0.000073,0.011567,0,0.735E-05,0.000073,0.500000,0.000011,0.003482
B51161,1,0,0,1,0,1,0,1,0,0.000396,0.013502,0,0.000040,0.000396,0.500000,0.000013,0.524E-06
B51163,1,0,0,1,0,1,0,1,0,0.000154,0.024317,0,0.000016,0.000154,0.500000,0.000024,0.004233
B51165,1,0,0,1,0,1,0,1,0,0.000102,0.016156,0,0.989E-05,0.000102,0.500000,0.000016,0.006782
B51167,1,0,0,1,0,1,0,1,0,0.000273,0.010445,0,0.000027,0.000273,0.500000,0.000011,0.525E-06
B51169,1,0,0,1,0,1,0,1,0,0.000333,0.012970,0,0.000033,0.000333,0.500000,0.000013,0.404E-06
B51171,1,0,0,1,0,1,0,1,0,0.000134,0.021065,0,0.000013,0.000134,0.500000,0.000021,0.004475
B51173,1,0,0,1,0,1,0,1,0,0.000161,0.007773,0,0.000016,0.000161,0.500000,0.778E-05,0.267E-06
B51185,1,0,0,1,0,1,0,1,0,0.000270,0.010334,0,0.000027,0.000270,0.500000,0.000011,0.538E-06
B51187,1,0,0,1,0,1,0,1,0,0.000146,0.023045,0,0.000015,0.000146,0.500000,0.000023,0.005348
B51191,1,0,0,1,0,1,0,1,0,0.000133,0.006391,0,0.000013,0.000133,0.500000,0.639E-05,0.272E-06
B51197,1,0,0,1,0,1,0,1,0,0.000514,0.015811,0,0.000051,0.000514,0.500000,0.000015,0.565E-06
B54023,1,0,0,1,0,1,0,1,0,0.001193,0.187866,0,0.000119,0.001193,0.500000,0.000188,0.005902
B54031,1,0,0,1,0,1,0,1,0,0.000590,0.092855,0,0.000059,0.000590,0.500000,0.000093,0.007325
B54057,1,0,0,1,0,1,0,1,0,0.001382,0.217641,0,0.000138,0.001382,0.500000,0.000218,0.005941
B54071,1,0,0,1,0,1,0,1,0,0.000762,0.119985,0,0.000076,0.000762,0.500000,0.000120,0.003922
C42009,1,0,0,1,0,1,0,1,0,0.000197,0.031018,0,0.000020,0.000197,0.500000,0.000031,0.006956
C51015,1,0,0,1,0,1,0,1,0,0.000089,0.014094,0,0.885E-05,0.000089,0.500000,0.000014,0.005493
C51071,1,0,0,1,0,1,0,1,0,0.000273,0.012166,0,0.000027,0.000273,0.500000,0.000012,0.465E-06
C51165,1,0,0,1,0,1,0,1,0,0.000102,0.016188,0,0.989E-05,0.000102,0.500000,0.000016,0.004329
B51195,1,0,0,1,0,1,0,1,0,0.000154,0.005957,0,0.000015,0.000154,0.500000,0.595E-05,0.412E-06
end,,,,,,,,,,,,,,,,,
