riverseg, landseg, area (acres) ***
BS0_8441_0000,A51027,5313.31
BS0_8441_0000,A51051,8338.81
BS1_8140_0000,A51027,56457.49
BS1_8730_8540,A51051,16806.84
BS1_8730_8540,A51195,23616.11
BS2_8590_8440,A51027,43028.28
BS2_8590_8440,A51051,55333.4
BS3_8330_0000,A51027,12248.36
BS3_8350_8330,A51027,184765.17
BS3_8580_8440,A51051,65026.55
BS3_8580_8440,A51195,3179.86
BS4_8060_0000,A51027,6137.08
BS4_8440_8441,A51027,14574.73
BS4_8440_8441,A51051,11198.6
BS4_8540_8441,A51051,54286.65
BS4_8540_8441,A51195,49333.87
DE0_2590_0000,A10003,6507.15
DE0_2600_0000,A10003,14636.01
DE0_2610_0000,A10003,9327.94
DE0_2640_0000,A10003,13467.35
DE0_2690_0000,A10003,29524.79
DE0_2710_0000,A10003,43210.56
DE0_2710_0000,A24015,5222.29
DE0_2800_0000,A10003,3807.64
DE0_2850_0000,A10003,6424.34
DE0_2870_0000,A10003,355.87
DE0_2920_0000,A10003,7007.73
DE0_2960_0000,A10003,6873.59
DE0_2990_0000,A10003,28224.46
DE0_3110_0000,A10003,29671
DE0_3260_0000,A10003,19810.44
DE0_3280_0000,A10003,1570.04
DE0_3310_0000,A10003,4475.08
DE0_3380_0000,A10001,18949.19
DE0_3380_0000,A10003,21936.33
DE0_3410_0000,A10001,66477.09
DE0_3790_0000,A10001,37172.49
DE0_3791_0001,A10001,20430.77
DE0_3840_0000,A10001,14950.93
DE0_4140_0000,A10001,55041.91
DE0_4141_0001,A10001,13285.41
DE0_4230_0000,A10001,25086.34
DE0_4230_0000,A10005,21016.79
DE0_4231_0001,A10001,2801.68
DE0_4350_0000,A10005,33683.67
DE0_4520_0000,A10005,68869.3
DE0_4570_0000,A10005,10815.92
DE0_4680_0000,A10005,37784.91
DE0_4800_0000,A10005,54514.94
DE0_4850_0000,A10005,46892.93
DE0_4990_0000,A10005,9874.8
DE0_5020_0000,A10005,22127.75
DE0_5020_0000,A24047,7399.49
DE0_5021_0000,A10005,2143.06
DE0_5170_0000,A10005,6444.45
DE0_5170_0000,A24047,34674.49
DE0_5410_0000,A24047,28245.32
DE0_5420_0000,A24047,7940.02
DE0_5650_0000,A24047,44534.7
DE0_5650_0000,A51001,48300.99
DE0_6210_0000,A51001,10067.13
DE0_6310_0000,A51001,64345.04
DE0_6630_0000,A51001,57044.26
DE0_6630_0000,A51131,43074.13
DE0_6980_0000,A51131,40278.38
DE0_7130_0000,A51131,52827.43
EL0_4560_4562,A10001,7558.64
EL0_4560_4562,A10005,18511.05
EL0_4561_4562,A10005,19331.63
EL0_4562_0001,A10005,6204.46
EL0_4591_0000,A10005,729.02
EL0_4591_0000,A24011,16446.82
EL0_4591_0000,A24019,38611.25
EL0_4592_0000,A24019,9787.62
EL0_4593_0000,A24019,8756.66
EL0_4593_0000,A24045,6843.85
EL0_4594_0000,A10005,6010.96
EL0_4594_0000,A24045,12328.26
EL0_4595_0000,A24045,15181.55
EL0_4596_0000,A24045,5942.13
EL0_4597_0000,A10005,1243.1
EL0_4597_0000,A24045,10732.42
EL0_4598_0000,A24019,7489.34
EL0_4598_0000,A24045,5899.49
EL0_4631_0000,A10005,24525.05
EL0_4632_0000,A10005,40618.22
EL0_4633_0000,A10005,76414.34
EL0_4633_0000,A24045,1742.61
EL0_4892_0000,A24019,2051.87
EL0_5040_0000,A24045,15725.16
EL0_5151_0000,A24019,60178.29
EL0_5262_0000,A24019,1037.95
EL0_5271_0000,A24047,20226.13
EL0_5280_0000,A24019,78475.11
EL0_5281_0000,A24019,17274.39
EL0_5282_0000,A24019,3490.59
EL0_5283_0000,A24019,5054.35
EL0_5284_0000,A24019,6893.44
EL0_5285_0000,A24019,852.15
EL0_5400_0001,A10005,1359.14
EL0_5400_0001,A24045,23255.97
EL0_5590_0000,A24019,12478.69
EL0_5760_0000,A24045,38015.98
EL0_5761_0000,A24039,3689.66
EL0_5761_0000,A24045,30931.68
EL0_5762_0000,A24039,12035.8
EL0_5762_0000,A24045,7854.88
EL0_5763_0000,A24039,19692.64
EL0_5764_0000,A24045,288.78
EL0_5765_0000,A24039,1773.39
EL0_5766_0000,A24019,169.52
EL0_5890_0000,A24019,4714.04
EL0_5890_0000,A24039,8538.38
EL0_5891_0000,A24039,3850.8
EL0_5892_0000,A24039,7829.74
EL0_5893_0000,A24039,4564.38
EL0_5894_0000,A24039,2014.09
EL0_5895_0000,A51001,730.19
EL0_5896_0000,A51001,866.11
EL0_5973_0000,A51001,8896.36
EL0_6001_0000,A24039,36497.15
EL0_6002_0000,A24039,10731.2
EL0_6003_0000,A24039,21563.62
EL0_6004_0000,A24039,90.6
EL0_6010_0000,A24039,6115.36
EL0_6011_0000,A24039,8169.48
EL0_6190_0000,A51001,49210.3
EL0_6191_0000,A51001,10491.7
EL0_6480_0000,A51001,15851.37
EL0_6550_0000,A51001,14833.28
EL0_6610_0000,A51001,23906.16
EL0_6610_0000,A51131,25403.68
EL0_6920_0000,A51131,17026.33
EL0_7060_0000,A51131,11629.04
EL0_7220_0000,A51131,9961.83
EL1_5150_0001,A24019,10451.29
EL1_5430_0001,A24045,17878.63
EL1_5430_0001,A24047,11187.18
EL1_5570_0001,A24039,10622.5
EL1_5570_0001,A24045,2757.82
EL1_5570_0001,A24047,26421.54
EL1_5660_0000,A24047,14809.48
EL1_6000_0001,A24039,11912.26
EL2_4400_4590,A10001,30454.33
EL2_4590_0001,A10001,8950.74
EL2_4590_0001,A10005,22220.58
EL2_4590_0001,A24011,23505.65
EL2_4630_0000,A10005,53132.79
EL2_4630_0000,A24011,432.83
EL2_4630_0000,A24019,1369.03
EL2_4630_0000,A24045,189.07
EL2_4634_0000,A10005,25.98
EL2_4634_0000,A24019,9605.98
EL2_4634_0000,A24045,1272.44
EL2_5110_5270,A10005,22408.88
EL2_5110_5270,A24045,8515.89
EL2_5110_5270,A24047,5055.45
EL2_5270_0001,A24045,35855.62
EL2_5270_0001,A24047,46147.97
EL3_5870_0000,A24047,35844.98
EL3_5970_0000,A24039,8026.01
EL3_5970_0000,A24047,5062.59
EL3_5971_0000,A24039,11312.33
EL3_5971_0000,A24047,5464.89
EL3_5972_0000,A24047,13828.21
EL3_5972_0000,A51001,18692.82
EL3_5974_0000,A24039,17202.18
EM0_4322_0000,A24011,8233.97
EM0_4322_0000,A24019,7371.01
EM0_4323_0000,A24011,4942.38
EM0_4324_0000,A24011,6793.37
EM0_4324_0000,A24041,21593.44
EM0_4327_0000,A24011,5635.91
EM0_4551_0000,A24041,1203.92
EM0_4870_0000,A24041,11788.54
EM0_4871_0000,A24041,6631.13
EM0_4874_0000,A24041,23636.31
EM0_4875_0000,A24041,7452.93
EM0_4876_0000,A24041,4916.88
EM0_4880_0000,A24019,11108.27
EM0_4881_0000,A24019,9782
EM0_4882_0000,A24041,12311.62
EM0_4883_0000,A24019,9112.13
EM0_4884_0000,A24019,3344.84
EM0_4885_0000,A24019,11915.09
EM0_4886_0000,A24019,5307.13
EM0_4887_0000,A24019,816.36
EM0_4888_0000,A24019,3686.63
EM0_4889_0000,A24019,3512.34
EM0_4890_0000,A24019,2872.15
EM0_4891_0000,A24019,337.74
EM0_5260_0000,A24019,10367.4
EM0_5261_0000,A24019,6672.42
EM0_5263_0000,A24019,248.03
EM2_3980_0001,A10001,50232.26
EM2_3980_0001,A24011,20956.4
EM2_3980_0001,A24035,1942.99
EM2_4100_0001,A24011,21965.73
EM2_4100_0001,A24035,40292.84
EM2_4101_0000,A24011,13703.04
EM2_4101_0000,A24035,5847.34
EM2_4101_0000,A24041,15651.91
EM3_4320_0000,A24011,22893.02
EM3_4321_0000,A24011,18311
EM3_4325_0000,A24011,30579.59
EM3_4326_0000,A10001,12387.21
EM4_4740_0000,A24011,10870.46
EM4_4740_0000,A24041,15171.07
EU0_2940_0000,A24015,13752.34
EU0_2941_0000,A24015,3457.32
EU0_2985_0000,A24015,3279.62
EU0_3010_0000,A10003,7317.01
EU0_3010_0000,A24015,8782.21
EU0_3011_0000,A10003,3601.34
EU0_3011_0000,A24015,16.66
EU0_3050_0000,A24015,9758.43
EU0_3130_0000,A24015,5487.47
EU0_3131_0000,A24015,6330.47
EU0_3200_0000,A24015,9280.45
EU0_3201_0000,A10003,5658.89
EU0_3201_0000,A24015,7183.13
EU0_3202_0000,A24015,2503.44
EU0_3203_0000,A24015,7701.66
EU0_3300_0000,A24015,7946.31
EU0_3301_0000,A24015,3617.75
EU0_3302_0000,A24015,2032.51
EU0_3360_0000,A24015,7279.04
EU0_3360_0000,A24029,8644.96
EU0_3361_0000,A10003,5219.76
EU0_3361_0000,A24015,2848.24
EU0_3361_0000,A24029,2943.78
EU0_3362_0000,A24015,4830.4
EU0_3362_0000,A24029,10324.33
EU0_3363_0000,A24015,2323.5
EU0_3363_0000,A24029,9466.85
EU0_3364_0000,A24015,98.7
EU0_3570_0000,A24029,13671.73
EU0_3571_0000,A24029,7649.96
EU0_3572_0000,A24029,3371.3
EU0_3573_0000,A24029,8643.09
EU0_3700_0000,A24029,3865.13
EU0_3700_0000,A24035,7888.04
EU0_3720_0000,A24029,11195.69
EU0_3720_0000,A24035,6817.04
EU0_3721_0000,A24035,4691.56
EU0_3722_0000,A24035,15000.73
EU0_3724_0000,A24029,22173.67
EU0_3725_0000,A24029,4029.55
EU0_3830_0001,A24035,12858.13
EU0_4010_0000,A24029,7243.24
EU0_4011_0000,A24029,5791.82
EU0_4012_0000,A24029,2979.8
EU0_4013_0000,A24029,7900.88
EU0_4014_0000,A24029,6439.4
EU0_4015_0000,A24029,3712.13
EU0_4016_0000,A24029,1014.15
EU0_4030_0000,A24035,34825.23
EU0_4120_0000,A24029,3031.37
EU0_4120_0000,A24035,475.49
EU0_4121_0000,A24035,1426.57
EU0_4122_0000,A24029,10057.23
EU0_4122_0000,A24035,13015.39
EU0_4123_0000,A24029,654.94
EU0_4124_0000,A24035,424.56
EU0_4125_0000,A24029,1713.94
EU0_4260_0000,A24035,16917.55
EU0_4470_0000,A24035,15431.32
EU0_4470_0000,A24041,3594.02
EU0_4471_0000,A24035,7058.5
EU0_4472_0000,A24035,2566.19
EU0_4473_0000,A24035,8772.69
EU0_4474_0000,A24035,4880.64
EU0_4474_0000,A24041,5947.54
EU0_4475_0000,A24035,579.77
EU0_4475_0000,A24041,11412.79
EU0_4490_0000,A24035,1294.8
EU0_4491_0000,A24035,4058.47
EU0_4550_0000,A24041,3574.41
EU0_4610_0000,A24035,7004.86
EU0_4700_0000,A24041,16036.54
EU0_4872_0000,A24035,11595.83
EU0_4873_0000,A24041,11441.57
EU1_2650_0001,A24015,6884.29
EU1_2650_0001,A42029,27193
EU1_2810_0001,A24015,30652.75
EU1_2810_0001,A42029,5114.92
EU1_2980_0000,A24015,15698.69
EU1_2980_0000,A42029,7964.39
EU1_2981_0000,A10003,263.08
EU1_2981_0000,A24015,4137.46
EU1_2982_0000,A24015,2550.08
EU1_2983_0000,A10003,1291.68
EU1_2983_0000,A24015,4118.54
EU1_2984_0000,A24015,10035.51
EU2_3520_0001,A10001,18996.12
EU2_3520_0001,A10003,6601.92
EU2_3520_0001,A24029,23444.02
EU2_3520_0001,A24035,12810.88
GY0_3800_3801,A24023,38612.05
GY0_3800_3801,A42111,2355.24
GY0_3801_0000,A24023,20239.34
GY0_3950_3952,A24023,31200.68
GY0_3951_3952,A24023,33055.03
GY0_3951_3952,A54077,9521.82
GY0_3952_0000,A24023,31280.75
GY0_3952_0000,A54077,2329.14
GY0_4240_3951,A24023,40935.13
GY0_4530_4532,A24023,26213.9
GY0_4531_4532,A24023,25747.13
GY0_4531_4532,A54077,32306.01
GY0_4532_3951,A24023,19879.06
GY0_4532_3951,A54077,494.16
JA0_7291_7290,A51041,34860.01
JA0_7291_7290,A51145,6302.49
JA1_7600_7570,A51007,29044.72
JA1_7600_7570,A51135,71941.74
JA1_7640_7280,A51147,99348.41
JA2_7290_0001,A51041,73513.37
JA2_7290_0001,A51570,2086.37
JA2_7410_7470,A51007,72001.7
JA2_7410_7470,A51135,17853.59
JA2_7410_7470,A51147,466.21
JA2_7550_7280,A51011,63698.23
JA2_7550_7280,A51029,22790.72
JA2_7550_7280,A51049,12416.98
JA2_7550_7280,A51147,100954.63
JA2_7570_7480,A51007,24643.01
JA2_7570_7480,A51135,5974.16
JA4_7280_7340,A51007,50721.26
JA4_7280_7340,A51049,56031.19
JA4_7280_7340,A51135,2102.65
JA4_7280_7340,A51145,40120.38
JA4_7280_7340,A51147,15954.06
JA4_7340_7470,A51007,1018.42
JA4_7340_7470,A51041,8098.57
JA4_7340_7470,A51145,3835.04
JA4_7470_7480,A51007,17942.05
JA4_7470_7480,A51041,18077.57
JA5_7460_0000,A51041,9298.47
JA5_7460_0000,A51670,2229.34
JA5_7460_0000,A51149,3033.34
JA5_7480_0001,A51007,34097.24
JA5_7480_0001,A51041,36920.93
JA5_7480_0001,A51053,43600.96
JA5_7480_0001,A51135,8687.41
JA5_7520_0000,A51041,9252.46
JA5_7520_0000,A51570,2908.13
JA5_7520_0000,A51053,7024.51
JA5_7520_0000,A51730,9796.6
JA5_7520_0000,A51149,3206.86
JB0_7050_0000,A51036,32788.85
JB0_7050_0000,A51095,32583.96
JB0_7050_0000,A51127,3067.35
JB0_7051_0001,A51095,2864.68
JB0_7052_0001,A51095,1755.96
JB0_7052_0001,A51127,26237.39
JB0_7071_0000,A51041,57730.83
JB0_7071_0000,A51087,24036.18
JB0_7071_0000,A51760,19692.48
JB0_7072_0000,A51095,28762.76
JB0_7072_0000,A51181,35329.83
JB0_7072_0000,A51830,4200.37
JB0_7072_0000,A51199,116.28
JB0_7073_0000,A51036,5002.14
JB0_7073_0000,A51041,7784.3
JB0_7073_0000,A51087,31467.68
JB0_7074_0000,A51036,44348.82
JB0_7074_0000,A51041,469.02
JB0_7074_0000,A51670,4143.8
JB0_7074_0000,A51149,35713.37
JB0_7075_0000,A51670,225.58
JB0_7076_0000,A51041,6494.49
JB0_7270_0000,A51036,11725.8
JB0_7270_0000,A51149,35808.86
JB0_7270_0000,A51181,18412.77
JB0_7271_0000,A51036,676.65
JB0_7271_0000,A51181,6255.68
JB0_7381_0000,A51550,6421.51
JB0_7381_0000,A51710,8210.22
JB0_7381_0000,A51810,9369.01
JB0_7382_0000,A51550,36879.78
JB0_7382_0000,A51710,317.44
JB0_7382_0000,A51740,4972.84
JB0_7383_0000,A51550,13220.63
JB0_7383_0000,A51740,8751.64
JB0_7383_0000,A51800,2412.9
JB0_7390_0000,A51650,1603.46
JB0_7390_0000,A51093,67471.81
JB0_7390_0000,A51095,4806.79
JB0_7390_0000,A51700,36581.84
JB0_7390_0000,A51740,1643.7
JB0_7390_0000,A51800,8496.71
JB0_7390_0000,A51181,9265.31
JB0_7390_0000,A51199,7488.23
JB0_7391_0000,A51095,1510.97
JB0_7391_0000,A51199,140.83
JB0_7392_0000,A51181,955.63
JB0_7393_0000,A51710,6788.86
JB0_7394_0000,A51710,239.22
JB0_7395_0000,A51740,628.95
JB0_7396_0000,A51710,8833.6
JB0_7397_0000,A51740,3967.29
JB0_7398_0000,A51710,2409.43
JB0_7399_0000,A51740,1712.95
JB0_7580_0000,A51650,7272.99
JB0_7580_0000,A51700,2340.74
JB0_7660_0000,A51810,36159.95
JB0_7661_0000,A51710,7941.69
JB0_7661_0000,A51810,9022.17
JB0_7662_0000,A51810,1803.73
JB0_7760_0000,A51800,45773.63
JB1_8090_0001,A51093,4982.72
JB1_8090_0001,A51800,36017.85
JB2_7800_0001,A51093,29931.34
JB2_7800_0001,A51800,11537.76
JB3_6820_7053,A51036,11489.42
JB3_6820_7053,A51085,46660.41
JB3_6820_7053,A51087,73930.61
JB3_6820_7053,A51127,24639.91
JB3_6820_7053,A51760,4031.1
JB3_7053_0001,A51036,11592.38
JB3_7053_0001,A51127,20768.38
JL1_6560_6440,A51003,48645.31
JL1_6560_6440,B51003,11912.01
JL1_6560_6440,A51125,357.52
JL1_6760_6910,A51003,71364.92
JL1_6760_6910,A51065,2547.84
JL1_6770_6850,A51003,4193.88
JL1_6770_6850,B51003,293.66
JL1_6770_6850,A51125,24800.32
JL1_6770_6850,B51125,30195.14
JL1_6910_6960,A51065,14199.65
JL1_6940_7200,A51125,27082.77
JL1_6940_7200,B51125,32531.79
JL1_7080_7190,A51009,5456.22
JL1_7080_7190,B51009,15189.17
JL1_7080_7190,A51125,2707.59
JL1_7080_7190,B51125,6975.04
JL1_7170_6800,A51049,11734.39
JL1_7170_6800,A51145,39983.29
JL1_7190_7250,A51009,9067.56
JL1_7190_7250,A51125,5954.66
JL1_7200_7250,A51125,8373.95
JL1_7530_7430,A51011,37393.34
JL1_7530_7430,A51031,121.85
JL2_6240_6520,A51003,47334.94
JL2_6240_6520,B51003,1699.54
JL2_6240_6520,A51079,33043.47
JL2_6240_6520,B51079,26557.27
JL2_6240_6520,A51137,4599.14
JL2_6440_6441,A51003,32868.69
JL2_6440_6441,B51003,43950.3
JL2_6441_6520,A51003,33435.72
JL2_6850_6890,A51003,24158.05
JL2_6850_6890,A51125,74791.02
JL2_7110_7120,A51011,176.32
JL2_7110_7120,A51029,144709.69
JL2_7120_6970,A51029,12097.1
JL2_7240_7350,A51009,77050.35
JL2_7240_7350,B51009,15889.24
JL2_7240_7350,A51125,353.47
JL2_7250_7090,A51009,2593.47
JL2_7250_7090,A51125,11233.13
JL2_7350_7090,A51009,1586.24
JL2_7350_7090,A51125,3289.83
JL3_7020_7100,A51029,98080.09
JL3_7020_7100,A51049,80052.32
JL3_7090_7150,A51125,42235.46
JL4_6520_6710,A51003,96441.64
JL4_6520_6710,A51540,6567.89
JL4_6520_6710,A51065,51206.07
JL4_6520_6710,A51109,8716.61
JL4_6710_6740,A51065,43853.26
JL4_6710_6740,A51109,349.06
JL6_6740_7100,A51049,3922.75
JL6_6740_7100,A51065,35920.53
JL6_6740_7100,A51075,41078.21
JL6_6740_7100,A51109,1488.77
JL6_6890_6990,A51003,39151.98
JL6_6890_6990,A51029,21091.1
JL6_6960_6970,A51029,1695.31
JL6_6960_6970,A51065,17147.51
JL6_6970_6740,A51029,13978.78
JL6_6970_6740,A51049,6524.82
JL6_6970_6740,A51065,16734.48
JL6_6990_6960,A51029,10516.53
JL6_6990_6960,A51065,3742.18
JL6_7150_6890,A51029,28978.68
JL6_7150_6890,A51125,16860.01
JL6_7160_7440,A51009,52602.65
JL6_7160_7440,B51009,39340.04
JL6_7160_7440,A51019,17790.63
JL6_7160_7440,B51019,21471.35
JL6_7320_7150,A51011,14255.28
JL6_7320_7150,A51029,19541.86
JL6_7320_7150,A51125,10722.02
JL6_7430_7320,A51009,6152.12
JL6_7430_7320,A51011,22211.48
JL6_7430_7320,A51125,5075.21
JL6_7440_7430,A51009,81537.16
JL6_7440_7430,A51011,13649.26
JL6_7440_7430,B51019,29070.87
JL6_7440_7430,A51031,44305.06
JL6_7440_7430,A51680,31808.31
JL7_6800_7070,A51041,8192.98
JL7_6800_7070,A51075,127411.03
JL7_6800_7070,A51085,822.39
JL7_6800_7070,A51087,20482.66
JL7_6800_7070,A51109,1357.09
JL7_6800_7070,A51145,68467.72
JL7_6800_7070,A51760,2082.33
JL7_7030_6800,A51049,19665.56
JL7_7030_6800,A51075,9671.41
JL7_7030_6800,A51145,9231.87
JL7_7070_0001,A51041,5837.44
JL7_7070_0001,A51087,3551.94
JL7_7070_0001,A51760,13712.21
JL7_7100_7030,A51049,1479.84
JL7_7100_7030,A51075,660.2
JU1_6290_6590,A51017,691.83
JU1_6290_6590,A51091,37803.02
JU1_6300_6650,A51017,4338.25
JU1_6300_6650,B51017,444.92
JU1_6300_6650,A51091,19693.77
JU1_6300_6650,B51091,45965.1
JU1_6340_6650,B51017,1471.03
JU1_6340_6650,B51091,47080.83
JU1_6590_6600,A51017,10942.7
JU1_6880_7260,A51015,6334.66
JU1_6880_7260,B51015,10723.72
JU1_6880_7260,A51163,32070.9
JU1_6880_7260,B51163,26683.33
JU1_7560_7500,A51023,51776.31
JU1_7560_7500,A51045,197.37
JU1_7630_7490,A51045,59450.6
JU1_7630_7490,A51071,7530.41
JU1_7690_7490,A51045,52326.04
JU1_7690_7490,A51121,14365.21
JU1_7690_7490,A51161,4935.36
JU1_7750_7560,A51023,10105.2
JU1_7750_7560,A51161,11749.87
JU2_6410_6640,C51015,81798.82
JU2_6410_6640,A51163,8518.93
JU2_6600_6810,A51017,36221.01
JU2_6810_6900,A51017,4581.1
JU2_7140_7330,A51005,88484.43
JU2_7140_7330,A54063,19246.58
JU2_7180_7380,A51023,1656.53
JU2_7180_7380,A51163,83892.96
JU2_7360_7000,A51005,12979.53
JU2_7450_7360,A51005,47697.2
JU2_7450_7360,A51045,22059.67
JU2_7450_7360,A51071,154.13
JU2_7450_7360,A54063,29489.55
JU3_6380_6900,A51017,54602.57
JU3_6380_6900,A51091,46535.61
JU3_6640_6790,C51015,37945.6
JU3_6640_6790,B51017,26250.16
JU3_6640_6790,A51163,55993.92
JU3_6650_7300,A51005,32602.28
JU3_6650_7300,A51017,28180.07
JU3_6650_7300,B51017,114222.66
JU3_6650_7300,A51023,2297.5
JU3_6650_7300,A51163,555.46
JU3_6790_7260,A51015,17249.56
JU3_6790_7260,C51015,3236.06
JU3_6790_7260,A51678,1595.74
JU3_6790_7260,A51163,105041.6
JU3_6900_6950,A51005,9527.46
JU3_6900_6950,A51017,19688.33
JU3_6950_7330,A51005,37999.04
JU3_6950_7330,A51017,24248.8
JU3_6950_7330,A51580,730
JU3_7400_7510,A51005,1532.53
JU3_7400_7510,A51023,26098.4
JU3_7490_7400,A51023,23093.67
JU3_7490_7400,A51045,48672.76
JU4_7000_7300,A51005,51325.76
JU4_7000_7300,A51017,4155.18
JU4_7000_7300,B51017,12010.33
JU4_7000_7300,A51023,281.34
JU4_7000_7300,A51580,985.97
JU4_7260_7380,A51530,4372.5
JU4_7260_7380,A51163,12206.07
JU4_7260_7380,B51163,11640.1
JU4_7330_7000,A51005,4781.58
JU4_7330_7000,A51580,1898.47
JU4_7380_7160,A51163,6470.51
JU4_7380_7160,B51163,2278.18
JU5_7300_7510,A51005,258.26
JU5_7300_7510,A51023,54055.01
JU5_7300_7510,A51163,730.93
JU5_7420_7160,A51023,24044.19
JU5_7420_7160,B51023,27428.66
JU5_7420_7160,A51163,23191.32
JU5_7420_7160,B51163,15299.7
JU5_7500_7420,A51023,59699.27
JU5_7500_7420,B51023,11641.92
JU5_7510_7500,A51023,13123.36
KU0_8980_0000,A51035,20974.88
KU0_8980_0000,B51035,21803.87
KU0_8980_0000,A51141,25095.19
KU0_8980_0000,B51141,7052.94
MN0_7790_0000,A51810,2697.42
MN0_7870_0000,A51810,66709.57
MN0_8040_0000,A51550,54289.42
MN0_8040_0000,A51800,57176.09
MN0_8300_0001,A51800,14526.51
MN1_7590_7860,A51093,30102.33
MN1_7590_7860,A51181,25314.88
MN1_7620_7710,A51053,73092.3
MN1_7620_7710,A51730,159.7
MN1_7620_7710,A51149,1366.43
MN1_7620_7710,A51183,4915.62
MN1_7730_8160,A51175,25694.66
MN1_7730_8160,A51183,43665.91
MN1_7990_8100,A51037,3552.68
MN1_7990_8100,A51111,31288.67
MN1_8240_0000,A51800,61633.05
MN2_7720_7830,A51053,70292.22
MN2_7720_7830,A51135,1154.81
MN2_7830_7950,A51053,68727.36
MN2_7830_7950,A51183,16908.58
MN2_7850_0000,A51550,43079.1
MN2_7850_0000,A51810,62577.5
MN2_8100_8190,A51037,2250.11
MN2_8100_8190,A51111,61163.6
MN2_8250_8190,A51037,6564.19
MN2_8250_8190,A51111,34311.02
MN2_8250_8190,A51117,26066.08
MN2_8530_8510,A37131,2344.49
MN2_8530_8510,A51025,35935
MN2_8530_8510,A51081,5646.41
MN3_7540_7680,A51053,2227.85
MN3_7540_7680,A51730,4901.53
MN3_7540_7680,A51149,67893.93
MN3_7540_7680,A51181,70457.99
MN3_7540_7680,A51183,39796.1
MN3_7680_7860,A51093,3909
MN3_7680_7860,A51175,7198.18
MN3_7680_7860,A51181,10734.9
MN3_7680_7860,A51183,487.68
MN3_7770_7930,A51025,22460.85
MN3_7770_7930,A51053,18469.46
MN3_7770_7930,A51111,64103.13
MN3_7770_7930,A51135,94592.39
MN3_7770_7930,A51147,9468.82
MN3_7860_8080,A51093,26520.93
MN3_7860_8080,A51175,12304.79
MN3_7930_8010,A51025,78073.69
MN3_7930_8010,A51053,38561.22
MN3_7930_8010,A51081,17371.48
MN3_7930_8010,A51111,401.45
MN3_7930_8010,A51183,22667.97
MN3_8010_7950,A51183,7945.71
MN3_8150_0000,A51550,68439.69
MN3_8150_0000,A51810,2173.26
MN3_8190_8260,A51025,57954.46
MN3_8190_8260,A51111,81460.88
MN3_8190_8260,A51117,41952.63
MN4_7710_8161,A51053,2499.11
MN4_7710_8161,A51149,23439.43
MN4_7710_8161,A51175,12679.62
MN4_7710_8161,A51183,125236.12
MN4_7810_8080,A51175,48311.65
MN4_7810_8080,A51181,2239.3
MN4_7810_8080,A51183,15467.56
MN4_7950_7710,A51183,7292.81
MN4_8080_8110,A51093,20300.34
MN4_8080_8110,A51175,2731.42
MN4_8080_8110,A51800,1148.05
MN4_8110_0000,A51620,4501.21
MN4_8110_0000,A51093,21316.24
MN4_8110_0000,A51175,32308.1
MN4_8110_0000,A51800,22542.4
MN4_8260_8400,A51025,112500.52
MN4_8260_8400,A51595,1034.76
MN4_8260_8400,A51081,12384.52
MN4_8260_8400,A51111,4046.47
MN4_8380_0000,A51081,814.78
MN4_8380_0000,A51175,72613.3
MN4_8400_8380,A51595,3267.76
MN4_8400_8380,A51081,28129.24
MN4_8400_8380,A51175,9283.66
MN4_8510_8380,A37131,28059.52
MN4_8510_8380,A51025,4016.71
MN4_8510_8380,A51081,77680.24
MN5_8160_0000,A51620,806.36
MN5_8160_0000,A51175,96017.15
MN5_8161_8160,A51175,15902.42
MN5_8230_8161,A51025,10050.39
MN5_8230_8161,A51595,187.02
MN5_8230_8161,A51081,47837.73
MN5_8230_8161,A51175,50530.61
MN5_8230_8161,A51183,31089.93
NR0_8310_0000,A51185,61670.02
NR0_8310_0000,B51185,20447.82
NR1_7880_8050,A51071,28199.43
NR1_7880_8050,B51071,1574.52
NR1_7880_8050,A54063,303.06
NR1_8030_8051,A51071,957.64
NR1_8030_8051,B51071,2323.19
NR1_8030_8051,A54063,30907.65
NR1_8820_8760,B51077,377.7
NR1_8820_8760,A51173,15703.01
NR1_8820_8760,B51173,5305.53
NR1_8820_8760,A51197,51076.62
NR1_8820_8760,B51197,16398.13
NR1_8960_8870,A51077,33161.02
NR1_8960_8870,B51077,20604.76
NR1_9030_9080,A51077,13312.47
NR1_9030_9080,B51077,35556.53
NR1_9150_9050,A37005,15888.03
NR1_9150_9050,B37005,55661.12
NR1_9150_9050,A51077,6746.49
NR2_8210_8180,A51021,84942.59
NR2_8210_8180,B51071,1201.45
NR2_8210_8180,C51071,15603.26
NR2_8210_8180,A51185,41065.1
NR2_8600_8700,A51173,653.62
NR2_8600_8700,A51197,163974.64
NR2_9250_9170,A37009,79868.16
NR2_9250_9170,B37009,4620.25
NR2_9250_9170,A37189,7797.14
NR3_8290_8170,A51021,114016.36
NR3_8290_8170,B51071,8393.33
NR3_8290_8170,C51071,37126.62
NR3_8290_8170,A51155,18565.22
NR3_8420_8430,A51063,166883.63
NR3_8420_8430,A51121,21790.76
NR3_8420_8430,A51155,11260.43
NR3_8430_7820,A51121,21342.66
NR3_8430_7820,A51155,3772.52
NR3_8690_8500,A51035,111883.59
NR3_8690_8500,A51063,55426.88
NR3_8690_8500,B51141,108.17
NR3_8690_8500,A51155,9028.81
NR3_8690_8500,A51197,377.48
NR3_8740_8500,A51035,45763.85
NR3_8740_8500,A51155,1976.66
NR3_8740_8500,A51197,5504.09
NR3_9170_9130,A37009,11762.78
NR3_9170_9130,B37009,26752.06
NR3_9170_9130,A51077,667.46
NR3_9170_9130,B51077,17022.18
NR3_9190_9170,A37009,22516.8
NR3_9190_9170,B37009,5529.19
NR3_9190_9170,B51077,7370.13
NR3_9240_9130,A37005,16979.45
NR3_9240_9130,B37005,10411.18
NR3_9240_9130,A37009,14049.49
NR3_9240_9130,B37009,40781.97
NR3_9310_9240,A37009,28171.93
NR3_9310_9240,B37009,33046.57
NR3_9310_9240,A37189,66037.27
NR4_9130_9080,B37005,4578.48
NR4_9130_9080,B37009,4039.49
NR4_9130_9080,A51077,14186.75
NR4_9130_9080,B51077,16242.48
NR5_8700_8640,A51197,9253.11
NR5_8760_8640,A51035,10267.87
NR5_8760_8640,A51197,27083.95
NR5_8870_8760,B37005,1280.95
NR5_8870_8760,A51035,94981.85
NR5_8870_8760,A51640,5265.74
NR5_8870_8760,A51077,47466.26
NR5_8870_8760,B51077,1585.26
NR5_8870_8760,A51197,3024.09
NR5_8870_8760,B51197,856.46
NR5_9050_8870,A51077,17008.7
NR5_9050_8870,B51077,1838.09
NR5_9080_9050,A37005,2139.22
NR5_9080_9050,B37005,29690.39
NR5_9080_9050,A51077,34606.18
NR5_9080_9050,B51077,14355.34
NR6_7820_7960,A51045,28611.81
NR6_7820_7960,A51071,45757.22
NR6_7820_7960,B51071,16486.64
NR6_7820_7960,A51121,70001.37
NR6_7820_7960,A51155,52945.89
NR6_7820_7960,A51750,6553.87
NR6_7960_8050,A51071,1278.38
NR6_7960_8050,B51071,3474.72
NR6_8000_0000,B51071,4637.88
NR6_8050_8051,A51071,6420.03
NR6_8050_8051,B51071,6745.46
NR6_8050_8051,C51071,3273.13
NR6_8051_8000,A51071,594.06
NR6_8051_8000,B51071,4355.63
NR6_8051_8000,C51071,2972.85
NR6_8170_7960,B51071,8064.08
NR6_8170_7960,C51071,13783.04
NR6_8180_8051,B51071,2523.12
NR6_8180_8051,C51071,7576.26
NR6_8500_7820,A51155,104412.91
NR6_8500_7820,A51197,8807.13
NR6_8640_8500,A51155,9404.63
NR6_8640_8500,A51197,8083.1
OD1_8910_8930,A37169,1015.82
OD1_8910_8930,A51141,46392.28
OD1_8910_8930,B51141,7181.9
OD1_9270_9110,A37067,29754.23
OD1_9270_9110,A37169,54928.45
OD2_8560_8630,A51063,2673.87
OD2_8560_8630,A51067,31508.56
OD2_8560_8630,B51067,10486.46
OD2_8560_8630,A51089,5015.04
OD2_8560_8630,A51141,64392.89
OD2_8560_8630,B51141,23159.96
OD2_8670_8890,A51089,9957.52
OD2_8670_8890,A51143,61507.99
OD2_8830_8710,A37145,43663.46
OD2_8830_8710,A51083,10761.7
OD2_8840_9020,A37169,9559.99
OD2_8840_9020,A37171,3562.19
OD2_8840_9020,A51141,29935.7
OD2_8840_9020,B51141,32235.22
OD2_8920_8830,A37001,365.65
OD2_8920_8830,A37033,61333.92
OD2_8920_8830,A37135,6161.85
OD2_8920_8830,A37145,62330.84
OD3_8340_8520,A51083,103198.2
OD3_8340_8520,A51143,246652.96
OD3_8520_8621,A51083,32185.91
OD3_8630_8720,A51067,26386.05
OD3_8630_8720,A51089,73261.2
OD3_8630_8720,A51690,3493.41
OD3_8630_8720,A51141,2188.87
OD3_8710_8470,A37077,668.65
OD3_8710_8470,A37145,41401.21
OD3_8710_8470,A51083,47430.89
OD3_8720_8900,A37157,6891.14
OD3_8720_8900,A51089,100360.23
OD3_8720_8900,A51690,3551.01
OD3_8850_8931,A51089,34511.93
OD3_8850_8931,A51141,35758.78
OD3_8930_8931,A37157,243.49
OD3_8930_8931,A37169,9931.99
OD3_8930_8931,A51089,4090.08
OD3_8930_8931,A51141,22939.4
OD3_8931_9140,A37157,30895.15
OD3_8931_9140,A37169,5288.42
OD3_8931_9140,A51089,2789.55
OD3_9020_9110,A37169,131109.89
OD3_9020_9110,A37171,5874.34
OD3_9020_9110,A51141,14529.6
OD4_8990_8900,A37157,56703.23
OD4_8990_8900,A51089,5691.28
OD4_9110_9140,A37067,27515.51
OD4_9110_9140,A37081,6966.78
OD4_9110_9140,A37157,27963.31
OD4_9110_9140,A37169,36210.7
OD4_9140_8990,A37081,281.19
OD4_9140_8990,A37157,56339.24
OD5_8770_8780,A37033,88935.28
OD5_8770_8780,A37157,38603.3
OD5_8770_8780,A51590,19602.85
OD5_8770_8780,A51143,53687.9
OD5_8780_8660,A37033,5088.44
OD5_8780_8660,A37145,2500.44
OD5_8780_8660,A51083,34296.66
OD5_8780_8660,A51143,26148.42
OD5_8890_8770,A51590,3121.37
OD5_8890_8770,A51143,2648.74
OD5_8900_8770,A37033,6745.59
OD5_8900_8770,A37157,77832.57
OD5_8900_8770,A51590,5326.26
OD5_8900_8770,A51089,2824.33
OD5_8900_8770,A51143,41607.06
OD5_8940_8780,A37033,86041.2
OD5_8940_8780,A37157,1778.31
OD6_8621_8470,A51083,9576.55
OD6_8660_8621,A51083,113692.72
OD6_8660_8621,A51143,17755.15
OR1_7700_7980,A51011,29429.4
OR1_7700_7980,A51037,33025.13
OR1_8280_8020,A51063,19166.71
OR1_8280_8020,A51121,36382.16
OR1_8280_8020,B51161,12364.99
OR1_8320_8271,A51067,50157.86
OR1_8320_8271,B51067,23095.67
OR2_7610_7780,A51019,24822.36
OR2_7610_7780,A51515,4440.63
OR2_7610_7780,B51019,157686.29
OR2_7610_7780,A51031,14586.99
OR2_7650_8070,A51019,39332.66
OR2_7650_8070,B51019,80412.98
OR2_7650_8070,A51023,153.02
OR2_7670_7840,A51011,27429.61
OR2_7670_7840,A51031,76133.54
OR2_7780_7890,B51019,323.68
OR2_7780_7890,A51031,46325.57
OR2_7840_7970,A51011,5987.43
OR2_7840_7970,A51031,39976.85
OR2_7840_7970,A51037,1605.81
OR2_7900_7740,A51161,40949.62
OR2_7900_7740,A51770,9287.53
OR2_7900_7740,B51161,2679.52
OR2_7900_7740,A51775,9309.83
OR2_8020_8130,A51121,83270.34
OR2_8020_8130,A51161,11127.35
OR2_8020_8130,B51161,385.75
OR2_8070_8120,B51019,42293.17
OR2_8070_8120,A51031,2627.41
OR2_8130_7900,A51121,1643.37
OR2_8130_7900,A51161,11198.69
OR2_8130_7900,B51161,4322.45
OR2_8450_8490,A51117,68837.7
OR2_8460_8271,A51067,168463.23
OR2_8460_8271,B51067,4395.71
OR2_8460_8271,A51089,7508.41
OR2_8460_8271,A51143,44103.65
OR3_7740_8271,A51023,42102.51
OR3_7740_8271,B51023,1848.68
OR3_7740_8271,A51161,16932.57
OR3_7740_8271,A51770,18054.45
OR3_7740_8271,B51161,5611.55
OR4_8120_7890,A51031,13763.25
OR4_8120_7890,A51143,32228.15
OR4_8271_8120,A51019,9303.25
OR4_8271_8120,B51019,69821.69
OR4_8271_8120,A51031,2318.72
OR4_8271_8120,A51067,123091.15
OR4_8271_8120,B51067,17820.26
OR4_8271_8120,A51143,58239.32
OR4_8271_8120,A51161,16414.28
OR4_8271_8120,A51770,123.17
OR4_8271_8120,B51161,21842.71
OR5_7890_7970,A51031,80185.4
OR5_7890_7970,A51083,16877.5
OR5_7890_7970,A51143,41524.47
OR5_7910_8410,A51037,140098.74
OR5_7910_8410,A51147,134.55
OR5_7970_8200,A51031,4300.92
OR5_7970_8200,A51037,25810.33
OR5_7970_8200,A51083,55790.86
OR5_7980_8200,A51037,32984.55
OR5_8200_8370,A51037,11665.06
OR5_8200_8370,A51083,13208.36
OR5_8370_8410,A51037,1910.5
OR5_8370_8410,A51083,12012.81
OR5_8410_8470,A51037,26812.99
OR5_8410_8470,A51083,59809.12
OR5_8410_8470,A51117,408.85
OR7_8470_8490,A37077,111400.22
OR7_8470_8490,A37145,5407.04
OR7_8470_8490,A37181,89723.56
OR7_8470_8490,A37185,3998.5
OR7_8470_8490,A51037,19374.22
OR7_8470_8490,A51083,22035.36
OR7_8470_8490,A51117,193956.72
OR7_8490_0000,A51025,43430.66
OR7_8490_0000,A51117,103530.32
PL0_4510_0001,A11001,1651.21
PL0_4510_0001,A24031,25871.29
PL0_4510_0001,A24033,5849.23
PL0_4961_0000,A24033,16731.29
PL0_5000_0001,A51510,3179.7
PL0_5000_0001,A51059,18231.83
PL0_5000_0001,A51610,858.59
PL0_5010_5130,A51059,11758.61
PL0_5010_5130,A51600,3561.12
PL0_5070_0001,A24033,24959.19
PL0_5090_0000,A51510,3375.08
PL0_5090_0000,A51059,2873.48
PL0_5131_0000,A51059,25602.39
PL0_5131_0000,A51600,142.61
PL0_5141_5140,A51061,34270.73
PL0_5141_5140,A51153,13381.25
PL0_5251_0000,A51059,12944.45
PL0_5251_0000,A51153,20274.87
PL0_5252_0000,A51059,424.22
PL0_5253_0000,A51059,172.71
PL0_5290_0000,A24017,2012.83
PL0_5290_0000,A24033,2960.63
PL0_5390_0000,A24017,5845.84
PL0_5390_0000,A24033,1632.19
PL0_5391_0000,A24017,6506.61
PL0_5392_0000,A24017,6768.79
PL0_5440_0000,A24017,15087.27
PL0_5450_0000,A24017,15864.2
PL0_5490_0001,A51153,12597.76
PL0_5491_0000,A51153,16926.2
PL0_5492_0000,A51153,2444.14
PL0_5493_0000,A51153,9294.35
PL0_5493_0000,A51179,16341.48
PL0_5494_0000,A51179,1007.4
PL0_5495_0000,A51179,612.08
PL0_5496_0000,A51153,610.59
PL0_5510_0001,A24017,24938.86
PL0_5510_0001,A24037,2819.14
PL0_5530_5710,A24017,7198.4
PL0_5540_5490,A51153,4725.05
PL0_5580_0000,A24017,14260.03
PL0_5581_0000,A24017,9018.37
PL0_5582_0000,A24017,8992.86
PL0_5583_0000,A24017,6734.04
PL0_5584_0000,A24017,12948.41
PL0_5585_0000,A24017,6960.66
PL0_5670_0000,A24017,6012.8
PL0_5670_0000,A24037,10524.47
PL0_5671_0000,A24017,10054.5
PL0_5671_0000,A24037,2022.12
PL0_5672_0000,A24037,19314.42
PL0_5710_0001,A24017,2391.18
PL0_5720_0001,A24017,9670.35
PL0_5730_5690,A51061,2661.57
PL0_5730_5690,A51179,19432.43
PL0_5750_0001,A24037,11877.75
PL0_5790_0000,A24017,17538.64
PL0_5791_0000,A24017,2389.34
PL0_5830_0001,A24037,18775.76
PL0_5850_0000,A51179,18414.92
PL0_5851_0000,A51179,135.43
PL0_5860_0000,A24017,1790.53
PL0_5900_0000,A51099,8802.67
PL0_5900_0000,A51179,52979.46
PL0_5901_0000,A51099,526.7
PL0_5902_0000,A51099,2714.2
PL0_5903_0000,A51099,324.84
PL0_5904_0000,A51099,6268.89
PL0_5920_0000,A51099,34628.81
PL0_5921_0000,A51099,896.64
PL0_5922_0000,A51099,1447
PL0_5923_0000,A51099,543.7
PL0_5930_0000,A24017,8011.94
PL0_5950_0000,A24037,10073.37
PL0_5951_0000,A24037,4379.77
PL0_5952_0000,A24037,3353.13
PL0_5960_0000,A24037,10284.75
PL0_5961_0000,A24037,2421.28
PL0_5962_0000,A24037,3769.26
PL0_5980_0000,A24037,7313.64
PL0_5981_0000,A24037,10831.24
PL0_5982_0000,A24037,11580.86
PL0_5983_0000,A24037,1044.58
PL0_6020_0000,A24037,4011.32
PL0_6060_0000,A24037,13079.15
PL0_6100_0000,A51099,15798.18
PL0_6100_0000,A51193,28874.5
PL0_6101_0000,A51193,5553.28
PL0_6110_0000,A24037,8078.5
PL0_6130_0000,A51193,49298.27
PL0_6131_0000,A51193,1220.81
PL0_6140_0000,A51133,16160.01
PL0_6140_0000,A51193,19988.17
PL0_6141_0000,A51193,2174.65
PL0_6270_0000,A51133,33810.95
PL0_6271_0000,A51133,9983.4
PL0_6272_0000,A51133,2386.78
PL1_4460_4780,A11001,864.76
PL1_4460_4780,A24031,39067.87
PL1_4540_0001,A24031,13137.6
PL1_4540_0001,A24033,34893.63
PL1_4780_0001,A11001,5265.82
PL1_4780_0001,A24031,205.42
PL1_5060_0000,A24033,14934.29
PL1_5061_0000,A24033,3681.32
PL1_5130_0001,A51059,16949.63
PL1_5230_0001,A24017,19884.56
PL1_5230_0001,A24033,15655.92
PL1_5370_5470,A51061,59634.15
PL1_5690_0001,A51153,497.82
PL1_5690_0001,A51179,13103.47
PL1_5910_0001,A24037,15708.08
PL2_4810_0000,A11001,9841.05
PL2_4810_0000,A24033,11075.61
PL2_4811_0000,A24033,1972.2
PL2_4811_0000,A11001,237.21
PL2_4945_0004,A11001,12803.3
PL2_4970_5250,A51059,52867.35
PL2_4970_5250,A51600,181.89
PL2_4970_5250,A51061,732.68
PL2_4970_5250,A51107,18094.18
PL2_4970_5250,A51683,2775.57
PL2_4970_5250,A51685,1618.84
PL2_4970_5250,A51153,48248.61
PL2_5140_5360,A51061,5960.57
PL2_5140_5360,A51683,3339.32
PL2_5140_5360,A51153,31448.63
PL2_5300_5630,A24017,46687.16
PL2_5300_5630,A24033,4656.16
PL2_5470_5360,A51061,35530.91
PL2_5470_5360,A51153,30233.09
PL2_5630_0001,A24017,4864.57
PL2_5800_0000,A24017,4116.66
PL3_5250_0001,A51059,12789.22
PL3_5250_0001,A51153,9676.21
PL3_5360_5250,A51683,302.86
PL3_5360_5250,A51153,18088.47
PL7_4910_0000,A11001,2405.83
PL7_4911_0000,A51013,4632.76
PL7_4911_0000,A51059,6359.78
PL7_4940_0000,A11001,1255.76
PL7_4941_0000,A51013,3442.14
PL7_4942_0000,A11001,166.05
PL7_4960_0000,A11001,3654.31
PL7_4960_0000,A24033,6876.14
PL7_4962_0000,A51510,1675.66
PL7_4962_0000,A51013,8334.11
PL7_4962_0000,A51059,1285.41
PL7_4962_0000,A51610,411.48
PL7_4963_0000,A51510,253.66
PL7_4964_0000,A51510,23.22
PL7_4964_0000,A51013,455
PL7_4965_0000,A51510,791
PL7_4980_0000,A51510,390.89
PL7_4980_0000,A24033,5958.78
PL7_4981_0000,A51059,18976.9
PL7_4982_0000,A51059,591.05
PL7_4983_0000,A51059,424.89
PL7_4984_0000,A51059,90.52
PM0_4640_4820,A24031,16425.84
PM1_3120_3400,A24013,68969.85
PM1_3450_3400,A24013,35849.03
PM1_3450_3400,A24021,17476.47
PM1_3510_4000,B24021,42968.39
PM1_3710_4040,A24013,5431.81
PM1_3710_4040,A24021,51552.55
PM1_4000_4290,B24021,34025.52
PM1_4250_4500,A24031,65163.83
PM1_4430_4200,A51107,59210.02
PM1_4500_4580,A24031,17575.58
PM2_2860_3040,A24013,5536.89
PM2_2860_3040,A24021,1823.16
PM2_2860_3040,A42001,90095.6
PM2_2860_3040,B42001,13022.72
PM2_3400_3340,A24013,718.78
PM2_3400_3340,A24021,375.82
PM2_4860_4670,A51061,46393.19
PM2_4860_4670,B51061,16474.16
PM2_4860_4670,A51107,14625.3
PM3_3040_3340,A24013,21636.36
PM3_3040_3340,A24021,18966.01
PM3_3040_3340,B24021,10470.06
PM3_3040_3340,A42001,21015.38
PM3_3040_3340,B42001,20348.26
PM3_3040_3340,A42055,1196.9
PM3_4660_4620,A51107,34800.58
PM3_4670_4660,A51061,33364.88
PM3_4670_4660,A51107,101455.46
PM4_3340_3341,A24021,52287.32
PM4_3340_3341,B24021,45917.84
PM4_3341_4040,A24021,35085.79
PM4_3341_4040,B24021,4258.81
PM4_4040_4410,A24021,73951.3
PM4_4040_4410,B24021,4327.5
PM4_4040_4410,A24031,20181.74
PM7_4150_4290,B24021,11626.33
PM7_4150_4290,A24043,9887.48
PM7_4150_4290,A51107,22009.75
PM7_4200_4410,A24021,13295.01
PM7_4200_4410,B24021,5733.39
PM7_4200_4410,A51107,7252.86
PM7_4290_4200,B24021,2551.35
PM7_4290_4200,A51107,1837.95
PM7_4410_4620,A24021,446.92
PM7_4410_4620,A24031,30230.97
PM7_4410_4620,A51107,20084.83
PM7_4580_4820,A24031,38685.37
PM7_4580_4820,A51059,55500.2
PM7_4580_4820,A51600,164.13
PM7_4620_4580,A24031,13070.11
PM7_4620_4580,A51059,15210.04
PM7_4620_4580,A51107,54203.46
PM7_4820_0001,A11001,1311.1
PM7_4820_0001,A24031,4776.11
PM7_4820_0001,A51059,875.54
PS0_6150_6160,A51660,6896.95
PS0_6150_6160,A51165,370.72
PS0_6160_6161,A51660,3796.21
PS0_6160_6161,A51165,17218.24
PS1_4790_4830,A51069,37853.53
PS1_4790_4830,B51171,27384.48
PS1_4830_5080,A51069,19092.65
PS1_4830_5080,A51171,9909.8
PS1_4830_5080,B51171,5318.49
PS1_4830_5080,A51187,1056.14
PS2_5550_5560,A51165,876.85
PS2_5550_5560,B51165,120884
PS2_5550_5560,B51171,1595.47
PS2_5550_5560,A54031,10676.47
PS2_5560_5100,A51660,606.16
PS2_5560_5100,A51165,120701.56
PS2_5560_5100,B51165,1855.16
PS2_5560_5100,A51171,56836.87
PS2_5560_5100,B51171,11068.99
PS2_6420_6360,A51015,6476.32
PS2_6420_6360,B51015,486.51
PS2_6420_6360,A51165,5955.42
PS2_6420_6360,C51165,1578.4
PS2_6490_6420,A51015,23058
PS2_6490_6420,B51015,15673.6
PS2_6490_6420,C51165,502.98
PS2_6490_6420,A51820,1512.15
PS2_6660_6490,A51015,1188.45
PS2_6660_6490,B51015,5799.53
PS2_6660_6490,A51820,6632.1
PS2_6730_6660,A51015,47455.31
PS2_6730_6660,B51015,32868.09
PS2_6730_6660,A51820,976.79
PS3_5100_5080,A51171,109571.86
PS3_5100_5080,B51171,58906.61
PS3_5100_5080,A51187,669.3
PS3_5990_6161,A51015,30187.32
PS3_5990_6161,C51015,55290.84
PS3_5990_6161,A51165,45737.84
PS3_5990_6161,B51165,75244.01
PS3_6161_6280,A51165,5763.76
PS3_6280_6230,A51015,19760.12
PS3_6280_6230,A51165,8444.91
PS3_6460_6230,A51015,178349.7
PS3_6460_6230,C51015,48248.35
PS3_6460_6230,A51790,12645.17
PS4_5080_4380,A51069,1160.68
PS4_5080_4380,A51139,6186.56
PS4_5080_4380,A51171,47446.68
PS4_5080_4380,A51187,11977.8
PS4_5840_5240,A51139,50310.47
PS4_5840_5240,B51139,29064.01
PS4_5840_5240,A51165,74536.62
PS4_5840_5240,C51165,36103.93
PS4_6230_6360,A51165,16327.11
PS4_6360_5840,A51165,6889.06
PS4_6360_5840,C51165,7121.99
PS5_4370_4150,A54037,14210.93
PS5_4380_4370,A51043,92152.83
PS5_4380_4370,A51069,18576.9
PS5_4380_4370,A51187,29776.95
PS5_4380_4370,B51187,18673.55
PS5_4380_4370,A54037,51825.81
PS5_5200_4380,A51187,13184.47
PS5_5200_4380,B51187,10812.22
PS5_5240_5200,A51139,64179.7
PS5_5240_5200,B51139,51221.73
PS5_5240_5200,A51187,24028.53
PS5_5240_5200,B51187,28194.73
PU0_3000_3090,A24043,4768.43
PU0_3000_3090,B42001,3360.8
PU0_3000_3090,A42055,51627.74
PU0_3601_3602,A24043,10735.18
PU0_3601_3602,B42055,854.8
PU0_3611_3530,A24043,9903.25
PU0_3611_3530,A42057,6193.26
PU0_3751_3752,A24043,13459.97
PU0_3871_3690,A24001,32027.23
PU0_3871_3690,C42009,7639.9
PU0_5620_5380,B54023,292.38
PU0_5620_5380,A54071,46193.72
PU0_5620_5380,B54071,9800.02
PU0_6080_5620,A51091,37158.35
PU0_6080_5620,B51091,726.34
PU0_6080_5620,A54071,36035.31
PU0_6080_5620,B54071,40952.35
PU1_3030_3440,A24043,1334.28
PU1_3030_3440,A42057,71551.48
PU1_3100_3690,A24001,10068.13
PU1_3100_3690,A24043,5277.8
PU1_3100_3690,C42009,41152.98
PU1_3100_3690,A42057,10277.21
PU1_3170_3580,A42009,34993.62
PU1_3580_3780,A24001,17948.79
PU1_3580_3780,B24001,1998.15
PU1_3580_3780,A42009,5523.01
PU1_3850_4190,B24001,442.09
PU1_3850_4190,A24023,30545.68
PU1_3940_3970,B24001,35824.26
PU1_3940_3970,A24023,11867.69
PU1_4190_4300,A24023,35932.09
PU1_4300_4440,A24023,7097.75
PU1_4760_4450,A54023,6159.81
PU1_4760_4450,A54057,129.81
PU1_4840_4760,A54023,31373.74
PU1_5380_5050,A54023,9463.04
PU1_5380_5050,B54023,2885.74
PU1_5380_5050,A54071,5396
PU1_5380_5050,B54071,11190.07
PU1_5520_5210,B54071,43397.34
PU1_5820_5380,A54071,3090.07
PU1_5820_5380,B54071,9596.06
PU2_2790_3290,B42001,14263.2
PU2_2790_3290,B42041,1500.05
PU2_2790_3290,A42055,154647.4
PU2_2790_3290,B42055,8784.89
PU2_2840_3080,A24043,1071.62
PU2_2840_3080,B42055,1867.19
PU2_2840_3080,A42057,98624.72
PU2_3080_3640,A24043,16363.83
PU2_3080_3640,B42055,18265.44
PU2_3090_4050,A24043,106980.22
PU2_3090_4050,A42055,12547
PU2_3140_3680,B24001,3414.37
PU2_3140_3680,A42009,10955.65
PU2_3140_3680,B42009,35434.09
PU2_3140_3680,A42111,71293.05
PU2_3180_3370,A24001,1423.7
PU2_3180_3370,A42009,19751.63
PU2_3180_3370,C42009,21331.39
PU2_3370_4020,A24001,42039.64
PU2_3370_4020,A42009,15910.93
PU2_3630_3590,A51069,12958.81
PU2_3630_3590,A54003,10598.22
PU2_3630_3590,A54065,69130.75
PU2_3770_3600,A51069,107360.19
PU2_3770_3600,A54003,66701.85
PU2_3770_3600,A54065,1308.79
PU2_3900_3750,A54003,41676
PU2_3900_3750,A54037,790.81
PU2_4050_4180,A24043,6918.59
PU2_4160_3930,A54057,1469.52
PU2_4160_3930,B54057,39263.74
PU2_4220_3900,A51043,16275.44
PU2_4220_3900,A51069,38193.85
PU2_4220_3900,A51840,5053.52
PU2_4220_3900,A54003,53103.41
PU2_4220_3900,A54037,27539.85
PU2_4340_3860,A54027,101059.91
PU2_4340_3860,A54031,30710.25
PU2_4360_4160,A54023,23978.25
PU2_4360_4160,B54023,38184.71
PU2_4360_4160,A54057,6823.92
PU2_4360_4160,B54057,70632.17
PU2_4720_4750,A24023,25704.63
PU2_4720_4750,A54023,19406.7
PU2_4720_4750,A54077,1030.68
PU2_4720_4750,A54093,560.5
PU2_4730_4220,A51043,5623.88
PU2_4730_4220,A51069,30798.05
PU2_4730_4220,A51840,919.61
PU2_4750_4450,A24023,1435.07
PU2_4750_4450,A54023,6225.84
PU2_5190_4310,A54031,22103.98
PU2_5190_4310,B54031,38525.71
PU2_5190_4310,A54071,52263.7
PU2_5700_5210,A51091,24064.69
PU2_5700_5210,B54071,85524.25
PU2_6050_5190,B51091,7095.57
PU2_6050_5190,A54071,64775.19
PU3_2510_3290,A24043,270.21
PU3_2510_3290,A42055,18056.45
PU3_2510_3290,B42055,108174.76
PU3_2510_3290,A42099,655.94
PU3_3290_3390,A24043,2115.83
PU3_3290_3390,A42055,12904.58
PU3_3390_3730,A24043,39835.64
PU3_3390_3730,A42055,1792.57
PU3_3390_3730,B42055,488.39
PU3_3680_3890,B24001,35331.78
PU3_3680_3890,A42111,5704.88
PU3_3860_3610,A54027,17329.75
PU3_3860_3610,A54065,21404.75
PU3_4280_3860,A54027,93429.44
PU3_4280_3860,A54031,171797.22
PU3_4450_4440,A24023,40168.51
PU3_4450_4440,A54023,16918.22
PU3_4450_4440,A54057,35196.13
PU3_5210_5050,A54023,29248.01
PU3_5210_5050,B54023,918.01
PU3_5210_5050,B54071,19858.33
PU4_3780_3930,A24001,11416.46
PU4_3780_3930,A54057,457.7
PU4_3780_3930,B54057,4450.84
PU4_3890_3990,A24001,1013.07
PU4_3890_3990,B24001,243.95
PU4_3890_3990,A54057,298.63
PU4_3970_3890,B24001,35583.27
PU4_3970_3890,A54023,9173.04
PU4_3970_3890,A54057,43546.84
PU4_3990_3780,A24001,1087.55
PU4_3990_3780,B54057,559.48
PU4_4210_4170,A54027,12392.48
PU4_4310_4210,A54027,102936.99
PU4_4310_4210,A54031,10572.76
PU4_4310_4210,B54031,61172.87
PU4_4440_3970,B24001,352.89
PU4_4440_3970,A54057,1743.29
PU4_5050_4310,A54023,28350.79
PU4_5050_4310,B54023,84702.94
PU4_5050_4310,B54031,28531.32
PU4_5050_4310,A54071,18747.25
PU5_3930_4170,A24001,23907.93
PU5_3930_4170,A54027,10112.02
PU5_3930_4170,B54057,6104.09
PU5_4170_4020,A24001,1271.15
PU5_4170_4020,A54027,1052.71
PU6_3440_3590,A24043,6461.7
PU6_3440_3590,A42057,1723.78
PU6_3440_3590,A54065,3397.69
PU6_3530_3440,A24043,995.89
PU6_3530_3440,A54065,9829.42
PU6_3590_3640,A24043,1340.4
PU6_3590_3640,A54065,762.25
PU6_3600_3602,A24043,8009.94
PU6_3600_3602,A54003,13735.76
PU6_3602_3730,A24043,4857.12
PU6_3602_3730,A54003,3554.07
PU6_3610_3530,A24043,5707.9
PU6_3610_3530,A54065,7883.36
PU6_3640_3600,A24043,5504.58
PU6_3640_3600,A54003,2160.5
PU6_3640_3600,A54065,6969.98
PU6_3690_3610,A24043,5989.66
PU6_3690_3610,A54065,7925.6
PU6_3730_3750,A24043,6617.99
PU6_3730_3750,A54003,8301.12
PU6_3750_3752,A24043,8553.64
PU6_3750_3752,A54003,5975.11
PU6_3750_3752,A54037,9605.85
PU6_3752_4080,A24043,5845.21
PU6_3752_4080,A54037,3815.87
PU6_3870_3690,A24001,11093.8
PU6_3870_3690,A54027,752.03
PU6_3870_3690,A54065,18100.31
PU6_4020_3870,A24001,8458
PU6_4020_3870,A54027,73451.74
PU6_4020_3870,A54065,278.38
PU6_4080_4180,A24043,2310.46
PU6_4080_4180,A54037,3943.22
PU6_4180_4150,A24043,8082.61
PU6_4180_4150,A54037,23579.64
RL0_6450_0000,A51103,10437.95
RL0_6450_0000,A51133,60676.41
RL0_6451_0000,A51103,29.57
RL0_6500_0000,A51057,4887.59
RL0_6500_0000,A51103,17516.4
RL0_6500_0000,A51119,31679.45
RL0_6500_0000,A51159,23729.98
RL0_6501_0000,A51057,7453.93
RL0_6501_0000,A51133,557.99
RL0_6501_0000,A51159,47138.07
RL0_6501_0000,A51193,2266.9
RL0_6530_0000,A51103,49842.55
RL0_6530_0000,A51133,125.04
RL0_6531_0000,A51103,7964.21
RL0_6531_0000,A51119,13966.12
RL0_6540_0001,A51057,17662.06
RL1_6180_0001,A51159,10114.13
RL1_6180_0001,A51193,18426.65
RL1_6322_0000,A51159,16671.91
RL1_6322_0000,A51193,1980.08
RL5_6070_0000,A51033,73620.01
RL5_6070_0000,A51057,21691.75
RL5_6070_0000,A51630,6407.88
RL5_6070_0000,A51099,43050.66
RL5_6070_0000,A51177,33386.86
RL5_6070_0000,A51179,27668.48
RL5_6070_0000,A51193,8231.84
RL5_6071_0000,A51057,36773.61
RL5_6071_0000,A51159,8735.1
RL5_6071_0000,A51193,9689.65
RL5_6072_0000,A51057,1584.15
RL5_6072_0000,A51159,3965.74
RL5_6320_0000,A51057,17337.4
RL5_6321_0000,A51057,39487.85
RL5_6321_0000,A51159,12448.88
RU2_5220_5640,A51047,12567.52
RU2_5220_5640,A51061,99106.15
RU2_5220_5640,B51061,12300.09
RU2_5220_5640,A51157,28583.14
RU2_5220_5640,B51157,11424.59
RU2_5500_5610,A51047,4214.53
RU2_5500_5610,A51157,56441.92
RU2_5500_5610,B51157,39605.65
RU2_5810_5610,A51047,25219.87
RU2_5810_5610,A51113,7371.08
RU2_5810_5610,B51113,13216.72
RU2_5810_5610,A51157,26650.43
RU2_5810_5610,B51157,7449.13
RU2_5940_6200,A51047,11674.93
RU2_5940_6200,A51113,75241.72
RU2_5940_6200,B51113,28037.08
RU2_6090_6220,A51079,12907.8
RU2_6090_6220,B51079,18789.15
RU2_6090_6220,A51113,13410.61
RU2_6090_6220,B51113,28192.86
RU2_6200_6170,A51047,213.85
RU2_6200_6170,A51113,9260.92
RU2_6220_6170,A51003,2914.38
RU2_6220_6170,A51079,9150.5
RU2_6220_6170,A51113,31227.6
RU2_6220_6170,A51137,40631.96
RU3_5610_5640,A51047,43342.93
RU3_5610_5640,A51157,635.81
RU3_6170_6040,A51047,6196.33
RU3_6170_6040,A51137,11177.17
RU4_5640_6030,A51047,80637.41
RU4_5640_6030,A51061,70791.53
RU4_5640_6030,A51179,12939.87
RU4_6040_6030,A51047,60588.53
RU4_6040_6030,A51137,70911.55
RU4_6040_6030,A51177,13558.23
RU5_6030_0001,A51630,368.4
RU5_6030_0001,A51177,13100.18
RU5_6030_0001,A51179,11384.61
SJ1_2280_2450,A42061,37188.13
SJ1_2280_2450,A42067,9236.95
SJ2_1900_1930,A42027,2509.52
SJ2_1900_1930,A42087,117650.41
SJ2_1900_1930,A42109,2280.9
SJ2_2110_2170,A42067,23951.4
SJ2_2110_2170,A42087,5318.72
SJ2_2150_2130,A42067,168.9
SJ2_2150_2130,A42099,46988.56
SJ2_2500_2450,A42061,8167.27
SJ2_2530_2820,A42009,16311.23
SJ2_2530_2820,B42009,87303.57
SJ2_2530_2820,A42013,5363.38
SJ2_2530_2820,A42021,644.3
SJ2_2570_2660,A42009,56456.84
SJ2_2570_2660,C42009,2821.21
SJ2_2570_2660,A42013,2175.49
SJ2_2580_2500,C42009,151.46
SJ2_2580_2500,A42057,66991.2
SJ2_2580_2500,A42061,63452.98
SJ2_2820_2740,A42009,15887.75
SJ2_2900_2740,A42009,33322.34
SJ2_2900_2740,B42009,52223.71
SJ2_2900_2740,A42111,17552.64
SJ3_1980_2060,A42027,38162.46
SJ3_1980_2060,A42061,39964.95
SJ3_2040_1980,A42013,110409.6
SJ3_2040_1980,A42021,4616.92
SJ3_2040_1980,A42027,6504.8
SJ3_2040_1980,B42027,8450.87
SJ3_2040_1980,A42061,11193.12
SJ3_2160_2170,B42055,15515.62
SJ3_2160_2170,A42061,24819.86
SJ3_2160_2170,A42067,82613.99
SJ3_2160_2170,A42099,13451.89
SJ3_2170_1970,A42067,7086.04
SJ3_2230_2060,A42009,1946.46
SJ3_2230_2060,A42013,46303.57
SJ3_2230_2060,A42061,19791.29
SJ3_2250_2230,A42009,5978.38
SJ3_2250_2230,B42009,6175.99
SJ3_2250_2230,A42013,171565.03
SJ3_2250_2230,A42021,1536.35
SJ3_2450_2120,A42061,21720.49
SJ4_2010_2210,A42027,4346.61
SJ4_2010_2210,A42061,107134.58
SJ4_2060_2010,A42061,50197.75
SJ4_2340_2210,A42061,2051.15
SJ4_2360_2340,A42009,5602.63
SJ4_2360_2340,C42009,7018.55
SJ4_2360_2340,A42057,2274.22
SJ4_2360_2340,A42061,118904.42
SJ4_2660_2360,A42009,2567.42
SJ4_2660_2360,C42009,13842.25
SJ4_2660_2360,A42061,926.43
SJ4_2740_2660,A42009,59669.01
SJ4_2740_2660,C42009,89921.92
SJ4_2740_2660,A42057,22650.03
SJ5_2120_1930,A42061,3602.76
SJ5_2120_1930,A42087,81142.93
SJ5_2210_2320,A42061,35798.78
SJ5_2210_2320,A42087,2861.67
SJ5_2320_2120,A42061,24680.91
SJ5_2320_2120,A42087,7196.15
SJ6_1930_1970,A42067,43511.21
SJ6_1930_1970,A42087,39015.5
SJ6_1930_1970,A42109,4068.09
SJ6_1970_2130,A42067,66838.48
SJ6_1970_2130,A42099,34374.95
SJ6_1970_2130,A42109,2534.07
SJ6_2130_2050,A42099,33555.2
SL0_2180_2220,A42075,46758.29
SL0_2220_2140,A42075,2796.93
SL0_2721_2720,A24025,25379.83
SL0_2721_2720,A42133,379.34
SL0_2831_2830,A24013,146.77
SL0_2831_2830,A42133,15085.79
SL1_1700_1780,A42097,52721.95
SL1_1730_1700,A42037,4069.11
SL1_1730_1700,A42097,30796.14
SL1_1790_1840,A42087,1907.16
SL1_1790_1840,A42109,109258.42
SL1_1790_1840,A42119,503.61
SL1_2000_2090,A42011,37686.25
SL1_2000_2090,A42075,25810.8
SL1_2190_2350,A42011,2978.54
SL1_2190_2350,A42071,70643.35
SL1_2190_2350,A42075,16095.64
SL1_2390_2420,A42071,36091.09
SL1_2670_2370,A42041,8902.99
SL1_2670_2370,B42041,9657.54
SL1_2670_2370,A42055,10749.87
SL1_2760_2730,A42133,13391.39
SL1_2770_2730,A42133,74763.75
SL1_2830_2760,A42133,31990.65
SL2_1670_1880,A42037,2923.55
SL2_1670_1880,A42097,52956.98
SL2_1670_1880,A42107,44667.16
SL2_1810_2030,A42043,18228.75
SL2_1810_2030,A42097,23586.64
SL2_1810_2030,A42107,63542.24
SL2_1850_1990,A42107,74217.81
SL2_1990_2070,A42075,17560.47
SL2_1990_2070,A42107,15418.02
SL2_2070_2090,A42011,524.13
SL2_2070_2090,A42075,15238.83
SL2_2200_2350,A42011,15694.43
SL2_2200_2350,A42029,1314.78
SL2_2200_2350,A42071,72788.77
SL2_2300_2520,A42071,75722.46
SL2_2300_2520,A42075,4951.04
SL2_2410_2700,A42029,4830.13
SL2_2410_2700,A42071,94264.47
SL2_2480_0001,A24015,22217.77
SL2_2480_0001,A42029,44914.29
SL2_2480_0001,A42071,67457.37
SL2_2540_2370,A42041,565.3
SL2_2540_2370,A42055,37014.19
SL2_2540_2370,B42055,30083.8
SL2_2540_2370,A42099,1084.15
SL2_2750_2720,A24025,1005.05
SL2_2750_2720,A42133,87590.8
SL2_2910_3060,A24005,7209.42
SL2_2910_3060,A24025,37017.86
SL2_2910_3060,A42133,16161.1
SL2_3060_0001,A24025,49023.79
SL3_1710_1740,A42027,136455.9
SL3_1710_1740,A42061,149.14
SL3_1710_1740,A42087,9490.51
SL3_1710_1740,A42109,2378.55
SL3_1710_1740,A42119,40836.9
SL3_1710_1740,B42119,6372.24
SL3_1740_1840,A42109,34521.17
SL3_1740_1840,B42119,10931.61
SL3_1840_1880,A42109,1458.57
SL3_1960_2080,A42043,65316.24
SL3_1960_2080,A42107,9129.85
SL3_2260_2050,A42043,190.58
SL3_2260_2050,A42099,44022.61
SL3_2290_2260,B42055,355.84
SL3_2290_2260,A42099,131948.75
SL3_2350_2470,A42071,25367.94
SL3_2400_2440,B42001,3822.29
SL3_2400_2440,A42041,37575.68
SL3_2400_2440,B42041,71741.54
SL3_2400_2440,A42133,24431.16
SL3_2420_2700,A42071,55872.84
SL3_2440_2380,A42041,797.96
SL3_2440_2380,A42133,2622
SL3_2460_2430,A24013,3333.66
SL3_2460_2430,A42001,133195.73
SL3_2460_2430,B42001,34647.61
SL3_2460_2430,B42041,1845.53
SL3_2460_2430,A42133,157032.16
SL3_2470_2420,A42071,7093.84
SL3_2550_2490,A42133,36185.12
SL3_2730_2550,A42133,6129.62
SL4_2090_2100,A42075,21224.12
SL4_2100_2140,A42075,12133.1
SL4_2140_2240,A42043,13332.41
SL4_2140_2240,B42043,15997.57
SL4_2140_2240,A42075,10304.92
SL4_2240_2310,A42043,2679.31
SL4_2240_2310,B42043,50774.31
SL4_2240_2310,A42075,4124.71
SL4_2330_2270,A42041,34908.51
SL4_2370_2330,A42041,179770.04
SL4_2370_2330,B42041,101.76
SL4_2370_2330,A42055,5124.32
SL4_2370_2330,B42055,4504.17
SL8_1760_1780,A42097,1207.08
SL8_1760_1780,A42109,5262.65
SL8_1760_1780,B42119,195.36
SL8_1780_1880,A42097,15447.85
SL8_1780_1880,A42109,515.38
SL8_1880_2030,A42043,196.62
SL8_1880_2030,A42067,17969.83
SL8_1880_2030,A42097,16320.79
SL8_1880_2030,A42099,453.18
SL8_1880_2030,A42109,50295.43
SL8_2030_2080,A42043,6843.69
SL8_2030_2080,A42067,492.62
SL8_2030_2080,A42099,15452.44
SL8_2080_2050,A42043,60797.93
SL8_2080_2050,A42099,13521.53
SL9_2050_2270,A42041,2526.6
SL9_2050_2270,A42043,62134.92
SL9_2050_2270,B42043,2576.85
SL9_2050_2270,A42075,8327.25
SL9_2050_2270,A42099,20110.55
SL9_2270_2380,A42041,2843.18
SL9_2270_2380,A42043,3864.07
SL9_2270_2380,B42043,23524.49
SL9_2310_2430,B42043,18717.57
SL9_2310_2430,A42071,7794.45
SL9_2310_2430,A42075,12454.07
SL9_2310_2430,A42133,14068.28
SL9_2380_2310,B42043,11682.17
SL9_2380_2310,A42133,3761.69
SL9_2430_2490,A42071,18703.59
SL9_2430_2490,A42133,5293.65
SL9_2490_2520,A42071,9047.24
SL9_2490_2520,A42133,3256.64
SL9_2520_2700,A42071,20997.84
SL9_2520_2700,A42133,52078.2
SL9_2700_2720,A42071,10514.76
SL9_2700_2720,A42133,21502.24
SL9_2720_0001,A24015,6259.54
SL9_2720_0001,A24025,8330.78
SL9_2720_0001,A42071,55298.28
SL9_2720_0001,A42133,9680.95
SL9_2970_0000,A24015,7152.37
SL9_2970_0000,A24025,6946.38
SL9_2971_0000,A24015,2538.26
SL9_2971_0000,A24025,1372.45
SU1_0050_0090,A36017,1148.79
SU1_0050_0090,A36053,27501.51
SU1_0050_0090,A36065,10938.47
SU1_0060_0190,A36043,200.99
SU1_0060_0190,A36077,59449.22
SU1_0080_0210,A36077,38284.19
SU1_0200_0270,A36017,39493.84
SU1_0330_0560,A36023,18784.58
SU1_0330_0560,A36107,44965.86
SU1_0330_0560,A36109,900.69
SU1_0380_0400,A36017,6039.11
SU1_0380_0400,A36025,19515.97
SU1_0390_0560,A36107,33551.1
SU1_0390_0560,A36109,15972.74
SU1_0410_0480,A36007,3127.47
SU1_0410_0480,A36017,13006.94
SU1_0660_0710,A42115,69224.66
SU1_0820_0740,A36101,4524.34
SU1_0820_0740,A42105,29126.08
SU1_0820_0740,A42117,23860.52
SU1_0840_0831,A42117,68766.3
SU1_0940_0900,A42015,2738.27
SU1_0940_0900,B42015,47211.25
SU1_0940_0900,A42081,383
SU1_0940_0900,A42113,2666.99
SU1_1480_1500,A42037,2059.3
SU1_1480_1500,A42079,36742.5
SU1_1480_1500,A42107,913.04
SU1_1630_1610,A42037,49791.95
SU1_1630_1610,A42093,1598.68
SU1_1630_1610,A42097,4815.61
SU2_0020_0140,A36043,16016.66
SU2_0020_0140,A36077,49382.78
SU2_0030_0140,A36043,9143.57
SU2_0030_0140,A36077,50650.96
SU2_0040_0180,A36077,58615.49
SU2_0070_0090,A36017,1668.56
SU2_0070_0090,A36053,72716
SU2_0100_0230,A36025,649.21
SU2_0100_0230,A36077,75833.64
SU2_0110_0240,A36017,51935.64
SU2_0110_0240,A36023,17463.16
SU2_0110_0240,A36053,24687.1
SU2_0120_0260,A36023,75533.72
SU2_0120_0260,A36053,21385.24
SU2_0120_0260,A36067,26878.18
SU2_0130_0250,A36077,69907.52
SU2_0150_0220,A36025,66149.39
SU2_0150_0220,A36077,20343.11
SU2_0150_0220,A36095,26193.29
SU2_0160_0260,A36023,57136.41
SU2_0160_0260,A36067,9325.56
SU2_0160_0260,A36109,126.67
SU2_0210_0300,A36077,45133.68
SU2_0280_0430,A36007,760.74
SU2_0280_0430,A36017,64251.82
SU2_0280_0430,A36023,2224.42
SU2_0290_0291,A36025,63568.83
SU2_0290_0291,A36077,183.22
SU2_0291_0320,A36025,2385.47
SU2_0320_0340,A36025,4178.33
SU2_0360_0460,A36017,26791.04
SU2_0440_0550,A36007,53849.48
SU2_0440_0550,A36107,19110.99
SU2_0450_0720,A36015,32771.29
SU2_0450_0720,A36097,23878.31
SU2_0450_0720,A36107,15529.41
SU2_0450_0720,A36109,17788.75
SU2_0450_0720,A42015,1463.13
SU2_0470_0590,A36015,801.49
SU2_0470_0590,A36107,70281.12
SU2_0470_0590,A36109,25299.45
SU2_0510_0570,A36003,52765.82
SU2_0510_0570,A36101,48033.7
SU2_0560_0590,A36107,5547.43
SU2_0570_0580,A36101,18532
SU2_0620_0580,A36003,254.52
SU2_0620_0580,A36101,60779.65
SU2_0640_0630,A36101,82117.11
SU2_0670_0810,A42115,17556.77
SU2_0670_0810,A42127,6728.3
SU2_0680_0610,A36015,28409.22
SU2_0680_0610,A36101,8416.97
SU2_0680_0610,A42015,34617.02
SU2_0680_0610,A42117,21511.97
SU2_0700_0860,A42015,49529.49
SU2_0700_0860,A42115,91336.07
SU2_0740_0741,A36101,47919.38
SU2_0740_0741,A42117,74982.92
SU2_0741_0690,A36101,1453.38
SU2_0741_0690,A42117,10045.47
SU2_0760_0960,A42115,61951.49
SU2_0760_0960,A42131,11684.74
SU2_0780_0710,A42069,7075.7
SU2_0780_0710,A42115,37594.62
SU2_0800_0850,A42015,121500.22
SU2_0800_0850,A42117,204.34
SU2_0830_0831,A42117,27986.34
SU2_0890_0900,A42015,65005.66
SU2_0890_0900,B42015,10261.65
SU2_0890_0900,A42081,337.24
SU2_0890_0900,A42117,5779.78
SU2_0900_0870,A42015,3764.74
SU2_0920_0830,A42015,7082.32
SU2_0920_0830,A42117,90176.25
SU2_0990_0950,B42015,5976.47
SU2_0990_0950,B42079,2197.41
SU2_0990_0950,A42113,12601.35
SU2_0990_0950,A42131,15911.74
SU2_0990_0950,B42131,42066.87
SU2_1020_0980,B42079,19996.4
SU2_1020_0980,A42131,31229.73
SU2_1020_0980,B42131,25512.59
SU2_1200_1310,A42037,10463.41
SU2_1200_1310,A42079,42810.19
SU2_1200_1310,B42079,18298.58
SU2_1200_1310,A42113,1472.27
SU2_1210_1310,A42037,41041.21
SU2_1210_1310,A42079,291.06
SU2_1210_1310,B42079,406.67
SU2_1210_1310,A42113,31690.29
SU2_1290_1500,A42079,60686.91
SU2_1550_1620,A42025,735.9
SU2_1550_1620,A42037,40605.47
SU2_1550_1620,A42079,7962.31
SU2_1550_1620,A42107,48509.35
SU3_0010_0190,A36017,23518.52
SU3_0010_0190,A36043,29095.13
SU3_0010_0190,A36053,34442.83
SU3_0010_0190,A36065,19965.11
SU3_0010_0190,A36077,24137.16
SU3_0090_0170,A36017,28803.74
SU3_0090_0170,A36053,23079.82
SU3_0140_0180,A36077,20210.09
SU3_0170_0270,A36017,46577.04
SU3_0180_0230,A36077,22458.19
SU3_0190_0300,A36017,39348.4
SU3_0190_0300,A36077,10155.17
SU3_0240_0350,A36007,10537.74
SU3_0240_0350,A36017,12887.96
SU3_0240_0350,A36023,47271.15
SU3_0370_0490,A36051,10100.05
SU3_0370_0490,A36069,716.39
SU3_0370_0490,A36097,25803.06
SU3_0370_0490,A36101,256805.62
SU3_0370_0490,A36123,6677.64
SU3_0490_0530,A36097,23072.72
SU3_0490_0530,A36101,64383.71
SU3_0590_0540,A36107,2797.96
SU3_0710_0910,A42069,50730.87
SU3_0710_0910,A42115,51166.51
SU3_0710_0910,A42131,34621.67
SU3_0770_0690,A36101,1227.16
SU3_0770_0690,A42117,8996.09
SU3_0790_0770,A42117,27086.36
SU3_0810_0970,A42069,32266.85
SU3_0810_0970,A42115,3799.6
SU3_0810_0970,A42127,9283.35
SU3_0831_0790,A42015,5614.31
SU3_0831_0790,A42117,55992.29
SU3_0870_0730,A42015,13543.12
SU3_0870_0730,B42015,25322.54
SU3_0870_0730,A42113,632.2
SU3_0910_1010,A42131,13610.65
SU3_0970_1120,A42069,139488.94
SU3_0970_1120,A42079,12012.36
SU3_0970_1120,A42127,1485.5
SU3_1280_1590,A42037,65920.47
SU3_1280_1590,B42081,5497.6
SU3_1280_1590,A42093,452.82
SU3_1280_1590,A42113,390.26
SU3_1310_1280,A42037,27805.88
SU3_1500_1420,A42037,1829.58
SU3_1500_1420,A42079,8903.25
SU4_0220_0250,A36025,1473.36
SU4_0220_0250,A36077,13563.12
SU4_0230_0220,A36077,5608.89
SU4_0250_0340,A36025,3360.38
SU4_0250_0340,A36077,47020.14
SU4_0260_0350,A36007,22150.92
SU4_0260_0350,A36023,76621.65
SU4_0260_0350,A36107,4059.1
SU4_0270_0430,A36017,133345.95
SU4_0300_0310,A36017,22916.27
SU4_0300_0310,A36077,13084.93
SU4_0350_0420,A36007,29503.37
SU4_0350_0420,A36017,320.48
SU4_0350_0420,A36023,564.67
SU4_0430_0420,A36007,3027.53
SU4_0430_0420,A36017,7472.33
SU4_0580_0630,A36101,73103.68
SU4_0630_0650,A36101,17151.58
SU4_0690_0650,A36101,36385.04
SU5_0310_0400,A36017,22744.44
SU5_0310_0400,A36025,1672.66
SU5_0340_0310,A36025,24378.07
SU5_0340_0310,A36077,6793.63
SU5_0400_0460,A36017,7528.13
SU5_0420_0500,A36007,64221.63
SU5_0420_0500,A36017,13034.28
SU5_0460_0480,A36007,8753.77
SU5_0460_0480,A36017,11114.82
SU5_0530_0610,A36015,107548
SU5_0530_0610,A36097,5090.34
SU5_0530_0610,A36101,52118.34
SU5_0600_0750,A36015,30057.05
SU5_0600_0750,A36107,1267.51
SU5_0600_0750,A42015,25384.08
SU5_0610_0600,A36015,40058.52
SU5_0610_0600,A42015,33541.76
SU5_0650_0530,A36101,11304.34
SU6_0480_0520,A36007,114685.33
SU6_0480_0520,A42115,156689.66
SU6_0480_0520,A42127,20936.48
SU6_0500_0550,A36007,52352.57
SU6_0500_0550,A42115,19524.87
SU6_0520_0500,A36007,34997.49
SU7_0540_0720,A36107,88363.68
SU7_0540_0720,A42015,44629.04
SU7_0540_0720,A42115,917.09
SU7_0550_0540,A36007,7973.9
SU7_0550_0540,A36107,48844.24
SU7_0550_0540,A42015,2321.52
SU7_0550_0540,A42115,10525.15
SU7_0720_0750,A42015,10772.99
SU7_0730_0860,A42015,118138.7
SU7_0730_0860,B42015,2630.18
SU7_0750_0850,A42015,33575.62
SU7_0850_0730,A42015,3521.55
SU7_0860_0960,A42015,48238.9
SU7_0860_0960,B42015,12354.34
SU7_0860_0960,A42115,12447.81
SU7_0860_0960,A42131,18334.87
SU7_0950_1010,A42131,14717.57
SU7_0950_1010,B42131,506.9
SU7_0960_0950,A42131,9436.91
SU7_0980_1120,A42069,22623.82
SU7_0980_1120,A42079,14982.22
SU7_0980_1120,B42079,653.49
SU7_0980_1120,A42131,38101.78
SU7_1010_0980,A42131,666.77
SU7_1120_1140,A42079,64269.49
SU7_1120_1140,B42079,2901.07
SU7_1140_1420,A42037,2924.99
SU7_1140_1420,A42079,187207.97
SU7_1140_1420,B42079,12294.09
SU7_1420_1590,A42037,42955.41
SU7_1420_1590,A42079,2767.31
SU8_1530_1760,A42037,1796.24
SU8_1530_1760,A42093,19984.68
SU8_1530_1760,A42097,29885.94
SU8_1590_1620,A42037,2697.94
SU8_1610_1530,A42037,917
SU8_1610_1530,A42093,11573.41
SU8_1610_1530,A42097,8999.28
SU8_1620_1610,A42037,3462.78
SW0_1520_1600,B42027,73672.7
SW0_1520_1600,A42035,23995.4
SW1_1160_1260,A42081,23475.08
SW1_1170_1270,A42023,20232.61
SW1_1170_1270,A42083,11683.28
SW1_1170_1270,A42105,14903.18
SW1_1180_1190,A42113,15014.01
SW1_1450_1510,A42037,5060.17
SW1_1450_1510,B42081,670.85
SW1_1450_1510,A42093,21956.59
SW1_1450_1510,A42097,5211.66
SW1_1510_1680,A42037,5430.35
SW1_1510_1680,A42093,24916.71
SW1_1510_1680,A42097,8508.05
SW1_1560_1460,A42027,5754.07
SW1_1560_1460,B42035,344.79
SW1_1560_1460,B42081,1009.34
SW1_1560_1460,A42119,20436.45
SW1_1560_1460,B42119,1326.84
SW1_1570_1640,A42027,3085.83
SW1_1570_1640,A42119,51080.25
SW1_1570_1640,B42119,31337.09
SW1_1830_1690,A42027,39507.99
SW1_1890_1830,A42027,16815.55
SW1_1910_1890,A42027,37100.36
SW2_0880_0930,A42105,59913.82
SW2_1000_1110,A42081,1084.69
SW2_1000_1110,A42117,82120.67
SW2_1030_1060,B42015,11065.08
SW2_1030_1060,A42113,41219.61
SW2_1050_0930,A42105,45857.94
SW2_1070_1060,A42113,81954
SW2_1070_1060,B42131,2662.16
SW2_1100_1130,A42035,1512.78
SW2_1100_1130,A42105,78934.56
SW2_1100_1130,A42117,8171.31
SW2_1190_1410,A42037,1750.22
SW2_1190_1410,A42081,1599.36
SW2_1190_1410,B42081,83427.17
SW2_1190_1410,A42093,652.46
SW2_1190_1410,A42113,27933.33
SW2_1240_1270,A42023,57066.41
SW2_1240_1270,A42047,34898.27
SW2_1240_1270,A42083,3885.83
SW2_1360_1430,A42023,40956.28
SW2_1360_1430,A42033,61217.28
SW2_1360_1430,A42047,132092.96
SW2_1770_1690,A42013,105.43
SW2_1770_1690,A42027,58581.68
SW2_1770_1690,B42027,17514.98
SW2_1950_1940,A42021,29846.59
SW2_1950_1940,A42033,37583.21
SW2_1950_1940,A42063,40279
SW2_1950_1940,A42065,867.69
SW2_2020_1940,A42021,47169.13
SW2_2020_1940,A42033,35519.35
SW3_0930_1110,A42105,26279.81
SW3_0930_1110,A42117,128876.57
SW3_1040_1220,A42081,78913.8
SW3_1040_1220,A42113,2365.01
SW3_1040_1220,A42117,29995.86
SW3_1060_1260,B42015,3203.07
SW3_1060_1260,A42081,41621.71
SW3_1060_1260,A42113,71560.62
SW3_1080_1350,A42081,89568.11
SW3_1080_1350,A42117,25909.3
SW3_1090_1091,A42023,8416.89
SW3_1090_1091,A42105,130266.29
SW3_1091_1380,A42023,13428.84
SW3_1091_1380,A42035,562.12
SW3_1091_1380,A42105,3476.55
SW3_1130_1390,A42023,388.69
SW3_1130_1390,A42035,38016.09
SW3_1130_1390,A42105,22262.05
SW3_1220_1320,A42081,34049.23
SW3_1220_1320,B42081,29261.99
SW3_1250_1340,A42081,43725.87
SW3_1250_1340,B42081,13021.09
SW3_1270_1370,A42023,45272.79
SW3_1270_1370,A42047,116.93
SW3_1270_1370,A42105,1784.79
SW3_1370_1430,A42023,13699.04
SW3_1380_1490,A42023,15030.87
SW3_1390_1330,A42035,8395.04
SW3_1580_1440,A42027,34746.85
SW3_1580_1440,A42035,1004.56
SW3_1580_1440,B42035,101902.17
SW3_1580_1440,B42081,234.83
SW3_1580_1440,A42119,503.24
SW3_1600_1580,A42027,1817.47
SW3_1600_1580,B42027,1788.88
SW3_1600_1580,A42035,4775.43
SW3_1600_1580,B42035,3667.61
SW3_1660_1580,A42027,19280.58
SW3_1660_1580,B42027,11090.77
SW3_1660_1580,B42035,259.17
SW3_1690_1660,A42027,46640.73
SW3_1750_1540,B42027,89381.03
SW3_1750_1540,A42033,42026.92
SW3_1800_1650,A42033,14554.23
SW3_1870_1800,A42013,713.13
SW3_1870_1800,A42021,103869.52
SW3_1870_1800,A42033,132099.96
SW3_1920_1750,A42013,762.33
SW3_1920_1750,B42027,21813.72
SW3_1920_1750,A42033,21506.26
SW4_1110_1150,A42081,15767.42
SW4_1110_1150,A42117,25254.52
SW4_1150_1350,A42081,83041.29
SW4_1150_1350,A42105,4373.82
SW4_1150_1350,A42117,12153.62
SW4_1260_1300,A42081,13061.4
SW4_1260_1300,B42081,27218.29
SW4_1430_1490,A42023,6806.76
SW4_1490_1400,A42023,27276.14
SW4_1490_1400,A42033,363.76
SW4_1490_1400,A42035,18222.83
SW4_1720_1650,A42033,85088.91
SW4_1860_1720,A42033,33749.67
SW4_1940_1860,A42033,10185.64
SW5_1350_1470,A42035,1097.71
SW5_1350_1470,B42035,3613.62
SW5_1350_1470,A42081,12029.6
SW5_1350_1470,B42081,10893.14
SW5_1540_1400,A42023,3388.93
SW5_1540_1400,B42027,36562.31
SW5_1540_1400,A42033,54785.58
SW5_1540_1400,A42035,33395.64
SW5_1540_1400,A42047,6353.04
SW5_1650_1540,A42033,140424.66
SW6_1230_1440,A42035,210648.57
SW6_1230_1440,B42035,7107.83
SW6_1230_1440,A42081,5063.07
SW6_1230_1440,A42105,17303.26
SW6_1330_1230,A42035,32859.61
SW6_1400_1330,A42023,2310.4
SW6_1400_1330,A42035,26852.02
SW6_1440_1470,A42035,8778.49
SW6_1440_1470,B42035,32434.99
SW6_1440_1470,A42081,939.43
SW7_1300_1410,B42081,27975.17
SW7_1320_1300,B42081,21227.74
SW7_1340_1320,B42081,44982.92
SW7_1410_1460,B42035,454.9
SW7_1410_1460,B42081,58257.65
SW7_1410_1460,A42097,16115
SW7_1410_1460,A42119,2970.97
SW7_1410_1460,B42119,8073.1
SW7_1460_1640,B42081,210.27
SW7_1460_1640,A42093,3428.34
SW7_1460_1640,A42097,29976.55
SW7_1460_1640,A42119,214.87
SW7_1460_1640,B42119,9026.22
SW7_1470_1340,B42035,14792.89
SW7_1470_1340,B42081,27535.81
SW7_1640_1680,A42097,3628.73
SW7_1640_1680,B42119,14293.28
SW7_1680_1760,A42097,5440.89
SW7_1680_1760,B42119,4860.56
TU0_9160_0000,A51520,7421.09
TU0_9160_0000,A51169,7987.22
TU0_9160_0000,A51191,46763.96
TU0_9300_0000,A51105,35115.54
TU1_8570_8680,A51167,20981.77
TU1_8570_8680,A51185,58532.6
TU1_9010_9290,A51167,28332.98
TU1_9010_9290,A51169,32220.06
TU1_9120_0000,A51105,27916.9
TU1_9120_0000,A51169,38125.26
TU1_9120_0000,B51169,4441.52
TU1_9120_0000,A51195,208.24
TU1_9120_0000,B51195,114.38
TU1_9220_9200,A47091,34519.53
TU1_9220_9200,B51191,1189.34
TU2_8790_9070,A51173,101373.37
TU2_8790_9070,A51191,27742.21
TU2_8790_9070,A51197,2957.18
TU2_8860_9000,A51720,2521.93
TU2_8860_9000,B51169,992.64
TU2_8860_9000,A51195,47032.46
TU2_8860_9000,B51195,13625.59
TU2_8950_9040,B51077,2227.82
TU2_8950_9040,A51173,29348.87
TU2_8950_9040,B51173,17423.27
TU2_8970_9280,A51167,28762.27
TU2_8970_9280,A51169,56478.78
TU2_9070_9090,A51191,22672.82
TU2_9100_9200,A47091,28484
TU2_9100_9200,B51077,1067.49
TU2_9100_9200,B51173,12630.61
TU2_9100_9200,B51191,20794.42
TU2_9200_9180,A47163,299.78
TU2_9200_9180,A51191,2736.45
TU2_9200_9180,B51191,1682.89
TU3_8480_8680,A51167,12322.63
TU3_8480_8680,B51167,14386.55
TU3_8480_8680,A51185,78377.84
TU3_8480_8680,B51185,38889.66
TU3_8650_8800,A51021,30563.99
TU3_8650_8800,A51173,78433.07
TU3_8650_8800,A51185,32625.19
TU3_8880_9230,A51105,23890.44
TU3_8880_9230,B51105,2563.15
TU3_8880_9230,A51720,2126.88
TU3_8880_9230,A51195,84534.38
TU3_8880_9230,B51195,14533.69
TU3_9040_9180,A51173,11122.66
TU3_9040_9180,B51173,2096.72
TU3_9040_9180,A51191,24561.64
TU3_9040_9180,B51191,3475.83
TU3_9060_9230,A51105,7955.53
TU3_9060_9230,B51105,49031.43
TU3_9180_9090,A47163,2712.58
TU3_9180_9090,A51191,8437.4
TU3_9180_9090,B51191,724.8
TU3_9230_9260,A51105,18295.15
TU4_8680_8810,A51167,96250.81
TU4_8680_8810,B51167,20715.85
TU4_8800_9290,A51167,7992.04
TU4_8800_9290,A51169,40415.47
TU4_8800_9290,A51173,15364.76
TU4_8800_9290,A51185,1138.8
TU4_8800_9290,A51191,161535.19
TU4_8810_9000,A51051,3164.81
TU4_8810_9000,A51167,39473.22
TU4_8810_9000,B51167,30198.6
TU4_8810_9000,A51195,16808.83
TU4_9090_0000,A51191,40918.55
TU4_9260_0000,A51105,113727.41
TU4_9260_0000,B51105,1417.78
TU4_9290_0000,A51169,20244.22
TU5_9000_9280,A51167,5653.86
TU5_9000_9280,A51169,78025.9
TU5_9000_9280,B51169,49358.4
TU5_9000_9280,B51195,5720.53
TU5_9280_0000,A51169,16605.8
WL0_4390_0000,A24003,10032.54
WL0_4391_0000,A24003,4185.35
WL0_4392_0000,A24003,7924.37
WL0_4393_0000,A24003,203.14
WL0_4394_0000,A24003,999.45
WL0_4420_0000,A24003,15425.75
WL0_4421_0000,A24003,6960.66
WL0_4422_0000,A24003,3595.24
WL0_4423_0000,A24003,10643.69
WL0_4424_0000,A24003,6035.02
WL0_4425_0000,A24003,1026.6
WL0_4600_0000,A24003,22089.45
WL0_4601_0000,A24003,3056.71
WL0_4602_0000,A24003,8721.73
WL0_4603_0000,A24003,11367.37
WL0_4770_0000,A24003,7588.81
WL0_4771_0000,A24003,7970.31
WL0_4772_0000,A24003,6600.32
WL0_4772_0000,A24009,14794.11
WL0_4920_0000,A24009,6204.21
WL0_4921_0000,A24009,7949.22
WL0_4922_0000,A24009,3652.57
WL0_4923_0000,A24009,2139.4
WL0_4924_0000,A24037,3190.11
WL0_4925_0000,A24009,2363.69
WL0_5880_0000,A24037,6995.36
WL0_5881_0000,A24037,1853.88
WM0_3650_0001,A24005,25708.56
WM0_3650_0001,A24510,11574.08
WM0_3740_0001,A24005,7623.87
WM0_3740_0001,A24510,11581.15
WM0_3741_0000,A24005,6039.68
WM0_3741_0000,A24510,185.81
WM0_3742_0000,A24005,7761.27
WM0_3743_0000,A24005,571.79
WM0_3744_0000,A24005,206.19
WM0_3745_0000,A24005,1063.85
WM0_3881_3880,A24005,17664.52
WM0_3881_3880,A24013,87135.72
WM0_3960_0000,A24510,9448.23
WM0_3961_0000,A24003,21527.08
WM0_3961_0000,A24510,2014.05
WM0_3962_0000,A24003,8770.8
WM0_3962_0000,A24510,547.45
WM0_3963_0000,A24003,5654.22
WM0_3964_0000,A24005,10195.83
WM0_3964_0000,A24510,1494.75
WM0_3965_0000,A24005,971.63
WM0_3966_0000,A24003,172.21
WM1_3660_3910,A24005,20835.16
WM1_3882_3880,A24013,38697.23
WM1_3882_3880,A24027,16211.6
WM1_3910_0001,A24005,6924.23
WM1_3910_0001,A24510,13839.4
WM3_3880_4060,A24005,16857.24
WM3_3880_4060,A24013,544.02
WM3_3880_4060,A24027,5225.21
WM3_4060_0001,A24003,15185.62
WM3_4060_0001,A24005,17602.57
WM3_4060_0001,A24510,1349.02
WM3_4060_0001,A24027,19109.4
WU0_3021_3020,A24005,25570.75
WU0_3021_3020,A24013,20985.82
WU0_3021_3020,A42133,4500.3
WU0_3160_0000,A24025,9302.59
WU0_3161_0000,A24025,15915.78
WU0_3162_0000,A24025,6663.25
WU0_3163_0000,A24025,3172.65
WU0_3164_0000,A24025,6042.3
WU0_3250_0001,A24025,14582.6
WU0_3251_0000,A24025,5523.01
WU0_3252_0000,A24025,4739.77
WU0_3253_0000,A24025,18217.3
WU0_3254_0000,A24025,2474.33
WU0_3255_0000,A24025,1448.91
WU0_3540_0000,A24005,4549.35
WU0_3540_0000,A24025,8011.42
WU0_3541_0000,A24005,1384.13
WU0_3542_0000,A24005,118
WU0_3670_0001,A24005,10246.73
WU0_3671_0000,A24005,6293.4
WU0_3820_0000,A24005,6035.5
WU0_3821_0000,A24005,649.21
WU1_3240_3331,A24025,22395.82
WU1_3330_0001,A24025,8468.44
WU1_3331_3330,A24025,6679.26
WU1_3350_3490,A24005,37784.37
WU1_3350_3490,A24013,554.61
WU1_3482_0001,A24005,17228.28
WU1_3482_0001,A24025,20108.41
WU1_3490_3480,A24005,16457.76
WU2_3020_3320,A24005,47503.33
WU2_3020_3320,A24025,840.47
WU2_3020_3320,A42133,2655.31
WU2_3320_3480,A24005,17874.99
WU3_3480_3481,A24005,19943.06
WU3_3481_0001,A24005,29240.05
XL0_4953_0000,A24037,7416
XL0_4954_0000,A24009,6318.6
XL0_4955_0000,A24037,5171.96
XL0_4956_0000,A24037,4670.35
XL0_5320_0001,A24009,5940.25
XL0_5340_0000,A24017,18101.87
XL0_5340_0000,A24033,5791.56
XL0_5340_0000,A24037,17364.31
XL0_5341_0000,A24009,3192.58
XL0_5342_0000,A24009,6520.85
XL0_5343_0000,A24009,3819.62
XL0_5344_0000,A24037,4070.8
XL0_5345_0000,A24009,4966.76
XL0_5346_0000,A24009,5398.13
XL0_5347_0000,A24037,8032.34
XL0_5348_0000,A24009,19018.51
XL0_5349_0000,A24037,1052.7
XL0_5350_0000,A24009,11429.67
XL1_4690_0001,A24033,59552.75
XL1_4691_0000,A24033,11873.86
XL3_4710_0000,A24003,12204.04
XL3_4710_0000,A24033,7342.62
XL3_4711_0000,A24003,9487.23
XL3_4711_0000,A24033,4421.32
XL3_4712_0000,A24003,4788.93
XL3_4712_0000,A24033,1907.79
XL3_4713_0000,A24003,12229.18
XL3_4713_0000,A24009,5737.69
XL3_4713_0000,A24033,17280.07
XL3_4950_0000,A24003,3223.46
XL3_4950_0000,A24009,18406.57
XL3_4950_0000,A24033,14447.04
XL3_4951_0000,A24009,7997.38
XL3_4951_0000,A24033,8973.63
XL3_4952_0000,A24009,2070.45
XL3_4952_0000,A24033,1892.46
XU0_4090_4270,A24027,25291.21
XU0_4091_4270,A24027,37075.76
XU0_4130_4070,A24027,11314.97
XU0_4130_4070,A24031,10803.95
XU2_4070_4330,A24027,25686.88
XU2_4070_4330,A24031,2721.8
XU2_4270_4650,A24003,28233.58
XU2_4270_4650,A24027,12695.33
XU2_4330_4480,A24027,7984.47
XU2_4330_4480,A24031,25728.48
XU2_4330_4480,A24033,563.89
XU2_4480_4650,A24003,7079.56
XU2_4480_4650,A24027,1677.54
XU2_4480_4650,A24033,22038.22
XU3_4650_0001,A24003,2889.25
XU3_4650_0001,A24033,3152.68
YL0_6581_0000,A51073,19485.04
YL0_6581_0000,A51115,3753.4
YL0_6581_0000,A51119,18962.71
YL0_6870_0000,A51115,12460.65
YL0_6871_0000,A51115,11405.44
YL0_6872_0000,A51073,9102.51
YL0_6872_0000,A51115,27169.07
YL0_6929_0000,A51199,230.94
YL0_6930_0000,A51073,32824.63
YL0_6930_0000,A51095,20940.01
YL0_6930_0000,A51097,21350.12
YL0_6930_0000,A51127,9100.21
YL0_6930_0000,A51830,1367.39
YL0_6930_0000,A51199,22976.97
YL0_6931_0000,A51199,15933.17
YL0_6932_0000,A51073,16044.08
YL0_7010_0000,A51073,39375.18
YL0_7230_0000,A51073,17736.01
YL0_7370_0000,A51650,22878.93
YL0_7370_0000,A51700,5307.33
YL0_7370_0000,A51735,9839.12
YL0_7370_0000,A51199,21673.39
YL0_7371_0000,A51650,1349.12
YL0_7372_0000,A51650,19.16
YL2_6580_0001,A51057,18507.48
YL2_6580_0001,A51073,5680.72
YL2_6580_0001,A51097,46217.84
YL2_6580_0001,A51119,19253.83
YM0_6621_0000,A51097,35803.31
YM0_6621_0000,A51101,12221.68
YM0_6622_0000,A51097,40962.11
YM0_6622_0000,A51101,19092.71
YM0_6623_0000,A51097,12605.34
YM0_6623_0000,A51101,5202.85
YM1_6370_6620,A51033,75091.71
YM1_6370_6620,A51097,12652.63
YM2_6120_6430,A51033,35145.1
YM2_6120_6430,A51137,3234.2
YM2_6120_6430,A51177,126275.21
YM3_6430_6620,A51033,118209.84
YM3_6430_6620,A51101,3367.03
YM3_6430_6620,A51177,8111.49
YM4_6620_0001,A51033,6363.72
YM4_6620_0001,A51097,32339.25
YM4_6620_0001,A51101,30420.75
YP0_6781_0000,A51101,24316.63
YP0_6781_0000,A51127,10171.22
YP0_6782_0000,A51101,9774.3
YP0_6782_0000,A51127,14981.8
YP0_6783_0000,A51097,651.25
YP0_6783_0000,A51101,1045.81
YP0_6783_0000,A51127,3653.82
YP0_6840_0001,A51085,3153.22
YP0_6860_6840,A51085,16207.79
YP1_6570_6680,A51085,31173.08
YP1_6570_6680,A51109,37102.97
YP1_6680_6670,A51085,7419.2
YP2_6390_6330,A51109,95358.78
YP2_6390_6330,A51137,85305.7
YP2_6390_6330,A51177,37984.98
YP3_6330_6700,A51033,22301.55
YP3_6330_6700,A51085,20109.25
YP3_6330_6700,A51109,3947.19
YP3_6330_6700,A51177,31432.7
YP3_6470_6690,A51003,6413.93
YP3_6470_6690,A51065,380.26
YP3_6470_6690,A51075,6766.45
YP3_6470_6690,A51085,57545.34
YP3_6470_6690,A51109,177729.14
YP3_6470_6690,A51137,3921.05
YP3_6670_6720,A51033,4853.5
YP3_6670_6720,A51085,1144.9
YP3_6690_6720,A51085,44921.19
YP3_6690_6720,A51109,855.14
YP3_6700_6670,A51033,259.18
YP3_6700_6670,A51085,2260.96
YP4_6720_6750,A51033,6161.69
YP4_6720_6750,A51085,18402.32
YP4_6720_6750,A51101,758.21
YP4_6750_0001,A51033,866.53
YP4_6750_0001,A51085,23289.57
YP4_6750_0001,A51101,20762.38
YP5_6780_0000,A51085,30137.97
YP5_6780_0000,A51101,49799.11
YP5_6780_0000,A51127,23300.09
********** point source only segs,,
WM0_3742_0000,A24027,0
WM0_3961_0000,A24027,0
PL0_5390_0000,A24031,0
PL7_4960_0000,A24031,0
WM0_3742_0000,A24510,0
SJ4_2010_2210,A42013,0
SL1_1730_1700,A42107,0
PL7_4910_0000,A51059,0
PL7_4960_0000,A51059,0
PL7_4980_0000,A51059,0
PS3_5100_5080,A51069,0
PL0_5493_0000,A51099,0
PL7_4960_0000,A51107,0
RL0_6530_0000,A51119,0
JA4_7340_7470,A51147,0
PL0_5491_0000,A51179,0
JB0_7580_0000,A51710,0
JB0_7580_0000,A51740,0
JB0_7580_0000,A51800,0
JB0_7390_0000,A51830,0
WM0_3961_0000,A24005,0
SW7_1410_1460,A42081,0
WM0_3742_0000,A24003,0
WM1_3910_0001,A24003,0
EU0_4872_0000,A24041,0
EL3_5970_0000,A51001,0
JB0_7397_0000,A51550,0
JB0_7397_0000,A51710,0
JB0_7580_0000,A51550,0
WM0_3964_0000,A24003,0
WM0_3964_0000,A24027,0
